{
  "cluster_0": -0.28591653684331964,
  "cluster_1": -0.17986410397413255,
  "cluster_3": -0.2717207179892026,
  "cluster_2": -0.28701217894228537
}