{
  "cluster_0": -0.26372877305359355,
  "cluster_3": -0.16955385916850751,
  "cluster_2": -0.17839284501282526,
  "cluster_1": -0.24353100986097198
}