{
  "cluster_2": -0.1722757687065556,
  "cluster_0": -0.1868999412335134,
  "cluster_3": -0.17651636031993245,
  "cluster_1": -0.21250400639044287
}