user_id,shift,role_group,cluster_id,assigned_at
AAB0398,Day,admin_staff,1,2026-06-05T07:40:54.261158+00:00
AAM0138,Day,admin_staff,1,2026-06-05T07:40:54.261158+00:00
ACM0100,Day,admin_staff,2,2026-06-05T07:40:54.261158+00:00
ACS0128,Day,admin_staff,3,2026-06-05T07:40:54.261158+00:00
ADB0350,Day,admin_staff,1,2026-06-05T07:40:54.261158+00:00
AGM0133,Day,admin_staff,3,2026-06-05T07:40:54.261158+00:00
AGS0063,Day,admin_staff,3,2026-06-05T07:40:54.261158+00:00
AHB0648,Day,admin_staff,2,2026-06-05T07:40:54.261158+00:00
AJV0176,Day,admin_staff,0,2026-06-05T07:40:54.261158+00:00
AKD0272,Day,admin_staff,2,2026-06-05T07:40:54.261158+00:00
ANK0777,Day,admin_staff,0,2026-06-05T07:40:54.261158+00:00
APM0190,Day,admin_staff,3,2026-06-05T07:40:54.261158+00:00
ARG0441,Day,admin_staff,3,2026-06-05T07:40:54.261158+00:00
ARM0771,Day,admin_staff,1,2026-06-05T07:40:54.261158+00:00
ASC0177,Day,admin_staff,2,2026-06-05T07:40:54.261158+00:00
AVT0526,Day,admin_staff,1,2026-06-05T07:40:54.261158+00:00
AWW0254,Day,admin_staff,1,2026-06-05T07:40:54.261158+00:00
BAW0780,Day,admin_staff,2,2026-06-05T07:40:54.261158+00:00
BCB0521,Day,admin_staff,2,2026-06-05T07:40:54.261158+00:00
BEH0103,Day,admin_staff,2,2026-06-05T07:40:54.261158+00:00
BJR0774,Day,admin_staff,1,2026-06-05T07:40:54.261158+00:00
BKA0175,Day,admin_staff,1,2026-06-05T07:40:54.261158+00:00
BMN0178,Day,admin_staff,2,2026-06-05T07:40:54.261158+00:00
BTV0644,Day,admin_staff,1,2026-06-05T07:40:54.261158+00:00
CCT0020,Day,admin_staff,0,2026-06-05T07:40:54.261158+00:00
CER0228,Day,admin_staff,2,2026-06-05T07:40:54.261158+00:00
CFL0156,Day,admin_staff,2,2026-06-05T07:40:54.261158+00:00
CHC0252,Day,admin_staff,2,2026-06-05T07:40:54.261158+00:00
CJW0376,Day,admin_staff,2,2026-06-05T07:40:54.261158+00:00
CMH0776,Day,admin_staff,1,2026-06-05T07:40:54.261158+00:00
CMT0267,Day,admin_staff,3,2026-06-05T07:40:54.261158+00:00
CSC0233,Day,admin_staff,0,2026-06-05T07:40:54.261158+00:00
DAR0388,Day,admin_staff,1,2026-06-05T07:40:54.261158+00:00
DDG0528,Day,admin_staff,2,2026-06-05T07:40:54.261158+00:00
DHG0533,Day,admin_staff,2,2026-06-05T07:40:54.261158+00:00
DHK0367,Day,admin_staff,1,2026-06-05T07:40:54.261158+00:00
DKR0027,Day,admin_staff,3,2026-06-05T07:40:54.261158+00:00
DSB0245,Day,admin_staff,2,2026-06-05T07:40:54.261158+00:00
EHD0024,Day,admin_staff,2,2026-06-05T07:40:54.261158+00:00
ELB0033,Day,admin_staff,2,2026-06-05T07:40:54.261158+00:00
EQT0195,Day,admin_staff,2,2026-06-05T07:40:54.261158+00:00
FAJ0523,Day,admin_staff,2,2026-06-05T07:40:54.261158+00:00
FSM0056,Day,admin_staff,2,2026-06-05T07:40:54.261158+00:00
FZM0318,Day,admin_staff,2,2026-06-05T07:40:54.261158+00:00
GAH0525,Day,admin_staff,2,2026-06-05T07:40:54.261158+00:00
GDH0108,Day,admin_staff,3,2026-06-05T07:40:54.261158+00:00
GJS0160,Day,admin_staff,2,2026-06-05T07:40:54.261158+00:00
GKN0168,Day,admin_staff,0,2026-06-05T07:40:54.261158+00:00
GLB0419,Day,admin_staff,1,2026-06-05T07:40:54.261158+00:00
GRP0277,Day,admin_staff,2,2026-06-05T07:40:54.261158+00:00
GSC0530,Day,admin_staff,2,2026-06-05T07:40:54.261158+00:00
HBS0255,Day,admin_staff,1,2026-06-05T07:40:54.261158+00:00
HHK0652,Day,admin_staff,1,2026-06-05T07:40:54.261158+00:00
HJA0779,Day,admin_staff,2,2026-06-05T07:40:54.261158+00:00
HMR0098,Day,admin_staff,1,2026-06-05T07:40:54.261158+00:00
HNC0074,Day,admin_staff,2,2026-06-05T07:40:54.261158+00:00
HWP0364,Day,admin_staff,3,2026-06-05T07:40:54.261158+00:00
IIG0772,Day,admin_staff,0,2026-06-05T07:40:54.261158+00:00
IIW0361,Day,admin_staff,1,2026-06-05T07:40:54.261158+00:00
ISB0256,Day,admin_staff,2,2026-06-05T07:40:54.261158+00:00
ISH0051,Day,admin_staff,2,2026-06-05T07:40:54.261158+00:00
ISR0021,Day,admin_staff,0,2026-06-05T07:40:54.261158+00:00
JBI0654,Day,admin_staff,0,2026-06-05T07:40:54.261158+00:00
JBP0651,Day,admin_staff,1,2026-06-05T07:40:54.261158+00:00
JKW0200,Day,admin_staff,1,2026-06-05T07:40:54.261158+00:00
JRA0522,Day,admin_staff,1,2026-06-05T07:40:54.261158+00:00
JRB0025,Day,admin_staff,2,2026-06-05T07:40:54.261158+00:00
JRR0769,Day,admin_staff,2,2026-06-05T07:40:54.261158+00:00
JUM0102,Day,admin_staff,1,2026-06-05T07:40:54.261158+00:00
JYB0262,Day,admin_staff,2,2026-06-05T07:40:54.261158+00:00
KDC0444,Day,admin_staff,2,2026-06-05T07:40:54.261158+00:00
KEM0113,Day,admin_staff,1,2026-06-05T07:40:54.261158+00:00
KJB0354,Day,admin_staff,2,2026-06-05T07:40:54.261158+00:00
KND0529,Day,admin_staff,2,2026-06-05T07:40:54.261158+00:00
KQW0164,Day,admin_staff,3,2026-06-05T07:40:54.261158+00:00
LAH0524,Day,admin_staff,0,2026-06-05T07:40:54.261158+00:00
LBG0407,Day,admin_staff,2,2026-06-05T07:40:54.261158+00:00
LED0656,Day,admin_staff,1,2026-06-05T07:40:54.261158+00:00
LGL0649,Day,admin_staff,1,2026-06-05T07:40:54.261158+00:00
LJR0253,Day,admin_staff,1,2026-06-05T07:40:54.261158+00:00
LLS0222,Day,admin_staff,0,2026-06-05T07:40:54.261158+00:00
LPW0767,Day,admin_staff,1,2026-06-05T07:40:54.261158+00:00
LRF0101,Day,admin_staff,1,2026-06-05T07:40:54.261158+00:00
LWH0180,Day,admin_staff,1,2026-06-05T07:40:54.261158+00:00
LXS0332,Day,admin_staff,2,2026-06-05T07:40:54.261158+00:00
MAH0438,Day,admin_staff,2,2026-06-05T07:40:54.261158+00:00
MAW0532,Day,admin_staff,2,2026-06-05T07:40:54.261158+00:00
MBH0527,Day,admin_staff,2,2026-06-05T07:40:54.261158+00:00
MDG0019,Day,admin_staff,0,2026-06-05T07:40:54.261158+00:00
MDG0657,Day,admin_staff,1,2026-06-05T07:40:54.261158+00:00
MEC0781,Day,admin_staff,2,2026-06-05T07:40:54.261158+00:00
MFW0646,Day,admin_staff,1,2026-06-05T07:40:54.261158+00:00
MKM0647,Day,admin_staff,2,2026-06-05T07:40:54.261158+00:00
MLW0296,Day,admin_staff,1,2026-06-05T07:40:54.261158+00:00
MMB0185,Day,admin_staff,1,2026-06-05T07:40:54.261158+00:00
MMS0241,Day,admin_staff,2,2026-06-05T07:40:54.261158+00:00
MNC0433,Day,admin_staff,1,2026-06-05T07:40:54.261158+00:00
MNP0290,Day,admin_staff,1,2026-06-05T07:40:54.261158+00:00
NBP0217,Day,admin_staff,2,2026-06-05T07:40:54.261158+00:00
NEB0371,Day,admin_staff,0,2026-06-05T07:40:54.261158+00:00
NSC0237,Day,admin_staff,2,2026-06-05T07:40:54.261158+00:00
ODB0151,Day,admin_staff,0,2026-06-05T07:40:54.261158+00:00
OXS0363,Day,admin_staff,0,2026-06-05T07:40:54.261158+00:00
PMF0768,Day,admin_staff,2,2026-06-05T07:40:54.261158+00:00
PTS0531,Day,admin_staff,1,2026-06-05T07:40:54.261158+00:00
RAP0653,Day,admin_staff,2,2026-06-05T07:40:54.261158+00:00
REB0123,Day,admin_staff,2,2026-06-05T07:40:54.261158+00:00
RJA0402,Day,admin_staff,2,2026-06-05T07:40:54.261158+00:00
RLH0358,Day,admin_staff,2,2026-06-05T07:40:54.261158+00:00
RPC0205,Day,admin_staff,0,2026-06-05T07:40:54.261158+00:00
RPW0026,Day,admin_staff,2,2026-06-05T07:40:54.261158+00:00
RVH0535,Day,admin_staff,2,2026-06-05T07:40:54.261158+00:00
SCJ0179,Day,admin_staff,2,2026-06-05T07:40:54.261158+00:00
SCL0022,Day,admin_staff,0,2026-06-05T07:40:54.261158+00:00
SCM0778,Day,admin_staff,0,2026-06-05T07:40:54.261158+00:00
SEN0534,Day,admin_staff,1,2026-06-05T07:40:54.261158+00:00
SGR0658,Day,admin_staff,1,2026-06-05T07:40:54.261158+00:00
SJS0323,Day,admin_staff,3,2026-06-05T07:40:54.261158+00:00
SOD0442,Day,admin_staff,2,2026-06-05T07:40:54.261158+00:00
SVM0770,Day,admin_staff,1,2026-06-05T07:40:54.261158+00:00
TCB0061,Day,admin_staff,2,2026-06-05T07:40:54.261158+00:00
TKP0210,Day,admin_staff,2,2026-06-05T07:40:54.261158+00:00
VSC0775,Day,admin_staff,2,2026-06-05T07:40:54.261158+00:00
VTL0314,Day,admin_staff,2,2026-06-05T07:40:54.261158+00:00
WKT0099,Day,admin_staff,2,2026-06-05T07:40:54.261158+00:00
WNR0091,Day,admin_staff,2,2026-06-05T07:40:54.261158+00:00
WWS0645,Day,admin_staff,1,2026-06-05T07:40:54.261158+00:00
XCJ0023,Day,admin_staff,0,2026-06-05T07:40:54.261158+00:00
XEJ0773,Day,admin_staff,1,2026-06-05T07:40:54.261158+00:00
YCL0650,Day,admin_staff,2,2026-06-05T07:40:54.261158+00:00
YSH0145,Day,admin_staff,1,2026-06-05T07:40:54.261158+00:00
AAC0610,Day,software_engineering,0,2026-06-05T07:40:54.261158+00:00
AAP1919,Day,software_engineering,0,2026-06-05T07:40:54.261158+00:00
AAP1942,Day,software_engineering,0,2026-06-05T07:40:54.261158+00:00
AAR0641,Day,software_engineering,3,2026-06-05T07:40:54.261158+00:00
ABB0167,Day,software_engineering,3,2026-06-05T07:40:54.261158+00:00
ABK0481,Day,software_engineering,1,2026-06-05T07:40:54.261158+00:00
ACC2773,Day,software_engineering,1,2026-06-05T07:40:54.261158+00:00
ACF1806,Day,software_engineering,0,2026-06-05T07:40:54.261158+00:00
ACS1921,Day,software_engineering,0,2026-06-05T07:40:54.261158+00:00
ACV1946,Day,software_engineering,0,2026-06-05T07:40:54.261158+00:00
ADM0158,Day,software_engineering,1,2026-06-05T07:40:54.261158+00:00
ADM0765,Day,software_engineering,3,2026-06-05T07:40:54.261158+00:00
ADM2762,Day,software_engineering,1,2026-06-05T07:40:54.261158+00:00
ADS0763,Day,software_engineering,3,2026-06-05T07:40:54.261158+00:00
ADV2467,Day,software_engineering,3,2026-06-05T07:40:54.261158+00:00
AEP1930,Day,software_engineering,0,2026-06-05T07:40:54.261158+00:00
AGF0742,Day,software_engineering,0,2026-06-05T07:40:54.261158+00:00
AGF1810,Day,software_engineering,3,2026-06-05T07:40:54.261158+00:00
AGS2462,Day,software_engineering,3,2026-06-05T07:40:54.261158+00:00
AHC0232,Day,software_engineering,3,2026-06-05T07:40:54.261158+00:00
AHH0495,Day,software_engineering,3,2026-06-05T07:40:54.261158+00:00
AHP0154,Day,software_engineering,1,2026-06-05T07:40:54.261158+00:00
AIF1202,Day,software_engineering,1,2026-06-05T07:40:54.261158+00:00
AJK0611,Day,software_engineering,1,2026-06-05T07:40:54.261158+00:00
AJM0243,Day,software_engineering,3,2026-06-05T07:40:54.261158+00:00
AJQ0809,Day,software_engineering,3,2026-06-05T07:40:54.261158+00:00
AJS0616,Day,software_engineering,1,2026-06-05T07:40:54.261158+00:00
AKB3530,Day,software_engineering,0,2026-06-05T07:40:54.261158+00:00
AKC1929,Day,software_engineering,1,2026-06-05T07:40:54.261158+00:00
AMM0734,Day,software_engineering,1,2026-06-05T07:40:54.261158+00:00
APB1122,Day,software_engineering,3,2026-06-05T07:40:54.261158+00:00
ARB2515,Day,software_engineering,1,2026-06-05T07:40:54.261158+00:00
ARM0076,Day,software_engineering,0,2026-06-05T07:40:54.261158+00:00
ARV0704,Day,software_engineering,0,2026-06-05T07:40:54.261158+00:00
ARW0818,Day,software_engineering,0,2026-06-05T07:40:54.261158+00:00
ASW1918,Day,software_engineering,0,2026-06-05T07:40:54.261158+00:00
ATP2680,Day,software_engineering,3,2026-06-05T07:40:54.261158+00:00
ATT1191,Day,software_engineering,1,2026-06-05T07:40:54.261158+00:00
AUI2464,Day,software_engineering,3,2026-06-05T07:40:54.261158+00:00
AWH2466,Day,software_engineering,3,2026-06-05T07:40:54.261158+00:00
AXL0479,Day,software_engineering,1,2026-06-05T07:40:54.261158+00:00
BAG2641,Day,software_engineering,0,2026-06-05T07:40:54.261158+00:00
BBA1230,Day,software_engineering,0,2026-06-05T07:40:54.261158+00:00
BCB2072,Day,software_engineering,3,2026-06-05T07:40:54.261158+00:00
BCC2536,Day,software_engineering,0,2026-06-05T07:40:54.261158+00:00
BDR0510,Day,software_engineering,0,2026-06-05T07:40:54.261158+00:00
BDW1459,Day,software_engineering,3,2026-06-05T07:40:54.261158+00:00
BGK0603,Day,software_engineering,1,2026-06-05T07:40:54.261158+00:00
BGM1226,Day,software_engineering,0,2026-06-05T07:40:54.261158+00:00
BJS0744,Day,software_engineering,1,2026-06-05T07:40:54.261158+00:00
BJV2631,Day,software_engineering,0,2026-06-05T07:40:54.261158+00:00
BLH3602,Day,software_engineering,1,2026-06-05T07:40:54.261158+00:00
BLN0230,Day,software_engineering,0,2026-06-05T07:40:54.261158+00:00
BNF1110,Day,software_engineering,3,2026-06-05T07:40:54.261158+00:00
BNH2692,Day,software_engineering,0,2026-06-05T07:40:54.261158+00:00
BNS3233,Day,software_engineering,0,2026-06-05T07:40:54.261158+00:00
BNS3594,Day,software_engineering,1,2026-06-05T07:40:54.261158+00:00
BRC1811,Day,software_engineering,3,2026-06-05T07:40:54.261158+00:00
BRG3113,Day,software_engineering,1,2026-06-05T07:40:54.261158+00:00
BVK1096,Day,software_engineering,1,2026-06-05T07:40:54.261158+00:00
BXR3536,Day,software_engineering,1,2026-06-05T07:40:54.261158+00:00
BXW1804,Day,software_engineering,0,2026-06-05T07:40:54.261158+00:00
BZB3532,Day,software_engineering,1,2026-06-05T07:40:54.261158+00:00
CAC0147,Day,software_engineering,1,2026-06-05T07:40:54.261158+00:00
CAF1331,Day,software_engineering,1,2026-06-05T07:40:54.261158+00:00
CAM2468,Day,software_engineering,3,2026-06-05T07:40:54.261158+00:00
CBM1814,Day,software_engineering,2,2026-06-05T07:40:54.261158+00:00
CCC0491,Day,software_engineering,3,2026-06-05T07:40:54.261158+00:00
CCF3529,Day,software_engineering,0,2026-06-05T07:40:54.261158+00:00
CDD0127,Day,software_engineering,3,2026-06-05T07:40:54.261158+00:00
CDL2145,Day,software_engineering,1,2026-06-05T07:40:54.261158+00:00
CGW0692,Day,software_engineering,0,2026-06-05T07:40:54.261158+00:00
CIR1367,Day,software_engineering,0,2026-06-05T07:40:54.261158+00:00
CJF1934,Day,software_engineering,0,2026-06-05T07:40:54.261158+00:00
CJM0273,Day,software_engineering,0,2026-06-05T07:40:54.261158+00:00
CJS1932,Day,software_engineering,1,2026-06-05T07:40:54.261158+00:00
CKL3556,Day,software_engineering,1,2026-06-05T07:40:54.261158+00:00
CLH0733,Day,software_engineering,3,2026-06-05T07:40:54.261158+00:00
CLM1874,Day,software_engineering,1,2026-06-05T07:40:54.261158+00:00
CMD0613,Day,software_engineering,1,2026-06-05T07:40:54.261158+00:00
CMM0764,Day,software_engineering,0,2026-06-05T07:40:54.261158+00:00
CMR1470,Day,software_engineering,0,2026-06-05T07:40:54.261158+00:00
CNT1188,Day,software_engineering,1,2026-06-05T07:40:54.261158+00:00
CPC0724,Day,software_engineering,0,2026-06-05T07:40:54.261158+00:00
CPR1800,Day,software_engineering,1,2026-06-05T07:40:54.261158+00:00
CRE2652,Day,software_engineering,1,2026-06-05T07:40:54.261158+00:00
CRP1186,Day,software_engineering,1,2026-06-05T07:40:54.261158+00:00
CSL2055,Day,software_engineering,0,2026-06-05T07:40:54.261158+00:00
CSP0483,Day,software_engineering,1,2026-06-05T07:40:54.261158+00:00
CSR0612,Day,software_engineering,1,2026-06-05T07:40:54.261158+00:00
CTH0626,Day,software_engineering,0,2026-06-05T07:40:54.261158+00:00
CTH0737,Day,software_engineering,0,2026-06-05T07:40:54.261158+00:00
CWC0490,Day,software_engineering,0,2026-06-05T07:40:54.261158+00:00
DAB0166,Day,software_engineering,3,2026-06-05T07:40:54.261158+00:00
DAB2580,Day,software_engineering,0,2026-06-05T07:40:54.261158+00:00
DAL1943,Day,software_engineering,1,2026-06-05T07:40:54.261158+00:00
DBR1798,Day,software_engineering,1,2026-06-05T07:40:54.261158+00:00
DEN0236,Day,software_engineering,1,2026-06-05T07:40:54.261158+00:00
DEY2638,Day,software_engineering,1,2026-06-05T07:40:54.261158+00:00
DFW1467,Day,software_engineering,1,2026-06-05T07:40:54.261158+00:00
DGS1079,Day,software_engineering,3,2026-06-05T07:40:54.261158+00:00
DHM1476,Day,software_engineering,1,2026-06-05T07:40:54.261158+00:00
DIA0731,Day,software_engineering,3,2026-06-05T07:40:54.261158+00:00
DJA0740,Day,software_engineering,0,2026-06-05T07:40:54.261158+00:00
DJF0760,Day,software_engineering,3,2026-06-05T07:40:54.261158+00:00
DLM0608,Day,software_engineering,1,2026-06-05T07:40:54.261158+00:00
DMD0486,Day,software_engineering,1,2026-06-05T07:40:54.261158+00:00
DMH1232,Day,software_engineering,0,2026-06-05T07:40:54.261158+00:00
DMR2518,Day,software_engineering,1,2026-06-05T07:40:54.261158+00:00
DOT1898,Day,software_engineering,1,2026-06-05T07:40:54.261158+00:00
DRB0202,Day,software_engineering,0,2026-06-05T07:40:54.261158+00:00
DRB0756,Day,software_engineering,3,2026-06-05T07:40:54.261158+00:00
DSB2463,Day,software_engineering,3,2026-06-05T07:40:54.261158+00:00
ECM3591,Day,software_engineering,1,2026-06-05T07:40:54.261158+00:00
EJM2690,Day,software_engineering,3,2026-06-05T07:40:54.261158+00:00
EMO0159,Day,software_engineering,1,2026-06-05T07:40:54.261158+00:00
EMO2120,Day,software_engineering,1,2026-06-05T07:40:54.261158+00:00
ERA0725,Day,software_engineering,3,2026-06-05T07:40:54.261158+00:00
ERD1235,Day,software_engineering,0,2026-06-05T07:40:54.261158+00:00
ERF2472,Day,software_engineering,0,2026-06-05T07:40:54.261158+00:00
ESB2629,Day,software_engineering,0,2026-06-05T07:40:54.261158+00:00
EZP3568,Day,software_engineering,0,2026-06-05T07:40:54.261158+00:00
FCE0695,Day,software_engineering,1,2026-06-05T07:40:54.261158+00:00
FDM1933,Day,software_engineering,1,2026-06-05T07:40:54.261158+00:00
FHM2067,Day,software_engineering,0,2026-06-05T07:40:54.261158+00:00
FMT2152,Day,software_engineering,1,2026-06-05T07:40:54.261158+00:00
FNR0635,Day,software_engineering,3,2026-06-05T07:40:54.261158+00:00
FYP1187,Day,software_engineering,0,2026-06-05T07:40:54.261158+00:00
GAC2529,Day,software_engineering,1,2026-06-05T07:40:54.261158+00:00
GBJ3604,Day,software_engineering,1,2026-06-05T07:40:54.261158+00:00
GCH0735,Day,software_engineering,1,2026-06-05T07:40:54.261158+00:00
GFJ2582,Day,software_engineering,0,2026-06-05T07:40:54.261158+00:00
GJG1087,Day,software_engineering,0,2026-06-05T07:40:54.261158+00:00
GMM0224,Day,software_engineering,0,2026-06-05T07:40:54.261158+00:00
GNE1365,Day,software_engineering,0,2026-06-05T07:40:54.261158+00:00
GOB3528,Day,software_engineering,0,2026-06-05T07:40:54.261158+00:00
GPB2691,Day,software_engineering,3,2026-06-05T07:40:54.261158+00:00
GRY1398,Day,software_engineering,0,2026-06-05T07:40:54.261158+00:00
GYM1926,Day,software_engineering,1,2026-06-05T07:40:54.261158+00:00
GYS2461,Day,software_engineering,3,2026-06-05T07:40:54.261158+00:00
HAR3571,Day,software_engineering,0,2026-06-05T07:40:54.261158+00:00
HBC0081,Day,software_engineering,0,2026-06-05T07:40:54.261158+00:00
HBD1371,Day,software_engineering,0,2026-06-05T07:40:54.261158+00:00
HDK0634,Day,software_engineering,0,2026-06-05T07:40:54.261158+00:00
HDT0242,Day,software_engineering,3,2026-06-05T07:40:54.261158+00:00
HHF1995,Day,software_engineering,3,2026-06-05T07:40:54.261158+00:00
HHW2471,Day,software_engineering,3,2026-06-05T07:40:54.261158+00:00
HIF0482,Day,software_engineering,1,2026-06-05T07:40:54.261158+00:00
HJW2646,Day,software_engineering,0,2026-06-05T07:40:54.261158+00:00
HKH0204,Day,software_engineering,0,2026-06-05T07:40:54.261158+00:00
HLO2756,Day,software_engineering,0,2026-06-05T07:40:54.261158+00:00
HMG0642,Day,software_engineering,3,2026-06-05T07:40:54.261158+00:00
HMM2768,Day,software_engineering,0,2026-06-05T07:40:54.261158+00:00
HMY0235,Day,software_engineering,0,2026-06-05T07:40:54.261158+00:00
HNB2571,Day,software_engineering,0,2026-06-05T07:40:54.261158+00:00
HSA2065,Day,software_engineering,0,2026-06-05T07:40:54.261158+00:00
HSK0639,Day,software_engineering,0,2026-06-05T07:40:54.261158+00:00
HUC1396,Day,software_engineering,3,2026-06-05T07:40:54.261158+00:00
HVR0633,Day,software_engineering,0,2026-06-05T07:40:54.261158+00:00
IEG2687,Day,software_engineering,0,2026-06-05T07:40:54.261158+00:00
IGB1902,Day,software_engineering,1,2026-06-05T07:40:54.261158+00:00
IIM1947,Day,software_engineering,0,2026-06-05T07:40:54.261158+00:00
IJC2459,Day,software_engineering,3,2026-06-05T07:40:54.261158+00:00
IKM1808,Day,software_engineering,0,2026-06-05T07:40:54.261158+00:00
IOR0152,Day,software_engineering,1,2026-06-05T07:40:54.261158+00:00
IPB1935,Day,software_engineering,1,2026-06-05T07:40:54.261158+00:00
ISR1364,Day,software_engineering,0,2026-06-05T07:40:54.261158+00:00
JAB2131,Day,software_engineering,1,2026-06-05T07:40:54.261158+00:00
JBW2054,Day,software_engineering,3,2026-06-05T07:40:54.261158+00:00
JCC0736,Day,software_engineering,1,2026-06-05T07:40:54.261158+00:00
JCM1803,Day,software_engineering,1,2026-06-05T07:40:54.261158+00:00
JCW1332,Day,software_engineering,1,2026-06-05T07:40:54.261158+00:00
JDB0738,Day,software_engineering,0,2026-06-05T07:40:54.261158+00:00
JDM0165,Day,software_engineering,3,2026-06-05T07:40:54.261158+00:00
JGH0493,Day,software_engineering,3,2026-06-05T07:40:54.261158+00:00
JHF0480,Day,software_engineering,1,2026-06-05T07:40:54.261158+00:00
JHH2770,Day,software_engineering,1,2026-06-05T07:40:54.261158+00:00
JHP1799,Day,software_engineering,0,2026-06-05T07:40:54.261158+00:00
JIG1936,Day,software_engineering,1,2026-06-05T07:40:54.261158+00:00
JIP3170,Day,software_engineering,1,2026-06-05T07:40:54.261158+00:00
JJH1389,Day,software_engineering,0,2026-06-05T07:40:54.261158+00:00
JJY3112,Day,software_engineering,1,2026-06-05T07:40:54.261158+00:00
JKD1115,Day,software_engineering,0,2026-06-05T07:40:54.261158+00:00
JMH0617,Day,software_engineering,1,2026-06-05T07:40:54.261158+00:00
JMV0602,Day,software_engineering,0,2026-06-05T07:40:54.261158+00:00
JOB1328,Day,software_engineering,1,2026-06-05T07:40:54.261158+00:00
JOR2627,Day,software_engineering,1,2026-06-05T07:40:54.261158+00:00
JRB1080,Day,software_engineering,0,2026-06-05T07:40:54.261158+00:00
JRB2741,Day,software_engineering,3,2026-06-05T07:40:54.261158+00:00
JSR1085,Day,software_engineering,3,2026-06-05T07:40:54.261158+00:00
JWM0484,Day,software_engineering,0,2026-06-05T07:40:54.261158+00:00
KAA2150,Day,software_engineering,1,2026-06-05T07:40:54.261158+00:00
KAH1820,Day,software_engineering,0,2026-06-05T07:40:54.261158+00:00
KAH2460,Day,software_engineering,3,2026-06-05T07:40:54.261158+00:00
KBG1117,Day,software_engineering,0,2026-06-05T07:40:54.261158+00:00
KBG2061,Day,software_engineering,0,2026-06-05T07:40:54.261158+00:00
KCM3235,Day,software_engineering,0,2026-06-05T07:40:54.261158+00:00
KCO1253,Day,software_engineering,1,2026-06-05T07:40:54.261158+00:00
KCS0605,Day,software_engineering,0,2026-06-05T07:40:54.261158+00:00
KDT1190,Day,software_engineering,0,2026-06-05T07:40:54.261158+00:00
KEC2465,Day,software_engineering,3,2026-06-05T07:40:54.261158+00:00
KFG2735,Day,software_engineering,3,2026-06-05T07:40:54.261158+00:00
KGN0619,Day,software_engineering,0,2026-06-05T07:40:54.261158+00:00
KHC2129,Day,software_engineering,1,2026-06-05T07:40:54.261158+00:00
KJP1326,Day,software_engineering,1,2026-06-05T07:40:54.261158+00:00
KJS0119,Day,software_engineering,0,2026-06-05T07:40:54.261158+00:00
KJS1940,Day,software_engineering,0,2026-06-05T07:40:54.261158+00:00
KKM0624,Day,software_engineering,0,2026-06-05T07:40:54.261158+00:00
KPB1123,Day,software_engineering,0,2026-06-05T07:40:54.261158+00:00
LAF1796,Day,software_engineering,1,2026-06-05T07:40:54.261158+00:00
LAN1329,Day,software_engineering,0,2026-06-05T07:40:54.261158+00:00
LBM0614,Day,software_engineering,1,2026-06-05T07:40:54.261158+00:00
LBM2142,Day,software_engineering,1,2026-06-05T07:40:54.261158+00:00
LCK1403,Day,software_engineering,0,2026-06-05T07:40:54.261158+00:00
LDW0620,Day,software_engineering,0,2026-06-05T07:40:54.261158+00:00
LDW1472,Day,software_engineering,1,2026-06-05T07:40:54.261158+00:00
LFF1887,Day,software_engineering,1,2026-06-05T07:40:54.261158+00:00
LFR0075,Day,software_engineering,0,2026-06-05T07:40:54.261158+00:00
LHH2148,Day,software_engineering,1,2026-06-05T07:40:54.261158+00:00
LKC1944,Day,software_engineering,0,2026-06-05T07:40:54.261158+00:00
LNM1879,Day,software_engineering,1,2026-06-05T07:40:54.261158+00:00
LRM1362,Day,software_engineering,0,2026-06-05T07:40:54.261158+00:00
LRM1922,Day,software_engineering,0,2026-06-05T07:40:54.261158+00:00
LTH1795,Day,software_engineering,1,2026-06-05T07:40:54.261158+00:00
LXE2139,Day,software_engineering,0,2026-06-05T07:40:54.261158+00:00
MBA1797,Day,software_engineering,0,2026-06-05T07:40:54.261158+00:00
MBH1370,Day,software_engineering,0,2026-06-05T07:40:54.261158+00:00
MBS1375,Day,software_engineering,0,2026-06-05T07:40:54.261158+00:00
MCY0601,Day,software_engineering,1,2026-06-05T07:40:54.261158+00:00
MDD1920,Day,software_engineering,1,2026-06-05T07:40:54.261158+00:00
MDF1222,Day,software_engineering,0,2026-06-05T07:40:54.261158+00:00
MDH1924,Day,software_engineering,1,2026-06-05T07:40:54.261158+00:00
MDO0606,Day,software_engineering,0,2026-06-05T07:40:54.261158+00:00
MDS0759,Day,software_engineering,0,2026-06-05T07:40:54.261158+00:00
MGG0080,Day,software_engineering,0,2026-06-05T07:40:54.261158+00:00
MHR0581,Day,software_engineering,0,2026-06-05T07:40:54.261158+00:00
MJC1471,Day,software_engineering,0,2026-06-05T07:40:54.261158+00:00
MJR0244,Day,software_engineering,3,2026-06-05T07:40:54.261158+00:00
MKC2767,Day,software_engineering,0,2026-06-05T07:40:54.261158+00:00
MKO0749,Day,software_engineering,1,2026-06-05T07:40:54.261158+00:00
MKR2138,Day,software_engineering,1,2026-06-05T07:40:54.261158+00:00
MKW0157,Day,software_engineering,1,2026-06-05T07:40:54.261158+00:00
MMC1084,Day,software_engineering,0,2026-06-05T07:40:54.261158+00:00
MMJ0070,Day,software_engineering,0,2026-06-05T07:40:54.261158+00:00
MMW1927,Day,software_engineering,0,2026-06-05T07:40:54.261158+00:00
MNS1394,Day,software_engineering,3,2026-06-05T07:40:54.261158+00:00
MNV0618,Day,software_engineering,0,2026-06-05T07:40:54.261158+00:00
MOS0496,Day,software_engineering,3,2026-06-05T07:40:54.261158+00:00
MPH0153,Day,software_engineering,1,2026-06-05T07:40:54.261158+00:00
MPY0478,Day,software_engineering,1,2026-06-05T07:40:54.261158+00:00
MRL2636,Day,software_engineering,0,2026-06-05T07:40:54.261158+00:00
MVA2547,Day,software_engineering,3,2026-06-05T07:40:54.261158+00:00
NBC0607,Day,software_engineering,1,2026-06-05T07:40:54.261158+00:00
NBD2469,Day,software_engineering,3,2026-06-05T07:40:54.261158+00:00
NBR1873,Day,software_engineering,1,2026-06-05T07:40:54.261158+00:00
NCV0758,Day,software_engineering,3,2026-06-05T07:40:54.261158+00:00
NDB0517,Day,software_engineering,0,2026-06-05T07:40:54.261158+00:00
NHM1805,Day,software_engineering,0,2026-06-05T07:40:54.261158+00:00
NHV2004,Day,software_engineering,3,2026-06-05T07:40:54.261158+00:00
NJS2473,Day,software_engineering,3,2026-06-05T07:40:54.261158+00:00
NJS2657,Day,software_engineering,1,2026-06-05T07:40:54.261158+00:00
NLP0155,Day,software_engineering,1,2026-06-05T07:40:54.261158+00:00
NNP0229,Day,software_engineering,0,2026-06-05T07:40:54.261158+00:00
NRT1320,Day,software_engineering,0,2026-06-05T07:40:54.261158+00:00
NSC1939,Day,software_engineering,0,2026-06-05T07:40:54.261158+00:00
NTC2663,Day,software_engineering,0,2026-06-05T07:40:54.261158+00:00
NTF1342,Day,software_engineering,0,2026-06-05T07:40:54.261158+00:00
OAG1468,Day,software_engineering,1,2026-06-05T07:40:54.261158+00:00
OHC1892,Day,software_engineering,0,2026-06-05T07:40:54.261158+00:00
OHF0078,Day,software_engineering,1,2026-06-05T07:40:54.261158+00:00
OJM1324,Day,software_engineering,1,2026-06-05T07:40:54.261158+00:00
OJT3599,Day,software_engineering,0,2026-06-05T07:40:54.261158+00:00
OSC1925,Day,software_engineering,0,2026-06-05T07:40:54.261158+00:00
OTD1228,Day,software_engineering,0,2026-06-05T07:40:54.261158+00:00
OUH0741,Day,software_engineering,1,2026-06-05T07:40:54.261158+00:00
PAF1373,Day,software_engineering,0,2026-06-05T07:40:54.261158+00:00
PCC0604,Day,software_engineering,1,2026-06-05T07:40:54.261158+00:00
PCM0609,Day,software_engineering,0,2026-06-05T07:40:54.261158+00:00
PHO1937,Day,software_engineering,0,2026-06-05T07:40:54.261158+00:00
PJC1252,Day,software_engineering,0,2026-06-05T07:40:54.261158+00:00
PLH1807,Day,software_engineering,1,2026-06-05T07:40:54.261158+00:00
PMG1376,Day,software_engineering,1,2026-06-05T07:40:54.261158+00:00
POS0615,Day,software_engineering,1,2026-06-05T07:40:54.261158+00:00
PSG1938,Day,software_engineering,1,2026-06-05T07:40:54.261158+00:00
PSS2051,Day,software_engineering,3,2026-06-05T07:40:54.261158+00:00
QNG2121,Day,software_engineering,1,2026-06-05T07:40:54.261158+00:00
QRJ0691,Day,software_engineering,1,2026-06-05T07:40:54.261158+00:00
QSG2525,Day,software_engineering,0,2026-06-05T07:40:54.261158+00:00
QYG1180,Day,software_engineering,0,2026-06-05T07:40:54.261158+00:00
RAA1455,Day,software_engineering,3,2026-06-05T07:40:54.261158+00:00
RAI1483,Day,software_engineering,1,2026-06-05T07:40:54.261158+00:00
RCM1372,Day,software_engineering,3,2026-06-05T07:40:54.261158+00:00
RCS2064,Day,software_engineering,0,2026-06-05T07:40:54.261158+00:00
RDB0702,Day,software_engineering,1,2026-06-05T07:40:54.261158+00:00
RIJ2470,Day,software_engineering,3,2026-06-05T07:40:54.261158+00:00
RKH1801,Day,software_engineering,1,2026-06-05T07:40:54.261158+00:00
RLB1334,Day,software_engineering,0,2026-06-05T07:40:54.261158+00:00
RLS0761,Day,software_engineering,3,2026-06-05T07:40:54.261158+00:00
RRA0643,Day,software_engineering,3,2026-06-05T07:40:54.261158+00:00
RRH0638,Day,software_engineering,0,2026-06-05T07:40:54.261158+00:00
RTA1201,Day,software_engineering,1,2026-06-05T07:40:54.261158+00:00
RTD0762,Day,software_engineering,3,2026-06-05T07:40:54.261158+00:00
SAB0817,Day,software_engineering,0,2026-06-05T07:40:54.261158+00:00
SAP1888,Day,software_engineering,1,2026-06-05T07:40:54.261158+00:00
SAR2066,Day,software_engineering,3,2026-06-05T07:40:54.261158+00:00
SBO3115,Day,software_engineering,1,2026-06-05T07:40:54.261158+00:00
SCC2526,Day,software_engineering,1,2026-06-05T07:40:54.261158+00:00
SCH3567,Day,software_engineering,1,2026-06-05T07:40:54.261158+00:00
SCL2577,Day,software_engineering,3,2026-06-05T07:40:54.261158+00:00
SER0621,Day,software_engineering,1,2026-06-05T07:40:54.261158+00:00
SGK1941,Day,software_engineering,0,2026-06-05T07:40:54.261158+00:00
SJG1194,Day,software_engineering,1,2026-06-05T07:40:54.261158+00:00
SKA0757,Day,software_engineering,3,2026-06-05T07:40:54.261158+00:00
SKB2635,Day,software_engineering,1,2026-06-05T07:40:54.261158+00:00
SKL0739,Day,software_engineering,1,2026-06-05T07:40:54.261158+00:00
SLB2519,Day,software_engineering,1,2026-06-05T07:40:54.261158+00:00
SLM1119,Day,software_engineering,0,2026-06-05T07:40:54.261158+00:00
SMG1794,Day,software_engineering,1,2026-06-05T07:40:54.261158+00:00
SML1923,Day,software_engineering,0,2026-06-05T07:40:54.261158+00:00
SOH3595,Day,software_engineering,1,2026-06-05T07:40:54.261158+00:00
SRL3525,Day,software_engineering,1,2026-06-05T07:40:54.261158+00:00
SRM1112,Day,software_engineering,0,2026-06-05T07:40:54.261158+00:00
SRM3245,Day,software_engineering,0,2026-06-05T07:40:54.261158+00:00
SSA1793,Day,software_engineering,0,2026-06-05T07:40:54.261158+00:00
SVM0077,Day,software_engineering,1,2026-06-05T07:40:54.261158+00:00
TAB1870,Day,software_engineering,0,2026-06-05T07:40:54.261158+00:00
TAF0640,Day,software_engineering,0,2026-06-05T07:40:54.261158+00:00
TAN2642,Day,software_engineering,1,2026-06-05T07:40:54.261158+00:00
TAP1086,Day,software_engineering,0,2026-06-05T07:40:54.261158+00:00
TBL2581,Day,software_engineering,0,2026-06-05T07:40:54.261158+00:00
TCG1262,Day,software_engineering,1,2026-06-05T07:40:54.261158+00:00
TGP1343,Day,software_engineering,1,2026-06-05T07:40:54.261158+00:00
TIJ1817,Day,software_engineering,0,2026-06-05T07:40:54.261158+00:00
TJE1945,Day,software_engineering,1,2026-06-05T07:40:54.261158+00:00
TJL2113,Day,software_engineering,1,2026-06-05T07:40:54.261158+00:00
TJL3603,Day,software_engineering,1,2026-06-05T07:40:54.261158+00:00
TKC0514,Day,software_engineering,0,2026-06-05T07:40:54.261158+00:00
TLP1231,Day,software_engineering,3,2026-06-05T07:40:54.261158+00:00
TMB1474,Day,software_engineering,0,2026-06-05T07:40:54.261158+00:00
TPM0234,Day,software_engineering,1,2026-06-05T07:40:54.261158+00:00
TRH1083,Day,software_engineering,3,2026-06-05T07:40:54.261158+00:00
TVS0520,Day,software_engineering,0,2026-06-05T07:40:54.261158+00:00
TZM0239,Day,software_engineering,1,2026-06-05T07:40:54.261158+00:00
UDW0487,Day,software_engineering,1,2026-06-05T07:40:54.261158+00:00
UKC1192,Day,software_engineering,0,2026-06-05T07:40:54.261158+00:00
VAR3559,Day,software_engineering,1,2026-06-05T07:40:54.261158+00:00
VBP1871,Day,software_engineering,1,2026-06-05T07:40:54.261158+00:00
VCS1196,Day,software_engineering,1,2026-06-05T07:40:54.261158+00:00
VCV2521,Day,software_engineering,0,2026-06-05T07:40:54.261158+00:00
VDH0766,Day,software_engineering,3,2026-06-05T07:40:54.261158+00:00
VHH0485,Day,software_engineering,1,2026-06-05T07:40:54.261158+00:00
VIB2070,Day,software_engineering,3,2026-06-05T07:40:54.261158+00:00
VJB1928,Day,software_engineering,1,2026-06-05T07:40:54.261158+00:00
VJK1327,Day,software_engineering,1,2026-06-05T07:40:54.261158+00:00
VJM1336,Day,software_engineering,1,2026-06-05T07:40:54.261158+00:00
VKA1118,Day,software_engineering,0,2026-06-05T07:40:54.261158+00:00
VMN0743,Day,software_engineering,0,2026-06-05T07:40:54.261158+00:00
VPS3185,Day,software_engineering,0,2026-06-05T07:40:54.261158+00:00
VRJ0636,Day,software_engineering,0,2026-06-05T07:40:54.261158+00:00
VTD1184,Day,software_engineering,1,2026-06-05T07:40:54.261158+00:00
VYP0637,Day,software_engineering,3,2026-06-05T07:40:54.261158+00:00
WAA1816,Day,software_engineering,3,2026-06-05T07:40:54.261158+00:00
WAA2573,Day,software_engineering,3,2026-06-05T07:40:54.261158+00:00
WBC1203,Day,software_engineering,0,2026-06-05T07:40:54.261158+00:00
WCR2136,Day,software_engineering,1,2026-06-05T07:40:54.261158+00:00
WMR2625,Day,software_engineering,1,2026-06-05T07:40:54.261158+00:00
WMR2685,Day,software_engineering,3,2026-06-05T07:40:54.261158+00:00
WNO1466,Day,software_engineering,0,2026-06-05T07:40:54.261158+00:00
WRM0515,Day,software_engineering,0,2026-06-05T07:40:54.261158+00:00
XUC1092,Day,software_engineering,3,2026-06-05T07:40:54.261158+00:00
YIP1802,Day,software_engineering,1,2026-06-05T07:40:54.261158+00:00
YJP2689,Day,software_engineering,3,2026-06-05T07:40:54.261158+00:00
ZAN1931,Day,software_engineering,1,2026-06-05T07:40:54.261158+00:00
ZRM0694,Day,software_engineering,0,2026-06-05T07:40:54.261158+00:00
AAC0668,Day,engineering,1,2026-06-05T07:40:54.261158+00:00
AAF0819,Day,engineering,2,2026-06-05T07:40:54.261158+00:00
AAG1447,Day,engineering,3,2026-06-05T07:40:54.261158+00:00
ABC3523,Day,engineering,1,2026-06-05T07:40:54.261158+00:00
ABG3605,Day,engineering,1,2026-06-05T07:40:54.261158+00:00
ABK3081,Day,engineering,0,2026-06-05T07:40:54.261158+00:00
ABM3203,Day,engineering,1,2026-06-05T07:40:54.261158+00:00
ABO1173,Day,engineering,3,2026-06-05T07:40:54.261158+00:00
ABS0677,Day,engineering,2,2026-06-05T07:40:54.261158+00:00
ACH2102,Day,engineering,2,2026-06-05T07:40:54.261158+00:00
ACP2122,Day,engineering,2,2026-06-05T07:40:54.261158+00:00
ACR0748,Day,engineering,1,2026-06-05T07:40:54.261158+00:00
ADB1105,Day,engineering,2,2026-06-05T07:40:54.261158+00:00
ADC1469,Day,engineering,1,2026-06-05T07:40:54.261158+00:00
ADG1430,Day,engineering,3,2026-06-05T07:40:54.261158+00:00
ADM1894,Day,engineering,0,2026-06-05T07:40:54.261158+00:00
AEB1458,Day,engineering,3,2026-06-05T07:40:54.261158+00:00
AEB3249,Day,engineering,3,2026-06-05T07:40:54.261158+00:00
AEB3574,Day,engineering,2,2026-06-05T07:40:54.261158+00:00
AED1421,Day,engineering,2,2026-06-05T07:40:54.261158+00:00
AEH0187,Day,engineering,2,2026-06-05T07:40:54.261158+00:00
AEH2020,Day,engineering,3,2026-06-05T07:40:54.261158+00:00
AEK3566,Day,engineering,2,2026-06-05T07:40:54.261158+00:00
AEM0554,Day,engineering,0,2026-06-05T07:40:54.261158+00:00
AFB3228,Day,engineering,3,2026-06-05T07:40:54.261158+00:00
AFP2709,Day,engineering,2,2026-06-05T07:40:54.261158+00:00
AGL1301,Day,engineering,2,2026-06-05T07:40:54.261158+00:00
AHC1994,Day,engineering,3,2026-06-05T07:40:54.261158+00:00
AIB0553,Day,engineering,3,2026-06-05T07:40:54.261158+00:00
AIL2511,Day,engineering,1,2026-06-05T07:40:54.261158+00:00
AIT1264,Day,engineering,1,2026-06-05T07:40:54.261158+00:00
AJB1380,Day,engineering,0,2026-06-05T07:40:54.261158+00:00
AJG0240,Day,engineering,2,2026-06-05T07:40:54.261158+00:00
AJH2110,Day,engineering,2,2026-06-05T07:40:54.261158+00:00
AJN1275,Day,engineering,2,2026-06-05T07:40:54.261158+00:00
AJP1199,Day,engineering,0,2026-06-05T07:40:54.261158+00:00
AKG2702,Day,engineering,0,2026-06-05T07:40:54.261158+00:00
AKK2125,Day,engineering,0,2026-06-05T07:40:54.261158+00:00
AKL1305,Day,engineering,0,2026-06-05T07:40:54.261158+00:00
AKP3573,Day,engineering,1,2026-06-05T07:40:54.261158+00:00
ALH1872,Day,engineering,1,2026-06-05T07:40:54.261158+00:00
ALL0289,Day,engineering,2,2026-06-05T07:40:54.261158+00:00
AMB3100,Day,engineering,0,2026-06-05T07:40:54.261158+00:00
AMB3208,Day,engineering,1,2026-06-05T07:40:54.261158+00:00
AMH1481,Day,engineering,1,2026-06-05T07:40:54.261158+00:00
AMH3562,Day,engineering,1,2026-06-05T07:40:54.261158+00:00
AMJ3174,Day,engineering,1,2026-06-05T07:40:54.261158+00:00
AMR0197,Day,engineering,1,2026-06-05T07:40:54.261158+00:00
ANC1319,Day,engineering,0,2026-06-05T07:40:54.261158+00:00
ANC1950,Day,engineering,1,2026-06-05T07:40:54.261158+00:00
ANH2482,Day,engineering,3,2026-06-05T07:40:54.261158+00:00
ANM0564,Day,engineering,3,2026-06-05T07:40:54.261158+00:00
ANO2653,Day,engineering,0,2026-06-05T07:40:54.261158+00:00
AOM1457,Day,engineering,2,2026-06-05T07:40:54.261158+00:00
APP2488,Day,engineering,0,2026-06-05T07:40:54.261158+00:00
APS1968,Day,engineering,3,2026-06-05T07:40:54.261158+00:00
ARH2097,Day,engineering,3,2026-06-05T07:40:54.261158+00:00
ARP1144,Day,engineering,2,2026-06-05T07:40:54.261158+00:00
ASF1136,Day,engineering,1,2026-06-05T07:40:54.261158+00:00
ASS0120,Day,engineering,2,2026-06-05T07:40:54.261158+00:00
ASS0280,Day,engineering,3,2026-06-05T07:40:54.261158+00:00
ASS2760,Day,engineering,1,2026-06-05T07:40:54.261158+00:00
ATB1273,Day,engineering,2,2026-06-05T07:40:54.261158+00:00
ATM1003,Day,engineering,1,2026-06-05T07:40:54.261158+00:00
ATT0293,Day,engineering,1,2026-06-05T07:40:54.261158+00:00
AXW3243,Day,engineering,0,2026-06-05T07:40:54.261158+00:00
AYS0110,Day,engineering,3,2026-06-05T07:40:54.261158+00:00
AZA1012,Day,engineering,3,2026-06-05T07:40:54.261158+00:00
AZK0622,Day,engineering,3,2026-06-05T07:40:54.261158+00:00
BAB0541,Day,engineering,0,2026-06-05T07:40:54.261158+00:00
BBF2388,Day,engineering,1,2026-06-05T07:40:54.261158+00:00
BBH2509,Day,engineering,2,2026-06-05T07:40:54.261158+00:00
BBM2604,Day,engineering,3,2026-06-05T07:40:54.261158+00:00
BCB0294,Day,engineering,1,2026-06-05T07:40:54.261158+00:00
BCH1138,Day,engineering,1,2026-06-05T07:40:54.261158+00:00
BCL2082,Day,engineering,1,2026-06-05T07:40:54.261158+00:00
BDV2474,Day,engineering,2,2026-06-05T07:40:54.261158+00:00
BEB1022,Day,engineering,1,2026-06-05T07:40:54.261158+00:00
BEG3521,Day,engineering,0,2026-06-05T07:40:54.261158+00:00
BEW1426,Day,engineering,3,2026-06-05T07:40:54.261158+00:00
BFR3250,Day,engineering,0,2026-06-05T07:40:54.261158+00:00
BGS0751,Day,engineering,1,2026-06-05T07:40:54.261158+00:00
BHD2088,Day,engineering,3,2026-06-05T07:40:54.261158+00:00
BHW2476,Day,engineering,3,2026-06-05T07:40:54.261158+00:00
BJA1137,Day,engineering,1,2026-06-05T07:40:54.261158+00:00
BJE0351,Day,engineering,2,2026-06-05T07:40:54.261158+00:00
BJG0662,Day,engineering,1,2026-06-05T07:40:54.261158+00:00
BJP0186,Day,engineering,1,2026-06-05T07:40:54.261158+00:00
BJW2134,Day,engineering,1,2026-06-05T07:40:54.261158+00:00
BJW3558,Day,engineering,1,2026-06-05T07:40:54.261158+00:00
BKC2698,Day,engineering,2,2026-06-05T07:40:54.261158+00:00
BKM1155,Day,engineering,3,2026-06-05T07:40:54.261158+00:00
BKM2643,Day,engineering,1,2026-06-05T07:40:54.261158+00:00
BKR3146,Day,engineering,1,2026-06-05T07:40:54.261158+00:00
BKS1860,Day,engineering,1,2026-06-05T07:40:54.261158+00:00
BLB1876,Day,engineering,0,2026-06-05T07:40:54.261158+00:00
BLS1973,Day,engineering,2,2026-06-05T07:40:54.261158+00:00
BMN3207,Day,engineering,1,2026-06-05T07:40:54.261158+00:00
BMV1886,Day,engineering,1,2026-06-05T07:40:54.261158+00:00
BNC3178,Day,engineering,2,2026-06-05T07:40:54.261158+00:00
BNR2527,Day,engineering,1,2026-06-05T07:40:54.261158+00:00
BNT0663,Day,engineering,1,2026-06-05T07:40:54.261158+00:00
BOR2387,Day,engineering,3,2026-06-05T07:40:54.261158+00:00
BPL3202,Day,engineering,0,2026-06-05T07:40:54.261158+00:00
BQK2024,Day,engineering,2,2026-06-05T07:40:54.261158+00:00
BQV1308,Day,engineering,2,2026-06-05T07:40:54.261158+00:00
BRH1107,Day,engineering,1,2026-06-05T07:40:54.261158+00:00
BRJ2151,Day,engineering,1,2026-06-05T07:40:54.261158+00:00
BSB3083,Day,engineering,3,2026-06-05T07:40:54.261158+00:00
BUS1727,Day,engineering,2,2026-06-05T07:40:54.261158+00:00
BUW2717,Day,engineering,1,2026-06-05T07:40:54.261158+00:00
BWA2593,Day,engineering,3,2026-06-05T07:40:54.261158+00:00
BWC2534,Day,engineering,0,2026-06-05T07:40:54.261158+00:00
BWW1159,Day,engineering,3,2026-06-05T07:40:54.261158+00:00
BXG1340,Day,engineering,0,2026-06-05T07:40:54.261158+00:00
BXK2091,Day,engineering,3,2026-06-05T07:40:54.261158+00:00
BXN0660,Day,engineering,1,2026-06-05T07:40:54.261158+00:00
BZH1158,Day,engineering,3,2026-06-05T07:40:54.261158+00:00
CAH1839,Day,engineering,2,2026-06-05T07:40:54.261158+00:00
CAM0679,Day,engineering,3,2026-06-05T07:40:54.261158+00:00
CAM1323,Day,engineering,2,2026-06-05T07:40:54.261158+00:00
CAO3117,Day,engineering,1,2026-06-05T07:40:54.261158+00:00
CAP2149,Day,engineering,1,2026-06-05T07:40:54.261158+00:00
CAV1868,Day,engineering,2,2026-06-05T07:40:54.261158+00:00
CBC3175,Day,engineering,2,2026-06-05T07:40:54.261158+00:00
CBD0802,Day,engineering,2,2026-06-05T07:40:54.261158+00:00
CBG1142,Day,engineering,0,2026-06-05T07:40:54.261158+00:00
CBJ2083,Day,engineering,1,2026-06-05T07:40:54.261158+00:00
CBR0121,Day,engineering,3,2026-06-05T07:40:54.261158+00:00
CCB0547,Day,engineering,3,2026-06-05T07:40:54.261158+00:00
CCB3173,Day,engineering,0,2026-06-05T07:40:54.261158+00:00
CCE0745,Day,engineering,1,2026-06-05T07:40:54.261158+00:00
CCM3075,Day,engineering,0,2026-06-05T07:40:54.261158+00:00
CCN2726,Day,engineering,3,2026-06-05T07:40:54.261158+00:00
CCS3575,Day,engineering,1,2026-06-05T07:40:54.261158+00:00
CCW2381,Day,engineering,2,2026-06-05T07:40:54.261158+00:00
CDB2017,Day,engineering,3,2026-06-05T07:40:54.261158+00:00
CDE1846,Day,engineering,3,2026-06-05T07:40:54.261158+00:00
CDM0538,Day,engineering,2,2026-06-05T07:40:54.261158+00:00
CDM1097,Day,engineering,1,2026-06-05T07:40:54.261158+00:00
CDM2075,Day,engineering,1,2026-06-05T07:40:54.261158+00:00
CDW2000,Day,engineering,3,2026-06-05T07:40:54.261158+00:00
CGC1132,Day,engineering,1,2026-06-05T07:40:54.261158+00:00
CGT3148,Day,engineering,1,2026-06-05T07:40:54.261158+00:00
CGW3093,Day,engineering,1,2026-06-05T07:40:54.261158+00:00
CHF1005,Day,engineering,0,2026-06-05T07:40:54.261158+00:00
CHL2644,Day,engineering,1,2026-06-05T07:40:54.261158+00:00
CHM2081,Day,engineering,1,2026-06-05T07:40:54.261158+00:00
CHU3211,Day,engineering,1,2026-06-05T07:40:54.261158+00:00
CIG1277,Day,engineering,1,2026-06-05T07:40:54.261158+00:00
CIH0995,Day,engineering,0,2026-06-05T07:40:54.261158+00:00
CJC1433,Day,engineering,0,2026-06-05T07:40:54.261158+00:00
CJG3002,Day,engineering,0,2026-06-05T07:40:54.261158+00:00
CJH3136,Day,engineering,2,2026-06-05T07:40:54.261158+00:00
CJS1986,Day,engineering,3,2026-06-05T07:40:54.261158+00:00
CJT1106,Day,engineering,1,2026-06-05T07:40:54.261158+00:00
CJW2087,Day,engineering,1,2026-06-05T07:40:54.261158+00:00
CKG1972,Day,engineering,3,2026-06-05T07:40:54.261158+00:00
CKH0705,Day,engineering,1,2026-06-05T07:40:54.261158+00:00
CKL0697,Day,engineering,2,2026-06-05T07:40:54.261158+00:00
CKP0659,Day,engineering,2,2026-06-05T07:40:54.261158+00:00
CKP3600,Day,engineering,2,2026-06-05T07:40:54.261158+00:00
CKR2586,Day,engineering,3,2026-06-05T07:40:54.261158+00:00
CLA1285,Day,engineering,1,2026-06-05T07:40:54.261158+00:00
CLC1272,Day,engineering,1,2026-06-05T07:40:54.261158+00:00
CLE3098,Day,engineering,0,2026-06-05T07:40:54.261158+00:00
CLR1239,Day,engineering,2,2026-06-05T07:40:54.261158+00:00
CMA1475,Day,engineering,1,2026-06-05T07:40:54.261158+00:00
CMA2616,Day,engineering,3,2026-06-05T07:40:54.261158+00:00
CMO2396,Day,engineering,2,2026-06-05T07:40:54.261158+00:00
CMS1900,Day,engineering,1,2026-06-05T07:40:54.261158+00:00
CNB1131,Day,engineering,0,2026-06-05T07:40:54.261158+00:00
CNK1711,Day,engineering,3,2026-06-05T07:40:54.261158+00:00
CRP2489,Day,engineering,2,2026-06-05T07:40:54.261158+00:00
CSE1265,Day,engineering,1,2026-06-05T07:40:54.261158+00:00
CSR3140,Day,engineering,0,2026-06-05T07:40:54.261158+00:00
CSR3225,Day,engineering,2,2026-06-05T07:40:54.261158+00:00
CSS1313,Day,engineering,1,2026-06-05T07:40:54.261158+00:00
CTJ0669,Day,engineering,1,2026-06-05T07:40:54.261158+00:00
CUP2764,Day,engineering,1,2026-06-05T07:40:54.261158+00:00
CUQ3097,Day,engineering,1,2026-06-05T07:40:54.261158+00:00
CVB2703,Day,engineering,0,2026-06-05T07:40:54.261158+00:00
CWB1463,Day,engineering,3,2026-06-05T07:40:54.261158+00:00
CWF1289,Day,engineering,0,2026-06-05T07:40:54.261158+00:00
CWR0117,Day,engineering,1,2026-06-05T07:40:54.261158+00:00
DAD2620,Day,engineering,3,2026-06-05T07:40:54.261158+00:00
DAE1437,Day,engineering,0,2026-06-05T07:40:54.261158+00:00
DAF3096,Day,engineering,1,2026-06-05T07:40:54.261158+00:00
DAH2506,Day,engineering,2,2026-06-05T07:40:54.261158+00:00
DAM0096,Day,engineering,2,2026-06-05T07:40:54.261158+00:00
DAM2705,Day,engineering,1,2026-06-05T07:40:54.261158+00:00
DAR0709,Day,engineering,2,2026-06-05T07:40:54.261158+00:00
DAT1981,Day,engineering,0,2026-06-05T07:40:54.261158+00:00
DBC1152,Day,engineering,0,2026-06-05T07:40:54.261158+00:00
DCB3597,Day,engineering,1,2026-06-05T07:40:54.261158+00:00
DCC1431,Day,engineering,3,2026-06-05T07:40:54.261158+00:00
DCC2999,Day,engineering,0,2026-06-05T07:40:54.261158+00:00
DCM3596,Day,engineering,2,2026-06-05T07:40:54.261158+00:00
DCW0174,Day,engineering,1,2026-06-05T07:40:54.261158+00:00
DDS3149,Day,engineering,1,2026-06-05T07:40:54.261158+00:00
DEF0998,Day,engineering,2,2026-06-05T07:40:54.261158+00:00
DEP0163,Day,engineering,2,2026-06-05T07:40:54.261158+00:00
DHG1830,Day,engineering,2,2026-06-05T07:40:54.261158+00:00
DJB1236,Day,engineering,3,2026-06-05T07:40:54.261158+00:00
DJR2389,Day,engineering,1,2026-06-05T07:40:54.261158+00:00
DJS1127,Day,engineering,2,2026-06-05T07:40:54.261158+00:00
DJS1271,Day,engineering,0,2026-06-05T07:40:54.261158+00:00
DKB0260,Day,engineering,2,2026-06-05T07:40:54.261158+00:00
DKF2721,Day,engineering,0,2026-06-05T07:40:54.261158+00:00
DKP0671,Day,engineering,2,2026-06-05T07:40:54.261158+00:00
DLP1445,Day,engineering,3,2026-06-05T07:40:54.261158+00:00
DMB1429,Day,engineering,0,2026-06-05T07:40:54.261158+00:00
DMB2533,Day,engineering,1,2026-06-05T07:40:54.261158+00:00
DMG1298,Day,engineering,1,2026-06-05T07:40:54.261158+00:00
DMS1977,Day,engineering,3,2026-06-05T07:40:54.261158+00:00
DMW2128,Day,engineering,2,2026-06-05T07:40:54.261158+00:00
DNB1999,Day,engineering,2,2026-06-05T07:40:54.261158+00:00
DNM0275,Day,engineering,2,2026-06-05T07:40:54.261158+00:00
DNV1964,Day,engineering,2,2026-06-05T07:40:54.261158+00:00
DOB2696,Day,engineering,1,2026-06-05T07:40:54.261158+00:00
DOS1990,Day,engineering,0,2026-06-05T07:40:54.261158+00:00
DOW1266,Day,engineering,1,2026-06-05T07:40:54.261158+00:00
DPF3215,Day,engineering,2,2026-06-05T07:40:54.261158+00:00
DQS0752,Day,engineering,1,2026-06-05T07:40:54.261158+00:00
DRH3557,Day,engineering,2,2026-06-05T07:40:54.261158+00:00
DSD1293,Day,engineering,1,2026-06-05T07:40:54.261158+00:00
DSJ1384,Day,engineering,2,2026-06-05T07:40:54.261158+00:00
DSM1286,Day,engineering,0,2026-06-05T07:40:54.261158+00:00
DTG1294,Day,engineering,2,2026-06-05T07:40:54.261158+00:00
DTH1333,Day,engineering,2,2026-06-05T07:40:54.261158+00:00
DTW1276,Day,engineering,1,2026-06-05T07:40:54.261158+00:00
DWB0238,Day,engineering,1,2026-06-05T07:40:54.261158+00:00
DWB3085,Day,engineering,0,2026-06-05T07:40:54.261158+00:00
DWD2621,Day,engineering,3,2026-06-05T07:40:54.261158+00:00
DWK2099,Day,engineering,2,2026-06-05T07:40:54.261158+00:00
EAB2522,Day,engineering,1,2026-06-05T07:40:54.261158+00:00
EAH3107,Day,engineering,1,2026-06-05T07:40:54.261158+00:00
EAM1432,Day,engineering,3,2026-06-05T07:40:54.261158+00:00
EBH1882,Day,engineering,1,2026-06-05T07:40:54.261158+00:00
ECB1341,Day,engineering,1,2026-06-05T07:40:54.261158+00:00
EDJ1970,Day,engineering,3,2026-06-05T07:40:54.261158+00:00
EDP1880,Day,engineering,1,2026-06-05T07:40:54.261158+00:00
EFC1153,Day,engineering,1,2026-06-05T07:40:54.261158+00:00
EIF1865,Day,engineering,1,2026-06-05T07:40:54.261158+00:00
EJS1338,Day,engineering,0,2026-06-05T07:40:54.261158+00:00
EKH2084,Day,engineering,2,2026-06-05T07:40:54.261158+00:00
ELR1140,Day,engineering,2,2026-06-05T07:40:54.261158+00:00
ELW1413,Day,engineering,2,2026-06-05T07:40:54.261158+00:00
EMC3609,Day,engineering,1,2026-06-05T07:40:54.261158+00:00
EMH1957,Day,engineering,1,2026-06-05T07:40:54.261158+00:00
EMS1736,Day,engineering,1,2026-06-05T07:40:54.261158+00:00
ENR1304,Day,engineering,2,2026-06-05T07:40:54.261158+00:00
ERC1840,Day,engineering,3,2026-06-05T07:40:54.261158+00:00
ERH0815,Day,engineering,0,2026-06-05T07:40:54.261158+00:00
ESH1283,Day,engineering,2,2026-06-05T07:40:54.261158+00:00
ESH2077,Day,engineering,2,2026-06-05T07:40:54.261158+00:00
EUV1842,Day,engineering,3,2026-06-05T07:40:54.261158+00:00
FAD3114,Day,engineering,1,2026-06-05T07:40:54.261158+00:00
FAJ3101,Day,engineering,2,2026-06-05T07:40:54.261158+00:00
FAJ3608,Day,engineering,1,2026-06-05T07:40:54.261158+00:00
FAL1867,Day,engineering,2,2026-06-05T07:40:54.261158+00:00
FAP0199,Day,engineering,2,2026-06-05T07:40:54.261158+00:00
FAW1969,Day,engineering,2,2026-06-05T07:40:54.261158+00:00
FCS1128,Day,engineering,0,2026-06-05T07:40:54.261158+00:00
FDF2135,Day,engineering,2,2026-06-05T07:40:54.261158+00:00
FDS0810,Day,engineering,3,2026-06-05T07:40:54.261158+00:00
FFP3169,Day,engineering,1,2026-06-05T07:40:54.261158+00:00
FGC0114,Day,engineering,2,2026-06-05T07:40:54.261158+00:00
FJA1848,Day,engineering,3,2026-06-05T07:40:54.261158+00:00
FJO1828,Day,engineering,2,2026-06-05T07:40:54.261158+00:00
FKH0804,Day,engineering,0,2026-06-05T07:40:54.261158+00:00
FKS0094,Day,engineering,3,2026-06-05T07:40:54.261158+00:00
FNM1482,Day,engineering,1,2026-06-05T07:40:54.261158+00:00
FNM2124,Day,engineering,1,2026-06-05T07:40:54.261158+00:00
FNW3564,Day,engineering,2,2026-06-05T07:40:54.261158+00:00
FPM2074,Day,engineering,2,2026-06-05T07:40:54.261158+00:00
FSP0703,Day,engineering,0,2026-06-05T07:40:54.261158+00:00
FXD3105,Day,engineering,0,2026-06-05T07:40:54.261158+00:00
GAB1885,Day,engineering,1,2026-06-05T07:40:54.261158+00:00
GAF2480,Day,engineering,2,2026-06-05T07:40:54.261158+00:00
GBH1126,Day,engineering,2,2026-06-05T07:40:54.261158+00:00
GCD1189,Day,engineering,0,2026-06-05T07:40:54.261158+00:00
GCR2597,Day,engineering,3,2026-06-05T07:40:54.261158+00:00
GDF3524,Day,engineering,2,2026-06-05T07:40:54.261158+00:00
GDH2500,Day,engineering,2,2026-06-05T07:40:54.261158+00:00
GDP1856,Day,engineering,1,2026-06-05T07:40:54.261158+00:00
GDS3165,Day,engineering,1,2026-06-05T07:40:54.261158+00:00
GDY2724,Day,engineering,2,2026-06-05T07:40:54.261158+00:00
GEG2093,Day,engineering,2,2026-06-05T07:40:54.261158+00:00
GER1997,Day,engineering,3,2026-06-05T07:40:54.261158+00:00
GES2626,Day,engineering,2,2026-06-05T07:40:54.261158+00:00
GFB1385,Day,engineering,0,2026-06-05T07:40:54.261158+00:00
GFP2144,Day,engineering,1,2026-06-05T07:40:54.261158+00:00
GFV3163,Day,engineering,1,2026-06-05T07:40:54.261158+00:00
GGH1726,Day,engineering,1,2026-06-05T07:40:54.261158+00:00
GHD1450,Day,engineering,3,2026-06-05T07:40:54.261158+00:00
GHT3177,Day,engineering,2,2026-06-05T07:40:54.261158+00:00
GJB2659,Day,engineering,0,2026-06-05T07:40:54.261158+00:00
GJD1141,Day,engineering,2,2026-06-05T07:40:54.261158+00:00
GJG0170,Day,engineering,1,2026-06-05T07:40:54.261158+00:00
GJT1292,Day,engineering,1,2026-06-05T07:40:54.261158+00:00
GKB1150,Day,engineering,1,2026-06-05T07:40:54.261158+00:00
GKG2763,Day,engineering,1,2026-06-05T07:40:54.261158+00:00
GLM3106,Day,engineering,1,2026-06-05T07:40:54.261158+00:00
GLN2107,Day,engineering,3,2026-06-05T07:40:54.261158+00:00
GLS1193,Day,engineering,1,2026-06-05T07:40:54.261158+00:00
GMI1134,Day,engineering,2,2026-06-05T07:40:54.261158+00:00
GMK1449,Day,engineering,0,2026-06-05T07:40:54.261158+00:00
GNA0183,Day,engineering,1,2026-06-05T07:40:54.261158+00:00
GRL3110,Day,engineering,1,2026-06-05T07:40:54.261158+00:00
GSA2720,Day,engineering,1,2026-06-05T07:40:54.261158+00:00
GSB0666,Day,engineering,1,2026-06-05T07:40:54.261158+00:00
GST1100,Day,engineering,1,2026-06-05T07:40:54.261158+00:00
GTC0747,Day,engineering,0,2026-06-05T07:40:54.261158+00:00
GYH3476,Day,engineering,2,2026-06-05T07:40:54.261158+00:00
HAC1300,Day,engineering,1,2026-06-05T07:40:54.261158+00:00
HAF1891,Day,engineering,2,2026-06-05T07:40:54.261158+00:00
HAP3000,Day,engineering,1,2026-06-05T07:40:54.261158+00:00
HAR1101,Day,engineering,1,2026-06-05T07:40:54.261158+00:00
HBM0676,Day,engineering,2,2026-06-05T07:40:54.261158+00:00
HBM2126,Day,engineering,1,2026-06-05T07:40:54.261158+00:00
HCB1383,Day,engineering,0,2026-06-05T07:40:54.261158+00:00
HCO3108,Day,engineering,1,2026-06-05T07:40:54.261158+00:00
HCR1322,Day,engineering,2,2026-06-05T07:40:54.261158+00:00
HDC2132,Day,engineering,1,2026-06-05T07:40:54.261158+00:00
HDN1139,Day,engineering,2,2026-06-05T07:40:54.261158+00:00
HDN2609,Day,engineering,0,2026-06-05T07:40:54.261158+00:00
HES2103,Day,engineering,2,2026-06-05T07:40:54.261158+00:00
HGJ2592,Day,engineering,2,2026-06-05T07:40:54.261158+00:00
HGR0198,Day,engineering,1,2026-06-05T07:40:54.261158+00:00
HHD2393,Day,engineering,0,2026-06-05T07:40:54.261158+00:00
HID1899,Day,engineering,0,2026-06-05T07:40:54.261158+00:00
HJH2588,Day,engineering,3,2026-06-05T07:40:54.261158+00:00
HJR1160,Day,engineering,3,2026-06-05T07:40:54.261158+00:00
HJR2127,Day,engineering,1,2026-06-05T07:40:54.261158+00:00
HJR3540,Day,engineering,1,2026-06-05T07:40:54.261158+00:00
HKA0686,Day,engineering,1,2026-06-05T07:40:54.261158+00:00
HKK2716,Day,engineering,0,2026-06-05T07:40:54.261158+00:00
HKM3016,Day,engineering,2,2026-06-05T07:40:54.261158+00:00
HKW2615,Day,engineering,3,2026-06-05T07:40:54.261158+00:00
HLC1172,Day,engineering,2,2026-06-05T07:40:54.261158+00:00
HLD1270,Day,engineering,1,2026-06-05T07:40:54.261158+00:00
HLM1007,Day,engineering,1,2026-06-05T07:40:54.261158+00:00
HLS2098,Day,engineering,0,2026-06-05T07:40:54.261158+00:00
HMB0805,Day,engineering,2,2026-06-05T07:40:54.261158+00:00
HMM2628,Day,engineering,0,2026-06-05T07:40:54.261158+00:00
HSF1454,Day,engineering,3,2026-06-05T07:40:54.261158+00:00
HSH0292,Day,engineering,1,2026-06-05T07:40:54.261158+00:00
HSH3606,Day,engineering,0,2026-06-05T07:40:54.261158+00:00
HUM2481,Day,engineering,0,2026-06-05T07:40:54.261158+00:00
HVS1143,Day,engineering,1,2026-06-05T07:40:54.261158+00:00
IAM3078,Day,engineering,3,2026-06-05T07:40:54.261158+00:00
IAR1895,Day,engineering,1,2026-06-05T07:40:54.261158+00:00
ICH1478,Day,engineering,1,2026-06-05T07:40:54.261158+00:00
ICH2378,Day,engineering,3,2026-06-05T07:40:54.261158+00:00
IDF0189,Day,engineering,0,2026-06-05T07:40:54.261158+00:00
IHD1978,Day,engineering,0,2026-06-05T07:40:54.261158+00:00
IHS0816,Day,engineering,3,2026-06-05T07:40:54.261158+00:00
IHW2112,Day,engineering,3,2026-06-05T07:40:54.261158+00:00
IKG3154,Day,engineering,1,2026-06-05T07:40:54.261158+00:00
ILS0713,Day,engineering,1,2026-06-05T07:40:54.261158+00:00
ILY3152,Day,engineering,0,2026-06-05T07:40:54.261158+00:00
IMH0562,Day,engineering,2,2026-06-05T07:40:54.261158+00:00
IMM2118,Day,engineering,1,2026-06-05T07:40:54.261158+00:00
IMN1730,Day,engineering,0,2026-06-05T07:40:54.261158+00:00
INB3109,Day,engineering,1,2026-06-05T07:40:54.261158+00:00
IOM0542,Day,engineering,1,2026-06-05T07:40:54.261158+00:00
IOP1859,Day,engineering,1,2026-06-05T07:40:54.261158+00:00
IRS1337,Day,engineering,2,2026-06-05T07:40:54.261158+00:00
IRW2130,Day,engineering,1,2026-06-05T07:40:54.261158+00:00
ISR1477,Day,engineering,2,2026-06-05T07:40:54.261158+00:00
IWW0699,Day,engineering,2,2026-06-05T07:40:54.261158+00:00
JAS0353,Day,engineering,1,2026-06-05T07:40:54.261158+00:00
JAW0551,Day,engineering,3,2026-06-05T07:40:54.261158+00:00
JBB1875,Day,engineering,1,2026-06-05T07:40:54.261158+00:00
JBM2769,Day,engineering,1,2026-06-05T07:40:54.261158+00:00
JBS1291,Day,engineering,1,2026-06-05T07:40:54.261158+00:00
JBW0109,Day,engineering,2,2026-06-05T07:40:54.261158+00:00
JCB2089,Day,engineering,2,2026-06-05T07:40:54.261158+00:00
JCC1381,Day,engineering,1,2026-06-05T07:40:54.261158+00:00
JCG1982,Day,engineering,3,2026-06-05T07:40:54.261158+00:00
JCH2505,Day,engineering,2,2026-06-05T07:40:54.261158+00:00
JCM1388,Day,engineering,2,2026-06-05T07:40:54.261158+00:00
JCP1462,Day,engineering,3,2026-06-05T07:40:54.261158+00:00
JCR1148,Day,engineering,2,2026-06-05T07:40:54.261158+00:00
JDH0295,Day,engineering,1,2026-06-05T07:40:54.261158+00:00
JDV1245,Day,engineering,3,2026-06-05T07:40:54.261158+00:00
JEM0546,Day,engineering,3,2026-06-05T07:40:54.261158+00:00
JEW2141,Day,engineering,2,2026-06-05T07:40:54.261158+00:00
JFR3527,Day,engineering,2,2026-06-05T07:40:54.261158+00:00
JGW1274,Day,engineering,0,2026-06-05T07:40:54.261158+00:00
JHD2499,Day,engineering,2,2026-06-05T07:40:54.261158+00:00
JHE3080,Day,engineering,2,2026-06-05T07:40:54.261158+00:00
JHF1278,Day,engineering,2,2026-06-05T07:40:54.261158+00:00
JHK1849,Day,engineering,2,2026-06-05T07:40:54.261158+00:00
JIB2606,Day,engineering,2,2026-06-05T07:40:54.261158+00:00
JIN3522,Day,engineering,2,2026-06-05T07:40:54.261158+00:00
JIR2594,Day,engineering,0,2026-06-05T07:40:54.261158+00:00
JIW2086,Day,engineering,1,2026-06-05T07:40:54.261158+00:00
JJC0116,Day,engineering,1,2026-06-05T07:40:54.261158+00:00
JJF1325,Day,engineering,0,2026-06-05T07:40:54.261158+00:00
JJH0681,Day,engineering,3,2026-06-05T07:40:54.261158+00:00
JJJ1267,Day,engineering,1,2026-06-05T07:40:54.261158+00:00
JJL1448,Day,engineering,2,2026-06-05T07:40:54.261158+00:00
JJS2079,Day,engineering,2,2026-06-05T07:40:54.261158+00:00
JKC2754,Day,engineering,0,2026-06-05T07:40:54.261158+00:00
JKK1422,Day,engineering,3,2026-06-05T07:40:54.261158+00:00
JLM3150,Day,engineering,1,2026-06-05T07:40:54.261158+00:00
JLW3598,Day,engineering,1,2026-06-05T07:40:54.261158+00:00
JME0387,Day,engineering,2,2026-06-05T07:40:54.261158+00:00
JMH1847,Day,engineering,2,2026-06-05T07:40:54.261158+00:00
JMH2517,Day,engineering,2,2026-06-05T07:40:54.261158+00:00
JNC2650,Day,engineering,1,2026-06-05T07:40:54.261158+00:00
JNP1240,Day,engineering,0,2026-06-05T07:40:54.261158+00:00
JON0788,Day,engineering,2,2026-06-05T07:40:54.261158+00:00
JOW0688,Day,engineering,1,2026-06-05T07:40:54.261158+00:00
JPC2507,Day,engineering,2,2026-06-05T07:40:54.261158+00:00
JPF1296,Day,engineering,1,2026-06-05T07:40:54.261158+00:00
JPH1129,Day,engineering,2,2026-06-05T07:40:54.261158+00:00
JRK2707,Day,engineering,1,2026-06-05T07:40:54.261158+00:00
JRM1303,Day,engineering,1,2026-06-05T07:40:54.261158+00:00
JRR0829,Day,engineering,3,2026-06-05T07:40:54.261158+00:00
JRR2745,Day,engineering,3,2026-06-05T07:40:54.261158+00:00
JRR3014,Day,engineering,2,2026-06-05T07:40:54.261158+00:00
JSB0783,Day,engineering,2,2026-06-05T07:40:54.261158+00:00
JSH1843,Day,engineering,2,2026-06-05T07:40:54.261158+00:00
JSJ2743,Day,engineering,3,2026-06-05T07:40:54.261158+00:00
JTN2073,Day,engineering,2,2026-06-05T07:40:54.261158+00:00
JTR3205,Day,engineering,1,2026-06-05T07:40:54.261158+00:00
JTV2654,Day,engineering,2,2026-06-05T07:40:54.261158+00:00
JVB3184,Day,engineering,2,2026-06-05T07:40:54.261158+00:00
JYW1965,Day,engineering,0,2026-06-05T07:40:54.261158+00:00
JZM1335,Day,engineering,1,2026-06-05T07:40:54.261158+00:00
KAG0689,Day,engineering,2,2026-06-05T07:40:54.261158+00:00
KAG2599,Day,engineering,0,2026-06-05T07:40:54.261158+00:00
KAH3247,Day,engineering,3,2026-06-05T07:40:54.261158+00:00
KBF2661,Day,engineering,1,2026-06-05T07:40:54.261158+00:00
KBK3593,Day,engineering,2,2026-06-05T07:40:54.261158+00:00
KBO2485,Day,engineering,2,2026-06-05T07:40:54.261158+00:00
KBO2708,Day,engineering,1,2026-06-05T07:40:54.261158+00:00
KCB1975,Day,engineering,0,2026-06-05T07:40:54.261158+00:00
KCD0181,Day,engineering,0,2026-06-05T07:40:54.261158+00:00
KCH2475,Day,engineering,3,2026-06-05T07:40:54.261158+00:00
KCH3095,Day,engineering,2,2026-06-05T07:40:54.261158+00:00
KCM0806,Day,engineering,3,2026-06-05T07:40:54.261158+00:00
KCM1858,Day,engineering,1,2026-06-05T07:40:54.261158+00:00
KCM1893,Day,engineering,1,2026-06-05T07:40:54.261158+00:00
KCO0269,Day,engineering,3,2026-06-05T07:40:54.261158+00:00
KCR0577,Day,engineering,3,2026-06-05T07:40:54.261158+00:00
KCW2117,Day,engineering,0,2026-06-05T07:40:54.261158+00:00
KDA1452,Day,engineering,3,2026-06-05T07:40:54.261158+00:00
KDB0266,Day,engineering,3,2026-06-05T07:40:54.261158+00:00
KDH1284,Day,engineering,0,2026-06-05T07:40:54.261158+00:00
KEF0629,Day,engineering,3,2026-06-05T07:40:54.261158+00:00
KEH0665,Day,engineering,1,2026-06-05T07:40:54.261158+00:00
KGF2552,Day,engineering,3,2026-06-05T07:40:54.261158+00:00
KJC1419,Day,engineering,0,2026-06-05T07:40:54.261158+00:00
KJH0588,Day,engineering,3,2026-06-05T07:40:54.261158+00:00
KJR1377,Day,engineering,0,2026-06-05T07:40:54.261158+00:00
KJR3538,Day,engineering,1,2026-06-05T07:40:54.261158+00:00
KKC2119,Day,engineering,1,2026-06-05T07:40:54.261158+00:00
KKD1980,Day,engineering,0,2026-06-05T07:40:54.261158+00:00
KKL1310,Day,engineering,1,2026-06-05T07:40:54.261158+00:00
KLH0276,Day,engineering,2,2026-06-05T07:40:54.261158+00:00
KLL3118,Day,engineering,1,2026-06-05T07:40:54.261158+00:00
KLP0249,Day,engineering,0,2026-06-05T07:40:54.261158+00:00
KMB1379,Day,engineering,1,2026-06-05T07:40:54.261158+00:00
KMB3003,Day,engineering,1,2026-06-05T07:40:54.261158+00:00
KNA1279,Day,engineering,1,2026-06-05T07:40:54.261158+00:00
KNB0560,Day,engineering,1,2026-06-05T07:40:54.261158+00:00
KNH1985,Day,engineering,3,2026-06-05T07:40:54.261158+00:00
KNK1428,Day,engineering,2,2026-06-05T07:40:54.261158+00:00
KNM1154,Day,engineering,2,2026-06-05T07:40:54.261158+00:00
KNM1318,Day,engineering,1,2026-06-05T07:40:54.261158+00:00
KNS0539,Day,engineering,1,2026-06-05T07:40:54.261158+00:00
KNW1321,Day,engineering,2,2026-06-05T07:40:54.261158+00:00
KOB2624,Day,engineering,1,2026-06-05T07:40:54.261158+00:00
KOM1306,Day,engineering,1,2026-06-05T07:40:54.261158+00:00
KOR1163,Day,engineering,0,2026-06-05T07:40:54.261158+00:00
KQD0274,Day,engineering,2,2026-06-05T07:40:54.261158+00:00
KRB3120,Day,engineering,1,2026-06-05T07:40:54.261158+00:00
KRD2100,Day,engineering,2,2026-06-05T07:40:54.261158+00:00
KSH0672,Day,engineering,0,2026-06-05T07:40:54.261158+00:00
KSP1288,Day,engineering,2,2026-06-05T07:40:54.261158+00:00
KSW3237,Day,engineering,3,2026-06-05T07:40:54.261158+00:00
KTW1719,Day,engineering,3,2026-06-05T07:40:54.261158+00:00
KWB1967,Day,engineering,3,2026-06-05T07:40:54.261158+00:00
KZG3565,Day,engineering,1,2026-06-05T07:40:54.261158+00:00
KZM2602,Day,engineering,2,2026-06-05T07:40:54.261158+00:00
LAB1297,Day,engineering,1,2026-06-05T07:40:54.261158+00:00
LAC0994,Day,engineering,1,2026-06-05T07:40:54.261158+00:00
LAN2608,Day,engineering,2,2026-06-05T07:40:54.261158+00:00
LAO2771,Day,engineering,1,2026-06-05T07:40:54.261158+00:00
LAR0625,Day,engineering,2,2026-06-05T07:40:54.261158+00:00
LBR1387,Day,engineering,1,2026-06-05T07:40:54.261158+00:00
LBW3159,Day,engineering,2,2026-06-05T07:40:54.261158+00:00
LCC1108,Day,engineering,1,2026-06-05T07:40:54.261158+00:00
LCC1963,Day,engineering,3,2026-06-05T07:40:54.261158+00:00
LDB3087,Day,engineering,2,2026-06-05T07:40:54.261158+00:00
LDN2514,Day,engineering,2,2026-06-05T07:40:54.261158+00:00
LGJ2710,Day,engineering,1,2026-06-05T07:40:54.261158+00:00
LGR3119,Day,engineering,0,2026-06-05T07:40:54.261158+00:00
LGS1976,Day,engineering,2,2026-06-05T07:40:54.261158+00:00
LHB3089,Day,engineering,2,2026-06-05T07:40:54.261158+00:00
LHG3145,Day,engineering,1,2026-06-05T07:40:54.261158+00:00
LIC0203,Day,engineering,0,2026-06-05T07:40:54.261158+00:00
LIM1718,Day,engineering,0,2026-06-05T07:40:54.261158+00:00
LJC0191,Day,engineering,0,2026-06-05T07:40:54.261158+00:00
LJH2619,Day,engineering,0,2026-06-05T07:40:54.261158+00:00
LKH2512,Day,engineering,2,2026-06-05T07:40:54.261158+00:00
LKS1416,Day,engineering,0,2026-06-05T07:40:54.261158+00:00
LLG2714,Day,engineering,1,2026-06-05T07:40:54.261158+00:00
LLH3157,Day,engineering,0,2026-06-05T07:40:54.261158+00:00
LLT0291,Day,engineering,1,2026-06-05T07:40:54.261158+00:00
LMF0670,Day,engineering,1,2026-06-05T07:40:54.261158+00:00
LMH1987,Day,engineering,3,2026-06-05T07:40:54.261158+00:00
LMJ3535,Day,engineering,1,2026-06-05T07:40:54.261158+00:00
LND2704,Day,engineering,2,2026-06-05T07:40:54.261158+00:00
LNP3092,Day,engineering,2,2026-06-05T07:40:54.261158+00:00
LNR0556,Day,engineering,1,2026-06-05T07:40:54.261158+00:00
LNV0271,Day,engineering,3,2026-06-05T07:40:54.261158+00:00
LOC1446,Day,engineering,3,2026-06-05T07:40:54.261158+00:00
LPE0270,Day,engineering,3,2026-06-05T07:40:54.261158+00:00
LQW0555,Day,engineering,3,2026-06-05T07:40:54.261158+00:00
LQW1314,Day,engineering,0,2026-06-05T07:40:54.261158+00:00
LRC3160,Day,engineering,1,2026-06-05T07:40:54.261158+00:00
LRL1316,Day,engineering,0,2026-06-05T07:40:54.261158+00:00
LRP2591,Day,engineering,3,2026-06-05T07:40:54.261158+00:00
LTR1729,Day,engineering,1,2026-06-05T07:40:54.261158+00:00
LTW1378,Day,engineering,2,2026-06-05T07:40:54.261158+00:00
LUK1182,Day,engineering,3,2026-06-05T07:40:54.261158+00:00
LVK3180,Day,engineering,3,2026-06-05T07:40:54.261158+00:00
MAC3214,Day,engineering,2,2026-06-05T07:40:54.261158+00:00
MAH2095,Day,engineering,0,2026-06-05T07:40:54.261158+00:00
MAK1309,Day,engineering,1,2026-06-05T07:40:54.261158+00:00
MAM2630,Day,engineering,1,2026-06-05T07:40:54.261158+00:00
MAS3218,Day,engineering,3,2026-06-05T07:40:54.261158+00:00
MBA2092,Day,engineering,3,2026-06-05T07:40:54.261158+00:00
MBC0803,Day,engineering,3,2026-06-05T07:40:54.261158+00:00
MBG3183,Day,engineering,2,2026-06-05T07:40:54.261158+00:00
MBN3610,Day,engineering,2,2026-06-05T07:40:54.261158+00:00
MBW1099,Day,engineering,1,2026-06-05T07:40:54.261158+00:00
MCJ3137,Day,engineering,1,2026-06-05T07:40:54.261158+00:00
MCO3164,Day,engineering,0,2026-06-05T07:40:54.261158+00:00
MCW0674,Day,engineering,1,2026-06-05T07:40:54.261158+00:00
MDE2114,Day,engineering,0,2026-06-05T07:40:54.261158+00:00
MDH2713,Day,engineering,1,2026-06-05T07:40:54.261158+00:00
MDM2496,Day,engineering,3,2026-06-05T07:40:54.261158+00:00
MDP0161,Day,engineering,3,2026-06-05T07:40:54.261158+00:00
MEB3004,Day,engineering,1,2026-06-05T07:40:54.261158+00:00
MET1881,Day,engineering,2,2026-06-05T07:40:54.261158+00:00
MEW1406,Day,engineering,2,2026-06-05T07:40:54.261158+00:00
MGM0569,Day,engineering,2,2026-06-05T07:40:54.261158+00:00
MHA0667,Day,engineering,1,2026-06-05T07:40:54.261158+00:00
MHS1125,Day,engineering,1,2026-06-05T07:40:54.261158+00:00
MHS1146,Day,engineering,1,2026-06-05T07:40:54.261158+00:00
MHS2634,Day,engineering,2,2026-06-05T07:40:54.261158+00:00
MJA2380,Day,engineering,2,2026-06-05T07:40:54.261158+00:00
MKC1094,Day,engineering,1,2026-06-05T07:40:54.261158+00:00
MKD1004,Day,engineering,1,2026-06-05T07:40:54.261158+00:00
MKM1993,Day,engineering,3,2026-06-05T07:40:54.261158+00:00
MLJ1461,Day,engineering,2,2026-06-05T07:40:54.261158+00:00
MLM2021,Day,engineering,3,2026-06-05T07:40:54.261158+00:00
MMC0261,Day,engineering,2,2026-06-05T07:40:54.261158+00:00
MMR0700,Day,engineering,0,2026-06-05T07:40:54.261158+00:00
MMR1435,Day,engineering,2,2026-06-05T07:40:54.261158+00:00
MMR1864,Day,engineering,2,2026-06-05T07:40:54.261158+00:00
MNB3094,Day,engineering,2,2026-06-05T07:40:54.261158+00:00
MOW1104,Day,engineering,2,2026-06-05T07:40:54.261158+00:00
MPG1307,Day,engineering,1,2026-06-05T07:40:54.261158+00:00
MRE0567,Day,engineering,0,2026-06-05T07:40:54.261158+00:00
MRH2516,Day,engineering,1,2026-06-05T07:40:54.261158+00:00
MRH2722,Day,engineering,1,2026-06-05T07:40:54.261158+00:00
MRT1855,Day,engineering,1,2026-06-05T07:40:54.261158+00:00
MRW2504,Day,engineering,1,2026-06-05T07:40:54.261158+00:00
MRW3143,Day,engineering,1,2026-06-05T07:40:54.261158+00:00
MSH1269,Day,engineering,1,2026-06-05T07:40:54.261158+00:00
MST2486,Day,engineering,0,2026-06-05T07:40:54.261158+00:00
MTN1330,Day,engineering,1,2026-06-05T07:40:54.261158+00:00
MUH3099,Day,engineering,1,2026-06-05T07:40:54.261158+00:00
MUO3601,Day,engineering,2,2026-06-05T07:40:54.261158+00:00
MVO2746,Day,engineering,0,2026-06-05T07:40:54.261158+00:00
MWB0710,Day,engineering,1,2026-06-05T07:40:54.261158+00:00
MWO0559,Day,engineering,2,2026-06-05T07:40:54.261158+00:00
NBL0182,Day,engineering,2,2026-06-05T07:40:54.261158+00:00
NBN2651,Day,engineering,0,2026-06-05T07:40:54.261158+00:00
NCB2660,Day,engineering,1,2026-06-05T07:40:54.261158+00:00
NCO1443,Day,engineering,3,2026-06-05T07:40:54.261158+00:00
NCS1854,Day,engineering,2,2026-06-05T07:40:54.261158+00:00
NDA0536,Day,engineering,1,2026-06-05T07:40:54.261158+00:00
NDR1456,Day,engineering,3,2026-06-05T07:40:54.261158+00:00
NDW1863,Day,engineering,2,2026-06-05T07:40:54.261158+00:00
NDW3217,Day,engineering,3,2026-06-05T07:40:54.261158+00:00
NEH1185,Day,engineering,1,2026-06-05T07:40:54.261158+00:00
NGP0549,Day,engineering,3,2026-06-05T07:40:54.261158+00:00
NHD2497,Day,engineering,3,2026-06-05T07:40:54.261158+00:00
NHE3204,Day,engineering,1,2026-06-05T07:40:54.261158+00:00
NHN0711,Day,engineering,1,2026-06-05T07:40:54.261158+00:00
NHY0685,Day,engineering,1,2026-06-05T07:40:54.261158+00:00
NIB1197,Day,engineering,0,2026-06-05T07:40:54.261158+00:00
NIR3139,Day,engineering,2,2026-06-05T07:40:54.261158+00:00
NIW3071,Day,engineering,0,2026-06-05T07:40:54.261158+00:00
NJC1951,Day,engineering,1,2026-06-05T07:40:54.261158+00:00
NJG3144,Day,engineering,1,2026-06-05T07:40:54.261158+00:00
NJH0196,Day,engineering,1,2026-06-05T07:40:54.261158+00:00
NJL2478,Day,engineering,2,2026-06-05T07:40:54.261158+00:00
NJM0173,Day,engineering,2,2026-06-05T07:40:54.261158+00:00
NJO1460,Day,engineering,3,2026-06-05T07:40:54.261158+00:00
NJP1439,Day,engineering,3,2026-06-05T07:40:54.261158+00:00
NJR1714,Day,engineering,1,2026-06-05T07:40:54.261158+00:00
NJW2402,Day,engineering,1,2026-06-05T07:40:54.261158+00:00
NKD3073,Day,engineering,2,2026-06-05T07:40:54.261158+00:00
NKG2706,Day,engineering,1,2026-06-05T07:40:54.261158+00:00
NKN3153,Day,engineering,1,2026-06-05T07:40:54.261158+00:00
NKV1451,Day,engineering,3,2026-06-05T07:40:54.261158+00:00
NLC2601,Day,engineering,2,2026-06-05T07:40:54.261158+00:00
NLN0673,Day,engineering,1,2026-06-05T07:40:54.261158+00:00
NLS1866,Day,engineering,1,2026-06-05T07:40:54.261158+00:00
NMM1844,Day,engineering,3,2026-06-05T07:40:54.261158+00:00
NMR2725,Day,engineering,3,2026-06-05T07:40:54.261158+00:00
NQM0084,Day,engineering,2,2026-06-05T07:40:54.261158+00:00
NQO2712,Day,engineering,2,2026-06-05T07:40:54.261158+00:00
NRN1312,Day,engineering,0,2026-06-05T07:40:54.261158+00:00
NSB1016,Day,engineering,1,2026-06-05T07:40:54.261158+00:00
NSM1464,Day,engineering,2,2026-06-05T07:40:54.261158+00:00
NSR2539,Day,engineering,1,2026-06-05T07:40:54.261158+00:00
NTP2146,Day,engineering,1,2026-06-05T07:40:54.261158+00:00
NWH2076,Day,engineering,1,2026-06-05T07:40:54.261158+00:00
OCC0107,Day,engineering,1,2026-06-05T07:40:54.261158+00:00
ODB1853,Day,engineering,1,2026-06-05T07:40:54.261158+00:00
OJB1095,Day,engineering,1,2026-06-05T07:40:54.261158+00:00
OJR2085,Day,engineering,2,2026-06-05T07:40:54.261158+00:00
OKG1889,Day,engineering,0,2026-06-05T07:40:54.261158+00:00
ORB0755,Day,engineering,2,2026-06-05T07:40:54.261158+00:00
ORH2010,Day,engineering,3,2026-06-05T07:40:54.261158+00:00
OUJ2510,Day,engineering,1,2026-06-05T07:40:54.261158+00:00
PAA2738,Day,engineering,0,2026-06-05T07:40:54.261158+00:00
PCA3212,Day,engineering,1,2026-06-05T07:40:54.261158+00:00
PCB0545,Day,engineering,1,2026-06-05T07:40:54.261158+00:00
PCT1234,Day,engineering,0,2026-06-05T07:40:54.261158+00:00
PDC1453,Day,engineering,3,2026-06-05T07:40:54.261158+00:00
PDG2607,Day,engineering,3,2026-06-05T07:40:54.261158+00:00
PEB3161,Day,engineering,1,2026-06-05T07:40:54.261158+00:00
PEV3531,Day,engineering,1,2026-06-05T07:40:54.261158+00:00
PHB0124,Day,engineering,0,2026-06-05T07:40:54.261158+00:00
PIM3569,Day,engineering,2,2026-06-05T07:40:54.261158+00:00
PJP2632,Day,engineering,2,2026-06-05T07:40:54.261158+00:00
PJS2078,Day,engineering,1,2026-06-05T07:40:54.261158+00:00
PKB2483,Day,engineering,2,2026-06-05T07:40:54.261158+00:00
PKR1145,Day,engineering,1,2026-06-05T07:40:54.261158+00:00
PMG2513,Day,engineering,1,2026-06-05T07:40:54.261158+00:00
PMH3484,Day,engineering,0,2026-06-05T07:40:54.261158+00:00
PMM0696,Day,engineering,2,2026-06-05T07:40:54.261158+00:00
PNH1444,Day,engineering,3,2026-06-05T07:40:54.261158+00:00
POD0750,Day,engineering,2,2026-06-05T07:40:54.261158+00:00
PPP1295,Day,engineering,2,2026-06-05T07:40:54.261158+00:00
PPT3162,Day,engineering,1,2026-06-05T07:40:54.261158+00:00
PSD1409,Day,engineering,3,2026-06-05T07:40:54.261158+00:00
PSP3592,Day,engineering,2,2026-06-05T07:40:54.261158+00:00
PTS2487,Day,engineering,2,2026-06-05T07:40:54.261158+00:00
PWM0708,Day,engineering,2,2026-06-05T07:40:54.261158+00:00
QAH1315,Day,engineering,2,2026-06-05T07:40:54.261158+00:00
QBL1386,Day,engineering,2,2026-06-05T07:40:54.261158+00:00
QFD1857,Day,engineering,1,2026-06-05T07:40:54.261158+00:00
QGS1841,Day,engineering,2,2026-06-05T07:40:54.261158+00:00
QHF3151,Day,engineering,1,2026-06-05T07:40:54.261158+00:00
QKO2718,Day,engineering,1,2026-06-05T07:40:54.261158+00:00
QSM3147,Day,engineering,1,2026-06-05T07:40:54.261158+00:00
QWL3474,Day,engineering,2,2026-06-05T07:40:54.261158+00:00
RAA0675,Day,engineering,1,2026-06-05T07:40:54.261158+00:00
RAA3570,Day,engineering,2,2026-06-05T07:40:54.261158+00:00
RAB1712,Day,engineering,1,2026-06-05T07:40:54.261158+00:00
RAF1290,Day,engineering,1,2026-06-05T07:40:54.261158+00:00
RBH3142,Day,engineering,1,2026-06-05T07:40:54.261158+00:00
RBP1171,Day,engineering,3,2026-06-05T07:40:54.261158+00:00
RCD2501,Day,engineering,3,2026-06-05T07:40:54.261158+00:00
RCG0105,Day,engineering,2,2026-06-05T07:40:54.261158+00:00
RCH3533,Day,engineering,2,2026-06-05T07:40:54.261158+00:00
RCJ0557,Day,engineering,1,2026-06-05T07:40:54.261158+00:00
RCV1311,Day,engineering,0,2026-06-05T07:40:54.261158+00:00
RDF1248,Day,engineering,2,2026-06-05T07:40:54.261158+00:00
RDP2116,Day,engineering,1,2026-06-05T07:40:54.261158+00:00
REM0580,Day,engineering,2,2026-06-05T07:40:54.261158+00:00
RGB1869,Day,engineering,1,2026-06-05T07:40:54.261158+00:00
RGM3111,Day,engineering,1,2026-06-05T07:40:54.261158+00:00
RHL0268,Day,engineering,2,2026-06-05T07:40:54.261158+00:00
RHO0678,Day,engineering,1,2026-06-05T07:40:54.261158+00:00
RJB1151,Day,engineering,1,2026-06-05T07:40:54.261158+00:00
RJB2622,Day,engineering,3,2026-06-05T07:40:54.261158+00:00
RJD2647,Day,engineering,0,2026-06-05T07:40:54.261158+00:00
RJW1440,Day,engineering,3,2026-06-05T07:40:54.261158+00:00
RKG2587,Day,engineering,3,2026-06-05T07:40:54.261158+00:00
RLS1738,Day,engineering,2,2026-06-05T07:40:54.261158+00:00
RMD0792,Day,engineering,2,2026-06-05T07:40:54.261158+00:00
RME2477,Day,engineering,3,2026-06-05T07:40:54.261158+00:00
RML2759,Day,engineering,2,2026-06-05T07:40:54.261158+00:00
RMR2694,Day,engineering,1,2026-06-05T07:40:54.261158+00:00
RND1473,Day,engineering,1,2026-06-05T07:40:54.261158+00:00
ROA3171,Day,engineering,2,2026-06-05T07:40:54.261158+00:00
RPB0029,Day,engineering,1,2026-06-05T07:40:54.261158+00:00
RPF2614,Day,engineering,3,2026-06-05T07:40:54.261158+00:00
RPL2640,Day,engineering,1,2026-06-05T07:40:54.261158+00:00
RRD2697,Day,engineering,2,2026-06-05T07:40:54.261158+00:00
RRT1417,Day,engineering,3,2026-06-05T07:40:54.261158+00:00
RSG0687,Day,engineering,2,2026-06-05T07:40:54.261158+00:00
RSS3182,Day,engineering,2,2026-06-05T07:40:54.261158+00:00
RSV3166,Day,engineering,2,2026-06-05T07:40:54.261158+00:00
RTP0754,Day,engineering,2,2026-06-05T07:40:54.261158+00:00
RTS2009,Day,engineering,0,2026-06-05T07:40:54.261158+00:00
RUB1156,Day,engineering,0,2026-06-05T07:40:54.261158+00:00
RUC1198,Day,engineering,1,2026-06-05T07:40:54.261158+00:00
RVR0095,Day,engineering,1,2026-06-05T07:40:54.261158+00:00
RVV0317,Day,engineering,3,2026-06-05T07:40:54.261158+00:00
SAB1954,Day,engineering,3,2026-06-05T07:40:54.261158+00:00
SAS1098,Day,engineering,1,2026-06-05T07:40:54.261158+00:00
SBM2719,Day,engineering,1,2026-06-05T07:40:54.261158+00:00
SCB1280,Day,engineering,2,2026-06-05T07:40:54.261158+00:00
SCC1896,Day,engineering,1,2026-06-05T07:40:54.261158+00:00
SCE1877,Day,engineering,2,2026-06-05T07:40:54.261158+00:00
SCG2695,Day,engineering,1,2026-06-05T07:40:54.261158+00:00
SDC3561,Day,engineering,0,2026-06-05T07:40:54.261158+00:00
SDE2662,Day,engineering,2,2026-06-05T07:40:54.261158+00:00
SDF3082,Day,engineering,3,2026-06-05T07:40:54.261158+00:00
SDH2394,Day,engineering,2,2026-06-05T07:40:54.261158+00:00
SDM2550,Day,engineering,3,2026-06-05T07:40:54.261158+00:00
SDM3560,Day,engineering,1,2026-06-05T07:40:54.261158+00:00
SEM1862,Day,engineering,2,2026-06-05T07:40:54.261158+00:00
SEM1983,Day,engineering,3,2026-06-05T07:40:54.261158+00:00
SGC2111,Day,engineering,0,2026-06-05T07:40:54.261158+00:00
SGF2611,Day,engineering,2,2026-06-05T07:40:54.261158+00:00
SGP1124,Day,engineering,2,2026-06-05T07:40:54.261158+00:00
SGR1164,Day,engineering,2,2026-06-05T07:40:54.261158+00:00
SGW0112,Day,engineering,3,2026-06-05T07:40:54.261158+00:00
SHG1281,Day,engineering,1,2026-06-05T07:40:54.261158+00:00
SHN0104,Day,engineering,0,2026-06-05T07:40:54.261158+00:00
SHP1418,Day,engineering,0,2026-06-05T07:40:54.261158+00:00
SHP1713,Day,engineering,1,2026-06-05T07:40:54.261158+00:00
SHS3176,Day,engineering,0,2026-06-05T07:40:54.261158+00:00
SIR3201,Day,engineering,2,2026-06-05T07:40:54.261158+00:00
SIW2528,Day,engineering,2,2026-06-05T07:40:54.261158+00:00
SJS1415,Day,engineering,2,2026-06-05T07:40:54.261158+00:00
SJT0698,Day,engineering,0,2026-06-05T07:40:54.261158+00:00
SJW0184,Day,engineering,1,2026-06-05T07:40:54.261158+00:00
SKF2105,Day,engineering,3,2026-06-05T07:40:54.261158+00:00
SKM1287,Day,engineering,1,2026-06-05T07:40:54.261158+00:00
SLM2404,Day,engineering,1,2026-06-05T07:40:54.261158+00:00
SLS0834,Day,engineering,3,2026-06-05T07:40:54.261158+00:00
SME0418,Day,engineering,1,2026-06-05T07:40:54.261158+00:00
SME1984,Day,engineering,3,2026-06-05T07:40:54.261158+00:00
SMG1268,Day,engineering,2,2026-06-05T07:40:54.261158+00:00
SMN1103,Day,engineering,2,2026-06-05T07:40:54.261158+00:00
SNC1837,Day,engineering,2,2026-06-05T07:40:54.261158+00:00
SOK1299,Day,engineering,1,2026-06-05T07:40:54.261158+00:00
SPW0753,Day,engineering,1,2026-06-05T07:40:54.261158+00:00
SRA3210,Day,engineering,0,2026-06-05T07:40:54.261158+00:00
SRB2600,Day,engineering,3,2026-06-05T07:40:54.261158+00:00
SRC2524,Day,engineering,1,2026-06-05T07:40:54.261158+00:00
SRN2617,Day,engineering,0,2026-06-05T07:40:54.261158+00:00
SRP2080,Day,engineering,1,2026-06-05T07:40:54.261158+00:00
SRR2711,Day,engineering,2,2026-06-05T07:40:54.261158+00:00
SSH1845,Day,engineering,0,2026-06-05T07:40:54.261158+00:00
SSR1962,Day,engineering,2,2026-06-05T07:40:54.261158+00:00
SSS3091,Day,engineering,0,2026-06-05T07:40:54.261158+00:00
SWA1824,Day,engineering,0,2026-06-05T07:40:54.261158+00:00
SWE3155,Day,engineering,2,2026-06-05T07:40:54.261158+00:00
SWM0188,Day,engineering,1,2026-06-05T07:40:54.261158+00:00
SXW0537,Day,engineering,1,2026-06-05T07:40:54.261158+00:00
SYF3607,Day,engineering,1,2026-06-05T07:40:54.261158+00:00
SZG0325,Day,engineering,3,2026-06-05T07:40:54.261158+00:00
TAB0684,Day,engineering,2,2026-06-05T07:40:54.261158+00:00
TAB3539,Day,engineering,1,2026-06-05T07:40:54.261158+00:00
TAD1414,Day,engineering,1,2026-06-05T07:40:54.261158+00:00
TAJ0193,Day,engineering,2,2026-06-05T07:40:54.261158+00:00
TAP0664,Day,engineering,2,2026-06-05T07:40:54.261158+00:00
TBD2008,Day,engineering,3,2026-06-05T07:40:54.261158+00:00
TCB0550,Day,engineering,3,2026-06-05T07:40:54.261158+00:00
TCP2520,Day,engineering,2,2026-06-05T07:40:54.261158+00:00
TDC3116,Day,engineering,1,2026-06-05T07:40:54.261158+00:00
TDJ3138,Day,engineering,2,2026-06-05T07:40:54.261158+00:00
TDM2658,Day,engineering,1,2026-06-05T07:40:54.261158+00:00
TDR0111,Day,engineering,3,2026-06-05T07:40:54.261158+00:00
TEC3006,Day,engineering,1,2026-06-05T07:40:54.261158+00:00
TEW0693,Day,engineering,2,2026-06-05T07:40:54.261158+00:00
TFH0544,Day,engineering,2,2026-06-05T07:40:54.261158+00:00
THC2752,Day,engineering,3,2026-06-05T07:40:54.261158+00:00
THH2751,Day,engineering,2,2026-06-05T07:40:54.261158+00:00
TIE1175,Day,engineering,3,2026-06-05T07:40:54.261158+00:00
TJB0540,Day,engineering,0,2026-06-05T07:40:54.261158+00:00
TJB2532,Day,engineering,1,2026-06-05T07:40:54.261158+00:00
TJB3240,Day,engineering,2,2026-06-05T07:40:54.261158+00:00
TJD0106,Day,engineering,2,2026-06-05T07:40:54.261158+00:00
TKD2115,Day,engineering,1,2026-06-05T07:40:54.261158+00:00
TKK0628,Day,engineering,2,2026-06-05T07:40:54.261158+00:00
TKM2494,Day,engineering,0,2026-06-05T07:40:54.261158+00:00
TLC1147,Day,engineering,1,2026-06-05T07:40:54.261158+00:00
TND0324,Day,engineering,3,2026-06-05T07:40:54.261158+00:00
TNV3213,Day,engineering,1,2026-06-05T07:40:54.261158+00:00
TPG2392,Day,engineering,1,2026-06-05T07:40:54.261158+00:00
TPM3141,Day,engineering,1,2026-06-05T07:40:54.261158+00:00
TPS2595,Day,engineering,2,2026-06-05T07:40:54.261158+00:00
TQR3104,Day,engineering,1,2026-06-05T07:40:54.261158+00:00
TRW3172,Day,engineering,0,2026-06-05T07:40:54.261158+00:00
TSF3478,Day,engineering,1,2026-06-05T07:40:54.261158+00:00
TSL2699,Day,engineering,1,2026-06-05T07:40:54.261158+00:00
TSO3216,Day,engineering,2,2026-06-05T07:40:54.261158+00:00
TTK2633,Day,engineering,1,2026-06-05T07:40:54.261158+00:00
TTL3088,Day,engineering,2,2026-06-05T07:40:54.261158+00:00
TWW0811,Day,engineering,0,2026-06-05T07:40:54.261158+00:00
UAD2700,Day,engineering,1,2026-06-05T07:40:54.261158+00:00
UCM3537,Day,engineering,2,2026-06-05T07:40:54.261158+00:00
UDB1170,Day,engineering,2,2026-06-05T07:40:54.261158+00:00
UKC0543,Day,engineering,2,2026-06-05T07:40:54.261158+00:00
UKS1465,Day,engineering,0,2026-06-05T07:40:54.261158+00:00
VAB1102,Day,engineering,1,2026-06-05T07:40:54.261158+00:00
VAD2639,Day,engineering,1,2026-06-05T07:40:54.261158+00:00
VCR3103,Day,engineering,1,2026-06-05T07:40:54.261158+00:00
VDB0247,Day,engineering,3,2026-06-05T07:40:54.261158+00:00
VDM2701,Day,engineering,1,2026-06-05T07:40:54.261158+00:00
VFM3223,Day,engineering,0,2026-06-05T07:40:54.261158+00:00
VJC1974,Day,engineering,3,2026-06-05T07:40:54.261158+00:00
VJM2715,Day,engineering,1,2026-06-05T07:40:54.261158+00:00
VLM3572,Day,engineering,2,2026-06-05T07:40:54.261158+00:00
VNH1282,Day,engineering,1,2026-06-05T07:40:54.261158+00:00
VPG2530,Day,engineering,0,2026-06-05T07:40:54.261158+00:00
VQS3246,Day,engineering,3,2026-06-05T07:40:54.261158+00:00
VTB2147,Day,engineering,1,2026-06-05T07:40:54.261158+00:00
VZG2484,Day,engineering,3,2026-06-05T07:40:54.261158+00:00
WAR1374,Day,engineering,1,2026-06-05T07:40:54.261158+00:00
WBH1861,Day,engineering,2,2026-06-05T07:40:54.261158+00:00
WBM0690,Day,engineering,1,2026-06-05T07:40:54.261158+00:00
WCP2123,Day,engineering,1,2026-06-05T07:40:54.261158+00:00
WES2531,Day,engineering,1,2026-06-05T07:40:54.261158+00:00
WGD3156,Day,engineering,2,2026-06-05T07:40:54.261158+00:00
WJC2637,Day,engineering,1,2026-06-05T07:40:54.261158+00:00
WJH3158,Day,engineering,1,2026-06-05T07:40:54.261158+00:00
WJM3209,Day,engineering,0,2026-06-05T07:40:54.261158+00:00
WKC0573,Day,engineering,2,2026-06-05T07:40:54.261158+00:00
WLC0115,Day,engineering,1,2026-06-05T07:40:54.261158+00:00
WLL1133,Day,engineering,1,2026-06-05T07:40:54.261158+00:00
WMR2723,Day,engineering,2,2026-06-05T07:40:54.261158+00:00
WNR0661,Day,engineering,1,2026-06-05T07:40:54.261158+00:00
WOL3226,Day,engineering,2,2026-06-05T07:40:54.261158+00:00
WPR1884,Day,engineering,1,2026-06-05T07:40:54.261158+00:00
WRF3534,Day,engineering,1,2026-06-05T07:40:54.261158+00:00
WSE1949,Day,engineering,3,2026-06-05T07:40:54.261158+00:00
WSH1130,Day,engineering,1,2026-06-05T07:40:54.261158+00:00
WSS0820,Day,engineering,0,2026-06-05T07:40:54.261158+00:00
WTG2109,Day,engineering,2,2026-06-05T07:40:54.261158+00:00
WZG3563,Day,engineering,0,2026-06-05T07:40:54.261158+00:00
XAB0627,Day,engineering,3,2026-06-05T07:40:54.261158+00:00
XAH2479,Day,engineering,3,2026-06-05T07:40:54.261158+00:00
XBK2623,Day,engineering,3,2026-06-05T07:40:54.261158+00:00
XBW2502,Day,engineering,2,2026-06-05T07:40:54.261158+00:00
XFF1302,Day,engineering,1,2026-06-05T07:40:54.261158+00:00
XIW0171,Day,engineering,2,2026-06-05T07:40:54.261158+00:00
XIW2655,Day,engineering,2,2026-06-05T07:40:54.261158+00:00
XKL1317,Day,engineering,1,2026-06-05T07:40:54.261158+00:00
XKW1135,Day,engineering,2,2026-06-05T07:40:54.261158+00:00
XRP3102,Day,engineering,1,2026-06-05T07:40:54.261158+00:00
XSR3526,Day,engineering,1,2026-06-05T07:40:54.261158+00:00
YAS2508,Day,engineering,1,2026-06-05T07:40:54.261158+00:00
YAV0093,Day,engineering,2,2026-06-05T07:40:54.261158+00:00
YCL0824,Day,engineering,0,2026-06-05T07:40:54.261158+00:00
YDM1720,Day,engineering,2,2026-06-05T07:40:54.261158+00:00
YFT1382,Day,engineering,0,2026-06-05T07:40:54.261158+00:00
YJR1149,Day,engineering,2,2026-06-05T07:40:54.261158+00:00
YLL0795,Day,engineering,2,2026-06-05T07:40:54.261158+00:00
YOH1176,Day,engineering,3,2026-06-05T07:40:54.261158+00:00
YSG1195,Day,engineering,1,2026-06-05T07:40:54.261158+00:00
YZC3244,Day,engineering,3,2026-06-05T07:40:54.261158+00:00
ZAR2140,Day,engineering,1,2026-06-05T07:40:54.261158+00:00
ZBW1015,Day,engineering,2,2026-06-05T07:40:54.261158+00:00
ZCR0558,Day,engineering,0,2026-06-05T07:40:54.261158+00:00
ZDC2523,Day,engineering,2,2026-06-05T07:40:54.261158+00:00
ZHF1006,Day,engineering,1,2026-06-05T07:40:54.261158+00:00
ZHH3206,Day,engineering,1,2026-06-05T07:40:54.261158+00:00
ZHM1979,Day,engineering,3,2026-06-05T07:40:54.261158+00:00
ZJS2648,Day,engineering,2,2026-06-05T07:40:54.261158+00:00
ZLB1878,Day,engineering,1,2026-06-05T07:40:54.261158+00:00
ZLG3090,Day,engineering,0,2026-06-05T07:40:54.261158+00:00
ZOM0746,Day,engineering,1,2026-06-05T07:40:54.261158+00:00
ZSL2618,Day,engineering,3,2026-06-05T07:40:54.261158+00:00
ZXM3086,Day,engineering,1,2026-06-05T07:40:54.261158+00:00
AAC3270,Day,logistics,0,2026-06-05T07:40:54.261158+00:00
ABB0300,Day,logistics,2,2026-06-05T07:40:54.261158+00:00
ACA3252,Day,logistics,0,2026-06-05T07:40:54.261158+00:00
ACM3964,Day,logistics,2,2026-06-05T07:40:54.261158+00:00
ADP3667,Day,logistics,1,2026-06-05T07:40:54.261158+00:00
ADW2832,Day,logistics,0,2026-06-05T07:40:54.261158+00:00
AFF1492,Day,logistics,3,2026-06-05T07:40:54.261158+00:00
AID2774,Day,logistics,1,2026-06-05T07:40:54.261158+00:00
AKH1534,Day,logistics,1,2026-06-05T07:40:54.261158+00:00
ALH1494,Day,logistics,0,2026-06-05T07:40:54.261158+00:00
AME1490,Day,logistics,1,2026-06-05T07:40:54.261158+00:00
AOP1542,Day,logistics,0,2026-06-05T07:40:54.261158+00:00
APP3678,Day,logistics,1,2026-06-05T07:40:54.261158+00:00
ASM3925,Day,logistics,0,2026-06-05T07:40:54.261158+00:00
AYD2775,Day,logistics,2,2026-06-05T07:40:54.261158+00:00
BAL3618,Day,logistics,1,2026-06-05T07:40:54.261158+00:00
BBB3612,Day,logistics,0,2026-06-05T07:40:54.261158+00:00
BDB2163,Day,logistics,1,2026-06-05T07:40:54.261158+00:00
BDM3662,Day,logistics,2,2026-06-05T07:40:54.261158+00:00
BDP3912,Day,logistics,0,2026-06-05T07:40:54.261158+00:00
BIT2790,Day,logistics,1,2026-06-05T07:40:54.261158+00:00
BKF1545,Day,logistics,1,2026-06-05T07:40:54.261158+00:00
BKF2204,Day,logistics,2,2026-06-05T07:40:54.261158+00:00
BKM3611,Day,logistics,1,2026-06-05T07:40:54.261158+00:00
BLL3910,Day,logistics,0,2026-06-05T07:40:54.261158+00:00
BNC1497,Day,logistics,3,2026-06-05T07:40:54.261158+00:00
BRG3267,Day,logistics,0,2026-06-05T07:40:54.261158+00:00
BRM0843,Day,logistics,2,2026-06-05T07:40:54.261158+00:00
BSV1499,Day,logistics,1,2026-06-05T07:40:54.261158+00:00
BYS3626,Day,logistics,1,2026-06-05T07:40:54.261158+00:00
CAG3622,Day,logistics,0,2026-06-05T07:40:54.261158+00:00
CBD3251,Day,logistics,0,2026-06-05T07:40:54.261158+00:00
CCG3254,Day,logistics,3,2026-06-05T07:40:54.261158+00:00
CCT2165,Day,logistics,1,2026-06-05T07:40:54.261158+00:00
CJH3630,Day,logistics,0,2026-06-05T07:40:54.261158+00:00
CJJ1491,Day,logistics,3,2026-06-05T07:40:54.261158+00:00
CJM3315,Day,logistics,2,2026-06-05T07:40:54.261158+00:00
CLG3616,Day,logistics,0,2026-06-05T07:40:54.261158+00:00
CLM2776,Day,logistics,1,2026-06-05T07:40:54.261158+00:00
CMW0437,Day,logistics,1,2026-06-05T07:40:54.261158+00:00
CNE2161,Day,logistics,0,2026-06-05T07:40:54.261158+00:00
CTH2220,Day,logistics,2,2026-06-05T07:40:54.261158+00:00
DAB3255,Day,logistics,1,2026-06-05T07:40:54.261158+00:00
DAM2837,Day,logistics,3,2026-06-05T07:40:54.261158+00:00
DBS0880,Day,logistics,2,2026-06-05T07:40:54.261158+00:00
DER2162,Day,logistics,1,2026-06-05T07:40:54.261158+00:00
DFP3615,Day,logistics,1,2026-06-05T07:40:54.261158+00:00
DHL2219,Day,logistics,2,2026-06-05T07:40:54.261158+00:00
DIP3310,Day,logistics,2,2026-06-05T07:40:54.261158+00:00
DIR3921,Day,logistics,0,2026-06-05T07:40:54.261158+00:00
DLM2826,Day,logistics,1,2026-06-05T07:40:54.261158+00:00
DRF1498,Day,logistics,1,2026-06-05T07:40:54.261158+00:00
DSA3620,Day,logistics,1,2026-06-05T07:40:54.261158+00:00
EGB3624,Day,logistics,0,2026-06-05T07:40:54.261158+00:00
EGD3972,Day,logistics,2,2026-06-05T07:40:54.261158+00:00
ENH3969,Day,logistics,2,2026-06-05T07:40:54.261158+00:00
EPH2834,Day,logistics,0,2026-06-05T07:40:54.261158+00:00
EPW3971,Day,logistics,2,2026-06-05T07:40:54.261158+00:00
ESS3318,Day,logistics,1,2026-06-05T07:40:54.261158+00:00
EWA1486,Day,logistics,3,2026-06-05T07:40:54.261158+00:00
FCM3926,Day,logistics,0,2026-06-05T07:40:54.261158+00:00
FCS2824,Day,logistics,1,2026-06-05T07:40:54.261158+00:00
FDH0299,Day,logistics,2,2026-06-05T07:40:54.261158+00:00
FKD2779,Day,logistics,2,2026-06-05T07:40:54.261158+00:00
FQL3629,Day,logistics,0,2026-06-05T07:40:54.261158+00:00
FVR0881,Day,logistics,1,2026-06-05T07:40:54.261158+00:00
GCS2218,Day,logistics,2,2026-06-05T07:40:54.261158+00:00
GDM3960,Day,logistics,1,2026-06-05T07:40:54.261158+00:00
GEB3975,Day,logistics,1,2026-06-05T07:40:54.261158+00:00
GIH0882,Day,logistics,1,2026-06-05T07:40:54.261158+00:00
GJB0850,Day,logistics,2,2026-06-05T07:40:54.261158+00:00
GJM0838,Day,logistics,2,2026-06-05T07:40:54.261158+00:00
GJO3614,Day,logistics,0,2026-06-05T07:40:54.261158+00:00
GPD3917,Day,logistics,1,2026-06-05T07:40:54.261158+00:00
GSS0841,Day,logistics,2,2026-06-05T07:40:54.261158+00:00
GWM3260,Day,logistics,1,2026-06-05T07:40:54.261158+00:00
GYO2169,Day,logistics,3,2026-06-05T07:40:54.261158+00:00
HEW2164,Day,logistics,0,2026-06-05T07:40:54.261158+00:00
HJG2157,Day,logistics,1,2026-06-05T07:40:54.261158+00:00
HMM2841,Day,logistics,0,2026-06-05T07:40:54.261158+00:00
HNB3661,Day,logistics,1,2026-06-05T07:40:54.261158+00:00
HOE0301,Day,logistics,2,2026-06-05T07:40:54.261158+00:00
HOJ2172,Day,logistics,0,2026-06-05T07:40:54.261158+00:00
HTR1551,Day,logistics,1,2026-06-05T07:40:54.261158+00:00
IHH2831,Day,logistics,0,2026-06-05T07:40:54.261158+00:00
IJC1553,Day,logistics,0,2026-06-05T07:40:54.261158+00:00
ILK3668,Day,logistics,2,2026-06-05T07:40:54.261158+00:00
IMM3253,Day,logistics,3,2026-06-05T07:40:54.261158+00:00
IRP3916,Day,logistics,3,2026-06-05T07:40:54.261158+00:00
IWB3257,Day,logistics,1,2026-06-05T07:40:54.261158+00:00
JBB0847,Day,logistics,1,2026-06-05T07:40:54.261158+00:00
JBO2839,Day,logistics,0,2026-06-05T07:40:54.261158+00:00
JCR1536,Day,logistics,0,2026-06-05T07:40:54.261158+00:00
JCR3919,Day,logistics,1,2026-06-05T07:40:54.261158+00:00
JDH1550,Day,logistics,2,2026-06-05T07:40:54.261158+00:00
JDR0436,Day,logistics,0,2026-06-05T07:40:54.261158+00:00
JEH2787,Day,logistics,1,2026-06-05T07:40:54.261158+00:00
JFB2168,Day,logistics,1,2026-06-05T07:40:54.261158+00:00
JFO2840,Day,logistics,1,2026-06-05T07:40:54.261158+00:00
JGR3914,Day,logistics,3,2026-06-05T07:40:54.261158+00:00
JIR2827,Day,logistics,0,2026-06-05T07:40:54.261158+00:00
JKH3673,Day,logistics,2,2026-06-05T07:40:54.261158+00:00
JMM0848,Day,logistics,2,2026-06-05T07:40:54.261158+00:00
JOC3621,Day,logistics,1,2026-06-05T07:40:54.261158+00:00
JSC3976,Day,logistics,1,2026-06-05T07:40:54.261158+00:00
JSW0872,Day,logistics,2,2026-06-05T07:40:54.261158+00:00
KAP0844,Day,logistics,2,2026-06-05T07:40:54.261158+00:00
KBC1485,Day,logistics,1,2026-06-05T07:40:54.261158+00:00
KBH3913,Day,logistics,1,2026-06-05T07:40:54.261158+00:00
KDC1487,Day,logistics,0,2026-06-05T07:40:54.261158+00:00
KDM2836,Day,logistics,3,2026-06-05T07:40:54.261158+00:00
KDM3923,Day,logistics,1,2026-06-05T07:40:54.261158+00:00
KNS2828,Day,logistics,0,2026-06-05T07:40:54.261158+00:00
KPO3619,Day,logistics,0,2026-06-05T07:40:54.261158+00:00
KSJ0840,Day,logistics,2,2026-06-05T07:40:54.261158+00:00
KTL2843,Day,logistics,0,2026-06-05T07:40:54.261158+00:00
KTS3908,Day,logistics,3,2026-06-05T07:40:54.261158+00:00
KWR1544,Day,logistics,0,2026-06-05T07:40:54.261158+00:00
LAF2213,Day,logistics,1,2026-06-05T07:40:54.261158+00:00
LBG3911,Day,logistics,3,2026-06-05T07:40:54.261158+00:00
LDB3304,Day,logistics,2,2026-06-05T07:40:54.261158+00:00
LGF1503,Day,logistics,0,2026-06-05T07:40:54.261158+00:00
LGM2170,Day,logistics,3,2026-06-05T07:40:54.261158+00:00
LMZ1501,Day,logistics,0,2026-06-05T07:40:54.261158+00:00
LPH3918,Day,logistics,1,2026-06-05T07:40:54.261158+00:00
LRW1502,Day,logistics,0,2026-06-05T07:40:54.261158+00:00
LUG2205,Day,logistics,1,2026-06-05T07:40:54.261158+00:00
LXC0839,Day,logistics,1,2026-06-05T07:40:54.261158+00:00
MAL0434,Day,logistics,0,2026-06-05T07:40:54.261158+00:00
MBR3261,Day,logistics,3,2026-06-05T07:40:54.261158+00:00
MCK0435,Day,logistics,1,2026-06-05T07:40:54.261158+00:00
MCQ1546,Day,logistics,0,2026-06-05T07:40:54.261158+00:00
MGS2159,Day,logistics,0,2026-06-05T07:40:54.261158+00:00
MHB0845,Day,logistics,1,2026-06-05T07:40:54.261158+00:00
MJB2167,Day,logistics,0,2026-06-05T07:40:54.261158+00:00
MMM2156,Day,logistics,0,2026-06-05T07:40:54.261158+00:00
MRC2160,Day,logistics,0,2026-06-05T07:40:54.261158+00:00
MSM3264,Day,logistics,0,2026-06-05T07:40:54.261158+00:00
NJM0440,Day,logistics,1,2026-06-05T07:40:54.261158+00:00
NMS1493,Day,logistics,0,2026-06-05T07:40:54.261158+00:00
NNF3968,Day,logistics,1,2026-06-05T07:40:54.261158+00:00
OAP2825,Day,logistics,1,2026-06-05T07:40:54.261158+00:00
OCS1541,Day,logistics,1,2026-06-05T07:40:54.261158+00:00
OJB1538,Day,logistics,0,2026-06-05T07:40:54.261158+00:00
ORM1484,Day,logistics,1,2026-06-05T07:40:54.261158+00:00
OVM1496,Day,logistics,3,2026-06-05T07:40:54.261158+00:00
PAB0879,Day,logistics,1,2026-06-05T07:40:54.261158+00:00
PIP3915,Day,logistics,1,2026-06-05T07:40:54.261158+00:00
QCN2206,Day,logistics,2,2026-06-05T07:40:54.261158+00:00
QKP3927,Day,logistics,0,2026-06-05T07:40:54.261158+00:00
RCB0302,Day,logistics,2,2026-06-05T07:40:54.261158+00:00
RCW2838,Day,logistics,0,2026-06-05T07:40:54.261158+00:00
REF3266,Day,logistics,1,2026-06-05T07:40:54.261158+00:00
REG2171,Day,logistics,1,2026-06-05T07:40:54.261158+00:00
RHA3613,Day,logistics,3,2026-06-05T07:40:54.261158+00:00
RHM3909,Day,logistics,3,2026-06-05T07:40:54.261158+00:00
RHR2835,Day,logistics,1,2026-06-05T07:40:54.261158+00:00
RJS0846,Day,logistics,2,2026-06-05T07:40:54.261158+00:00
RJS3256,Day,logistics,0,2026-06-05T07:40:54.261158+00:00
RLH1548,Day,logistics,0,2026-06-05T07:40:54.261158+00:00
RLP3268,Day,logistics,1,2026-06-05T07:40:54.261158+00:00
RPS3617,Day,logistics,3,2026-06-05T07:40:54.261158+00:00
RQR3924,Day,logistics,0,2026-06-05T07:40:54.261158+00:00
RSS0875,Day,logistics,2,2026-06-05T07:40:54.261158+00:00
RTM0849,Day,logistics,2,2026-06-05T07:40:54.261158+00:00
RTN3680,Day,logistics,1,2026-06-05T07:40:54.261158+00:00
RVB0303,Day,logistics,1,2026-06-05T07:40:54.261158+00:00
RWH3312,Day,logistics,2,2026-06-05T07:40:54.261158+00:00
SAD3259,Day,logistics,1,2026-06-05T07:40:54.261158+00:00
SBJ3628,Day,logistics,0,2026-06-05T07:40:54.261158+00:00
SDC2793,Day,logistics,2,2026-06-05T07:40:54.261158+00:00
SER2158,Day,logistics,0,2026-06-05T07:40:54.261158+00:00
SGM2153,Day,logistics,3,2026-06-05T07:40:54.261158+00:00
SKE3262,Day,logistics,3,2026-06-05T07:40:54.261158+00:00
SKP3263,Day,logistics,0,2026-06-05T07:40:54.261158+00:00
SKS0339,Day,logistics,1,2026-06-05T07:40:54.261158+00:00
SMR0338,Day,logistics,1,2026-06-05T07:40:54.261158+00:00
SWO3258,Day,logistics,0,2026-06-05T07:40:54.261158+00:00
TAM1488,Day,logistics,0,2026-06-05T07:40:54.261158+00:00
TBB1547,Day,logistics,0,2026-06-05T07:40:54.261158+00:00
TCH2216,Day,logistics,2,2026-06-05T07:40:54.261158+00:00
TGC1489,Day,logistics,0,2026-06-05T07:40:54.261158+00:00
TKM1539,Day,logistics,1,2026-06-05T07:40:54.261158+00:00
TKS1549,Day,logistics,1,2026-06-05T07:40:54.261158+00:00
TWM0837,Day,logistics,2,2026-06-05T07:40:54.261158+00:00
TZM0851,Day,logistics,1,2026-06-05T07:40:54.261158+00:00
UAS2829,Day,logistics,0,2026-06-05T07:40:54.261158+00:00
UME2842,Day,logistics,0,2026-06-05T07:40:54.261158+00:00
UMS0883,Day,logistics,1,2026-06-05T07:40:54.261158+00:00
UXC1495,Day,logistics,1,2026-06-05T07:40:54.261158+00:00
VAC3966,Day,logistics,2,2026-06-05T07:40:54.261158+00:00
VEB3671,Day,logistics,1,2026-06-05T07:40:54.261158+00:00
VMW1500,Day,logistics,0,2026-06-05T07:40:54.261158+00:00
WAC3677,Day,logistics,2,2026-06-05T07:40:54.261158+00:00
WAH2778,Day,logistics,1,2026-06-05T07:40:54.261158+00:00
WFH2830,Day,logistics,1,2026-06-05T07:40:54.261158+00:00
WJW3627,Day,logistics,1,2026-06-05T07:40:54.261158+00:00
WKS3265,Day,logistics,1,2026-06-05T07:40:54.261158+00:00
WMM0873,Day,logistics,2,2026-06-05T07:40:54.261158+00:00
WVC3623,Day,logistics,3,2026-06-05T07:40:54.261158+00:00
XBL3922,Day,logistics,3,2026-06-05T07:40:54.261158+00:00
XML3920,Day,logistics,0,2026-06-05T07:40:54.261158+00:00
XPW2833,Day,logistics,1,2026-06-05T07:40:54.261158+00:00
YCL2166,Day,logistics,3,2026-06-05T07:40:54.261158+00:00
YRW0842,Day,logistics,2,2026-06-05T07:40:54.261158+00:00
ZDC3269,Day,logistics,0,2026-06-05T07:40:54.261158+00:00
ZMH1543,Day,logistics,0,2026-06-05T07:40:54.261158+00:00
ZNB3313,Day,logistics,1,2026-06-05T07:40:54.261158+00:00
ZND2154,Day,logistics,0,2026-06-05T07:40:54.261158+00:00
ZSW2155,Day,logistics,3,2026-06-05T07:40:54.261158+00:00
ZWS3625,Day,logistics,0,2026-06-05T07:40:54.261158+00:00
AAD2188,Day,operations,2,2026-06-05T07:40:54.261158+00:00
AAF3937,Day,operations,0,2026-06-05T07:40:54.261158+00:00
AAS2987,Day,operations,0,2026-06-05T07:40:54.261158+00:00
AAT2913,Day,operations,0,2026-06-05T07:40:54.261158+00:00
AAW0894,Day,operations,1,2026-06-05T07:40:54.261158+00:00
ABH0349,Day,operations,1,2026-06-05T07:40:54.261158+00:00
ABL0870,Day,operations,0,2026-06-05T07:40:54.261158+00:00
ABM3641,Day,operations,3,2026-06-05T07:40:54.261158+00:00
ABM3687,Day,operations,3,2026-06-05T07:40:54.261158+00:00
ABP2917,Day,operations,3,2026-06-05T07:40:54.261158+00:00
ABR0397,Day,operations,3,2026-06-05T07:40:54.261158+00:00
ACB0701,Day,operations,1,2026-06-05T07:40:54.261158+00:00
ACG0312,Day,operations,3,2026-06-05T07:40:54.261158+00:00
ACG3819,Day,operations,1,2026-06-05T07:40:54.261158+00:00
ACN2347,Day,operations,3,2026-06-05T07:40:54.261158+00:00
ACW0426,Day,operations,0,2026-06-05T07:40:54.261158+00:00
ADH0975,Day,operations,3,2026-06-05T07:40:54.261158+00:00
ADP1625,Day,operations,3,2026-06-05T07:40:54.261158+00:00
ADR1517,Day,operations,3,2026-06-05T07:40:54.261158+00:00
ADV1640,Day,operations,0,2026-06-05T07:40:54.261158+00:00
AFB0904,Day,operations,3,2026-06-05T07:40:54.261158+00:00
AFB1626,Day,operations,2,2026-06-05T07:40:54.261158+00:00
AFP2247,Day,operations,0,2026-06-05T07:40:54.261158+00:00
AGF2302,Day,operations,2,2026-06-05T07:40:54.261158+00:00
AHG3997,Day,operations,0,2026-06-05T07:40:54.261158+00:00
AIH2535,Day,operations,1,2026-06-05T07:40:54.261158+00:00
AIJ3995,Day,operations,1,2026-06-05T07:40:54.261158+00:00
AIP1614,Day,operations,3,2026-06-05T07:40:54.261158+00:00
AIV3936,Day,operations,1,2026-06-05T07:40:54.261158+00:00
AIY3991,Day,operations,1,2026-06-05T07:40:54.261158+00:00
AJM0345,Day,operations,3,2026-06-05T07:40:54.261158+00:00
AKB2312,Day,operations,0,2026-06-05T07:40:54.261158+00:00
AKS0298,Day,operations,0,2026-06-05T07:40:54.261158+00:00
AKS3705,Day,operations,2,2026-06-05T07:40:54.261158+00:00
ALB3649,Day,operations,3,2026-06-05T07:40:54.261158+00:00
ALH2916,Day,operations,2,2026-06-05T07:40:54.261158+00:00
AMA2808,Day,operations,1,2026-06-05T07:40:54.261158+00:00
AMS0712,Day,operations,3,2026-06-05T07:40:54.261158+00:00
ANB0938,Day,operations,1,2026-06-05T07:40:54.261158+00:00
ANB2766,Day,operations,1,2026-06-05T07:40:54.261158+00:00
ANF3332,Day,operations,1,2026-06-05T07:40:54.261158+00:00
AOC0982,Day,operations,1,2026-06-05T07:40:54.261158+00:00
AOD2178,Day,operations,0,2026-06-05T07:40:54.261158+00:00
APH2985,Day,operations,2,2026-06-05T07:40:54.261158+00:00
APS3701,Day,operations,0,2026-06-05T07:40:54.261158+00:00
ARB3934,Day,operations,0,2026-06-05T07:40:54.261158+00:00
ARC2809,Day,operations,3,2026-06-05T07:40:54.261158+00:00
ARW1507,Day,operations,2,2026-06-05T07:40:54.261158+00:00
ARZ3464,Day,operations,1,2026-06-05T07:40:54.261158+00:00
ASK2349,Day,operations,1,2026-06-05T07:40:54.261158+00:00
ATF3708,Day,operations,0,2026-06-05T07:40:54.261158+00:00
ATF3951,Day,operations,0,2026-06-05T07:40:54.261158+00:00
ATM1615,Day,operations,1,2026-06-05T07:40:54.261158+00:00
ATR1677,Day,operations,1,2026-06-05T07:40:54.261158+00:00
AUG2242,Day,operations,0,2026-06-05T07:40:54.261158+00:00
AVH2360,Day,operations,1,2026-06-05T07:40:54.261158+00:00
AWM2286,Day,operations,3,2026-06-05T07:40:54.261158+00:00
AYL1635,Day,operations,0,2026-06-05T07:40:54.261158+00:00
AYS1628,Day,operations,3,2026-06-05T07:40:54.261158+00:00
AZG2343,Day,operations,3,2026-06-05T07:40:54.261158+00:00
BAB1619,Day,operations,3,2026-06-05T07:40:54.261158+00:00
BAB2968,Day,operations,0,2026-06-05T07:40:54.261158+00:00
BAC2914,Day,operations,0,2026-06-05T07:40:54.261158+00:00
BAH3684,Day,operations,2,2026-06-05T07:40:54.261158+00:00
BAL2366,Day,operations,3,2026-06-05T07:40:54.261158+00:00
BAO2928,Day,operations,1,2026-06-05T07:40:54.261158+00:00
BAV0390,Day,operations,0,2026-06-05T07:40:54.261158+00:00
BBM3688,Day,operations,2,2026-06-05T07:40:54.261158+00:00
BBT0062,Day,operations,1,2026-06-05T07:40:54.261158+00:00
BCS2912,Day,operations,3,2026-06-05T07:40:54.261158+00:00
BDJ3001,Day,operations,3,2026-06-05T07:40:54.261158+00:00
BDJ3326,Day,operations,1,2026-06-05T07:40:54.261158+00:00
BDK0854,Day,operations,0,2026-06-05T07:40:54.261158+00:00
BEA0311,Day,operations,2,2026-06-05T07:40:54.261158+00:00
BEH2307,Day,operations,3,2026-06-05T07:40:54.261158+00:00
BEH2967,Day,operations,3,2026-06-05T07:40:54.261158+00:00
BGA2301,Day,operations,3,2026-06-05T07:40:54.261158+00:00
BGH2861,Day,operations,0,2026-06-05T07:40:54.261158+00:00
BGM2545,Day,operations,3,2026-06-05T07:40:54.261158+00:00
BGN3820,Day,operations,1,2026-06-05T07:40:54.261158+00:00
BHK2196,Day,operations,0,2026-06-05T07:40:54.261158+00:00
BHN2290,Day,operations,0,2026-06-05T07:40:54.261158+00:00
BIG3946,Day,operations,0,2026-06-05T07:40:54.261158+00:00
BJH3402,Day,operations,1,2026-06-05T07:40:54.261158+00:00
BJR0940,Day,operations,0,2026-06-05T07:40:54.261158+00:00
BKB0853,Day,operations,3,2026-06-05T07:40:54.261158+00:00
BKC3473,Day,operations,0,2026-06-05T07:40:54.261158+00:00
BKF0427,Day,operations,3,2026-06-05T07:40:54.261158+00:00
BKM3410,Day,operations,1,2026-06-05T07:40:54.261158+00:00
BLD2227,Day,operations,1,2026-06-05T07:40:54.261158+00:00
BMC3636,Day,operations,1,2026-06-05T07:40:54.261158+00:00
BMM3328,Day,operations,1,2026-06-05T07:40:54.261158+00:00
BNW3985,Day,operations,3,2026-06-05T07:40:54.261158+00:00
BOJ2179,Day,operations,0,2026-06-05T07:40:54.261158+00:00
BON0968,Day,operations,0,2026-06-05T07:40:54.261158+00:00
BPM3694,Day,operations,3,2026-06-05T07:40:54.261158+00:00
BPR1678,Day,operations,1,2026-06-05T07:40:54.261158+00:00
BRB2143,Day,operations,0,2026-06-05T07:40:54.261158+00:00
BRC3949,Day,operations,0,2026-06-05T07:40:54.261158+00:00
BRH2866,Day,operations,0,2026-06-05T07:40:54.261158+00:00
BRS0333,Day,operations,0,2026-06-05T07:40:54.261158+00:00
BSM2288,Day,operations,0,2026-06-05T07:40:54.261158+00:00
BSM2844,Day,operations,0,2026-06-05T07:40:54.261158+00:00
BTG3468,Day,operations,1,2026-06-05T07:40:54.261158+00:00
BUS2399,Day,operations,3,2026-06-05T07:40:54.261158+00:00
BYL2133,Day,operations,0,2026-06-05T07:40:54.261158+00:00
BZC3956,Day,operations,1,2026-06-05T07:40:54.261158+00:00
CAF3929,Day,operations,1,2026-06-05T07:40:54.261158+00:00
CAG0888,Day,operations,1,2026-06-05T07:40:54.261158+00:00
CAG2236,Day,operations,1,2026-06-05T07:40:54.261158+00:00
CAP2283,Day,operations,1,2026-06-05T07:40:54.261158+00:00
CAR0928,Day,operations,3,2026-06-05T07:40:54.261158+00:00
CAR2244,Day,operations,3,2026-06-05T07:40:54.261158+00:00
CAS0391,Day,operations,2,2026-06-05T07:40:54.261158+00:00
CAS1017,Day,operations,0,2026-06-05T07:40:54.261158+00:00
CBB2904,Day,operations,1,2026-06-05T07:40:54.261158+00:00
CBL3631,Day,operations,3,2026-06-05T07:40:54.261158+00:00
CBM2858,Day,operations,3,2026-06-05T07:40:54.261158+00:00
CBR2229,Day,operations,2,2026-06-05T07:40:54.261158+00:00
CCB3943,Day,operations,0,2026-06-05T07:40:54.261158+00:00
CCF2298,Day,operations,0,2026-06-05T07:40:54.261158+00:00
CCH1508,Day,operations,2,2026-06-05T07:40:54.261158+00:00
CDA2295,Day,operations,0,2026-06-05T07:40:54.261158+00:00
CDL0867,Day,operations,0,2026-06-05T07:40:54.261158+00:00
CDP0340,Day,operations,0,2026-06-05T07:40:54.261158+00:00
CDS1579,Day,operations,1,2026-06-05T07:40:54.261158+00:00
CDW0986,Day,operations,2,2026-06-05T07:40:54.261158+00:00
CDY3409,Day,operations,3,2026-06-05T07:40:54.261158+00:00
CFR1523,Day,operations,0,2026-06-05T07:40:54.261158+00:00
CGB3928,Day,operations,0,2026-06-05T07:40:54.261158+00:00
CGG3388,Day,operations,1,2026-06-05T07:40:54.261158+00:00
CHB3396,Day,operations,1,2026-06-05T07:40:54.261158+00:00
CID3640,Day,operations,1,2026-06-05T07:40:54.261158+00:00
CIJ3941,Day,operations,0,2026-06-05T07:40:54.261158+00:00
CIT0310,Day,operations,0,2026-06-05T07:40:54.261158+00:00
CIV0935,Day,operations,0,2026-06-05T07:40:54.261158+00:00
CJC2371,Day,operations,1,2026-06-05T07:40:54.261158+00:00
CJH2921,Day,operations,0,2026-06-05T07:40:54.261158+00:00
CKB3645,Day,operations,1,2026-06-05T07:40:54.261158+00:00
CKB3745,Day,operations,1,2026-06-05T07:40:54.261158+00:00
CKH2230,Day,operations,0,2026-06-05T07:40:54.261158+00:00
CLD1641,Day,operations,0,2026-06-05T07:40:54.261158+00:00
CMC1642,Day,operations,1,2026-06-05T07:40:54.261158+00:00
CMM3702,Day,operations,3,2026-06-05T07:40:54.261158+00:00
CMM3753,Day,operations,3,2026-06-05T07:40:54.261158+00:00
CNH3475,Day,operations,3,2026-06-05T07:40:54.261158+00:00
CNT0946,Day,operations,3,2026-06-05T07:40:54.261158+00:00
COK3383,Day,operations,1,2026-06-05T07:40:54.261158+00:00
CPM1627,Day,operations,1,2026-06-05T07:40:54.261158+00:00
CPP2909,Day,operations,0,2026-06-05T07:40:54.261158+00:00
CPT1533,Day,operations,1,2026-06-05T07:40:54.261158+00:00
CQH1505,Day,operations,2,2026-06-05T07:40:54.261158+00:00
CRC0348,Day,operations,1,2026-06-05T07:40:54.261158+00:00
CRL2357,Day,operations,1,2026-06-05T07:40:54.261158+00:00
CRM0139,Day,operations,1,2026-06-05T07:40:54.261158+00:00
CRP3682,Day,operations,3,2026-06-05T07:40:54.261158+00:00
CSB2910,Day,operations,3,2026-06-05T07:40:54.261158+00:00
CSB3932,Day,operations,1,2026-06-05T07:40:54.261158+00:00
CSL0428,Day,operations,1,2026-06-05T07:40:54.261158+00:00
CSM1554,Day,operations,1,2026-06-05T07:40:54.261158+00:00
CSM2819,Day,operations,1,2026-06-05T07:40:54.261158+00:00
CSP2186,Day,operations,1,2026-06-05T07:40:54.261158+00:00
CST2863,Day,operations,0,2026-06-05T07:40:54.261158+00:00
CTB3481,Day,operations,1,2026-06-05T07:40:54.261158+00:00
CTC0421,Day,operations,1,2026-06-05T07:40:54.261158+00:00
CTC0859,Day,operations,1,2026-06-05T07:40:54.261158+00:00
CTJ2794,Day,operations,1,2026-06-05T07:40:54.261158+00:00
CTP2225,Day,operations,3,2026-06-05T07:40:54.261158+00:00
CWK2870,Day,operations,3,2026-06-05T07:40:54.261158+00:00
CXB2183,Day,operations,0,2026-06-05T07:40:54.261158+00:00
CYO1575,Day,operations,3,2026-06-05T07:40:54.261158+00:00
CZT2970,Day,operations,0,2026-06-05T07:40:54.261158+00:00
DAM3691,Day,operations,2,2026-06-05T07:40:54.261158+00:00
DBF3635,Day,operations,3,2026-06-05T07:40:54.261158+00:00
DBR1558,Day,operations,1,2026-06-05T07:40:54.261158+00:00
DCC3689,Day,operations,2,2026-06-05T07:40:54.261158+00:00
DCF2185,Day,operations,0,2026-06-05T07:40:54.261158+00:00
DCR1531,Day,operations,3,2026-06-05T07:40:54.261158+00:00
DCW1901,Day,operations,0,2026-06-05T07:40:54.261158+00:00
DDC0980,Day,operations,3,2026-06-05T07:40:54.261158+00:00
DFM2933,Day,operations,1,2026-06-05T07:40:54.261158+00:00
DGQ3744,Day,operations,1,2026-06-05T07:40:54.261158+00:00
DHR2541,Day,operations,3,2026-06-05T07:40:54.261158+00:00
DJB2983,Day,operations,0,2026-06-05T07:40:54.261158+00:00
DJF3394,Day,operations,1,2026-06-05T07:40:54.261158+00:00
DJH0971,Day,operations,3,2026-06-05T07:40:54.261158+00:00
DJH1506,Day,operations,1,2026-06-05T07:40:54.261158+00:00
DKM2980,Day,operations,2,2026-06-05T07:40:54.261158+00:00
DKR0860,Day,operations,2,2026-06-05T07:40:54.261158+00:00
DKS1509,Day,operations,0,2026-06-05T07:40:54.261158+00:00
DLM1680,Day,operations,3,2026-06-05T07:40:54.261158+00:00
DMA3455,Day,operations,1,2026-06-05T07:40:54.261158+00:00
DMS3400,Day,operations,1,2026-06-05T07:40:54.261158+00:00
DNH0308,Day,operations,0,2026-06-05T07:40:54.261158+00:00
DNM2823,Day,operations,1,2026-06-05T07:40:54.261158+00:00
DOC1734,Day,operations,2,2026-06-05T07:40:54.261158+00:00
DPM2971,Day,operations,3,2026-06-05T07:40:54.261158+00:00
DRC2296,Day,operations,3,2026-06-05T07:40:54.261158+00:00
DRM2927,Day,operations,0,2026-06-05T07:40:54.261158+00:00
DSB0307,Day,operations,0,2026-06-05T07:40:54.261158+00:00
DSM2400,Day,operations,2,2026-06-05T07:40:54.261158+00:00
DSM3954,Day,operations,2,2026-06-05T07:40:54.261158+00:00
DTA2223,Day,operations,3,2026-06-05T07:40:54.261158+00:00
DTU3804,Day,operations,1,2026-06-05T07:40:54.261158+00:00
DWB0865,Day,operations,2,2026-06-05T07:40:54.261158+00:00
DZG0889,Day,operations,3,2026-06-05T07:40:54.261158+00:00
EBS2201,Day,operations,3,2026-06-05T07:40:54.261158+00:00
ECA0976,Day,operations,0,2026-06-05T07:40:54.261158+00:00
ECB1683,Day,operations,1,2026-06-05T07:40:54.261158+00:00
EDF2361,Day,operations,3,2026-06-05T07:40:54.261158+00:00
EGC0931,Day,operations,3,2026-06-05T07:40:54.261158+00:00
EHB0942,Day,operations,0,2026-06-05T07:40:54.261158+00:00
EJG0833,Day,operations,0,2026-06-05T07:40:54.261158+00:00
EJH2799,Day,operations,1,2026-06-05T07:40:54.261158+00:00
EJP2975,Day,operations,3,2026-06-05T07:40:54.261158+00:00
EKC3706,Day,operations,3,2026-06-05T07:40:54.261158+00:00
EKH0934,Day,operations,1,2026-06-05T07:40:54.261158+00:00
EKM0863,Day,operations,0,2026-06-05T07:40:54.261158+00:00
EKN3760,Day,operations,1,2026-06-05T07:40:54.261158+00:00
ELB3697,Day,operations,1,2026-06-05T07:40:54.261158+00:00
EMC2757,Day,operations,2,2026-06-05T07:40:54.261158+00:00
EMK3809,Day,operations,3,2026-06-05T07:40:54.261158+00:00
ESS3341,Day,operations,3,2026-06-05T07:40:54.261158+00:00
ETG2821,Day,operations,1,2026-06-05T07:40:54.261158+00:00
EVO1522,Day,operations,0,2026-06-05T07:40:54.261158+00:00
EYD2871,Day,operations,3,2026-06-05T07:40:54.261158+00:00
FAR2869,Day,operations,0,2026-06-05T07:40:54.261158+00:00
FBM2755,Day,operations,0,2026-06-05T07:40:54.261158+00:00
FCM2190,Day,operations,3,2026-06-05T07:40:54.261158+00:00
FDF3743,Day,operations,3,2026-06-05T07:40:54.261158+00:00
FHA3387,Day,operations,1,2026-06-05T07:40:54.261158+00:00
FJC2198,Day,operations,0,2026-06-05T07:40:54.261158+00:00
FKA0393,Day,operations,0,2026-06-05T07:40:54.261158+00:00
FKJ1521,Day,operations,2,2026-06-05T07:40:54.261158+00:00
FKM1622,Day,operations,3,2026-06-05T07:40:54.261158+00:00
FMS3285,Day,operations,1,2026-06-05T07:40:54.261158+00:00
FNB1512,Day,operations,2,2026-06-05T07:40:54.261158+00:00
FPV3755,Day,operations,3,2026-06-05T07:40:54.261158+00:00
FQG2974,Day,operations,0,2026-06-05T07:40:54.261158+00:00
FRB3653,Day,operations,3,2026-06-05T07:40:54.261158+00:00
FRG1576,Day,operations,1,2026-06-05T07:40:54.261158+00:00
FVK1623,Day,operations,2,2026-06-05T07:40:54.261158+00:00
FZS0969,Day,operations,0,2026-06-05T07:40:54.261158+00:00
GAA3681,Day,operations,0,2026-06-05T07:40:54.261158+00:00
GAB3758,Day,operations,1,2026-06-05T07:40:54.261158+00:00
GBB3816,Day,operations,3,2026-06-05T07:40:54.261158+00:00
GCB0201,Day,operations,0,2026-06-05T07:40:54.261158+00:00
GDG2354,Day,operations,1,2026-06-05T07:40:54.261158+00:00
GEH0420,Day,operations,0,2026-06-05T07:40:54.261158+00:00
GEH3406,Day,operations,3,2026-06-05T07:40:54.261158+00:00
GHM3953,Day,operations,0,2026-06-05T07:40:54.261158+00:00
GJG0852,Day,operations,1,2026-06-05T07:40:54.261158+00:00
GJM2800,Day,operations,3,2026-06-05T07:40:54.261158+00:00
GKA3690,Day,operations,0,2026-06-05T07:40:54.261158+00:00
GKB2807,Day,operations,3,2026-06-05T07:40:54.261158+00:00
GKH1634,Day,operations,2,2026-06-05T07:40:54.261158+00:00
GKL1516,Day,operations,2,2026-06-05T07:40:54.261158+00:00
GKW2306,Day,operations,2,2026-06-05T07:40:54.261158+00:00
GLG1573,Day,operations,3,2026-06-05T07:40:54.261158+00:00
GMA1698,Day,operations,1,2026-06-05T07:40:54.261158+00:00
GMB3703,Day,operations,2,2026-06-05T07:40:54.261158+00:00
GMY3938,Day,operations,2,2026-06-05T07:40:54.261158+00:00
GNB3337,Day,operations,1,2026-06-05T07:40:54.261158+00:00
GNC2237,Day,operations,1,2026-06-05T07:40:54.261158+00:00
GND1618,Day,operations,3,2026-06-05T07:40:54.261158+00:00
GOG3939,Day,operations,0,2026-06-05T07:40:54.261158+00:00
GOR0861,Day,operations,0,2026-06-05T07:40:54.261158+00:00
GRG3005,Day,operations,0,2026-06-05T07:40:54.261158+00:00
GRM1511,Day,operations,2,2026-06-05T07:40:54.261158+00:00
GSM0930,Day,operations,3,2026-06-05T07:40:54.261158+00:00
GTL3389,Day,operations,1,2026-06-05T07:40:54.261158+00:00
GUC3945,Day,operations,1,2026-06-05T07:40:54.261158+00:00
GZM3990,Day,operations,1,2026-06-05T07:40:54.261158+00:00
HAF0394,Day,operations,3,2026-06-05T07:40:54.261158+00:00
HAL1200,Day,operations,2,2026-06-05T07:40:54.261158+00:00
HAM2252,Day,operations,0,2026-06-05T07:40:54.261158+00:00
HAR3632,Day,operations,1,2026-06-05T07:40:54.261158+00:00
HBC0999,Day,operations,3,2026-06-05T07:40:54.261158+00:00
HBH2368,Day,operations,1,2026-06-05T07:40:54.261158+00:00
HBS2551,Day,operations,1,2026-06-05T07:40:54.261158+00:00
HCB1643,Day,operations,3,2026-06-05T07:40:54.261158+00:00
HCF2857,Day,operations,1,2026-06-05T07:40:54.261158+00:00
HCH3685,Day,operations,1,2026-06-05T07:40:54.261158+00:00
HCS2231,Day,operations,1,2026-06-05T07:40:54.261158+00:00
HDG2848,Day,operations,3,2026-06-05T07:40:54.261158+00:00
HDL2297,Day,operations,0,2026-06-05T07:40:54.261158+00:00
HDP1890,Day,operations,3,2026-06-05T07:40:54.261158+00:00
HEB3754,Day,operations,1,2026-06-05T07:40:54.261158+00:00
HHL2311,Day,operations,1,2026-06-05T07:40:54.261158+00:00
HHM0869,Day,operations,3,2026-06-05T07:40:54.261158+00:00
HJH2977,Day,operations,2,2026-06-05T07:40:54.261158+00:00
HLC0943,Day,operations,3,2026-06-05T07:40:54.261158+00:00
HMP3391,Day,operations,1,2026-06-05T07:40:54.261158+00:00
HNM3405,Day,operations,1,2026-06-05T07:40:54.261158+00:00
HRK2972,Day,operations,2,2026-06-05T07:40:54.261158+00:00
HSP1675,Day,operations,1,2026-06-05T07:40:54.261158+00:00
HWS2915,Day,operations,0,2026-06-05T07:40:54.261158+00:00
HWV1621,Day,operations,2,2026-06-05T07:40:54.261158+00:00
HYK3300,Day,operations,1,2026-06-05T07:40:54.261158+00:00
HZH0297,Day,operations,1,2026-06-05T07:40:54.261158+00:00
IAB3386,Day,operations,1,2026-06-05T07:40:54.261158+00:00
IAS0857,Day,operations,0,2026-06-05T07:40:54.261158+00:00
IBP1616,Day,operations,3,2026-06-05T07:40:54.261158+00:00
IBP2990,Day,operations,0,2026-06-05T07:40:54.261158+00:00
IBV1578,Day,operations,1,2026-06-05T07:40:54.261158+00:00
ICF2294,Day,operations,2,2026-06-05T07:40:54.261158+00:00
ICP3710,Day,operations,2,2026-06-05T07:40:54.261158+00:00
IKA2925,Day,operations,1,2026-06-05T07:40:54.261158+00:00
ILH2989,Day,operations,3,2026-06-05T07:40:54.261158+00:00
IMC3296,Day,operations,1,2026-06-05T07:40:54.261158+00:00
IMH2964,Day,operations,0,2026-06-05T07:40:54.261158+00:00
IMR3660,Day,operations,1,2026-06-05T07:40:54.261158+00:00
IMS0862,Day,operations,3,2026-06-05T07:40:54.261158+00:00
IMS2191,Day,operations,2,2026-06-05T07:40:54.261158+00:00
INR0927,Day,operations,0,2026-06-05T07:40:54.261158+00:00
IQR2187,Day,operations,1,2026-06-05T07:40:54.261158+00:00
IRC3952,Day,operations,3,2026-06-05T07:40:54.261158+00:00
IRP2018,Day,operations,1,2026-06-05T07:40:54.261158+00:00
ISJ1479,Day,operations,3,2026-06-05T07:40:54.261158+00:00
IWR3469,Day,operations,1,2026-06-05T07:40:54.261158+00:00
JAA0897,Day,operations,0,2026-06-05T07:40:54.261158+00:00
JAB3656,Day,operations,3,2026-06-05T07:40:54.261158+00:00
JAM2248,Day,operations,0,2026-06-05T07:40:54.261158+00:00
JAO3463,Day,operations,3,2026-06-05T07:40:54.261158+00:00
JAW3813,Day,operations,1,2026-06-05T07:40:54.261158+00:00
JBD3707,Day,operations,2,2026-06-05T07:40:54.261158+00:00
JBL2993,Day,operations,1,2026-06-05T07:40:54.261158+00:00
JBM3933,Day,operations,3,2026-06-05T07:40:54.261158+00:00
JCC2287,Day,operations,1,2026-06-05T07:40:54.261158+00:00
JDB1620,Day,operations,3,2026-06-05T07:40:54.261158+00:00
JDC2176,Day,operations,3,2026-06-05T07:40:54.261158+00:00
JEH2847,Day,operations,0,2026-06-05T07:40:54.261158+00:00
JEP1571,Day,operations,1,2026-06-05T07:40:54.261158+00:00
JET2299,Day,operations,3,2026-06-05T07:40:54.261158+00:00
JHH3462,Day,operations,1,2026-06-05T07:40:54.261158+00:00
JHM0583,Day,operations,3,2026-06-05T07:40:54.261158+00:00
JIM2988,Day,operations,3,2026-06-05T07:40:54.261158+00:00
JJB3398,Day,operations,1,2026-06-05T07:40:54.261158+00:00
JJM2845,Day,operations,0,2026-06-05T07:40:54.261158+00:00
JJS2973,Day,operations,0,2026-06-05T07:40:54.261158+00:00
JKG0944,Day,operations,2,2026-06-05T07:40:54.261158+00:00
JKG3329,Day,operations,1,2026-06-05T07:40:54.261158+00:00
JLC0216,Day,operations,1,2026-06-05T07:40:54.261158+00:00
JLR0313,Day,operations,2,2026-06-05T07:40:54.261158+00:00
JLR3930,Day,operations,0,2026-06-05T07:40:54.261158+00:00
JLW2924,Day,operations,0,2026-06-05T07:40:54.261158+00:00
JMB2246,Day,operations,3,2026-06-05T07:40:54.261158+00:00
JMC2911,Day,operations,0,2026-06-05T07:40:54.261158+00:00
JMG3704,Day,operations,2,2026-06-05T07:40:54.261158+00:00
JNM0905,Day,operations,0,2026-06-05T07:40:54.261158+00:00
JNS3342,Day,operations,3,2026-06-05T07:40:54.261158+00:00
JOA0305,Day,operations,1,2026-06-05T07:40:54.261158+00:00
JQS2908,Day,operations,0,2026-06-05T07:40:54.261158+00:00
JRM0871,Day,operations,0,2026-06-05T07:40:54.261158+00:00
JSM3931,Day,operations,2,2026-06-05T07:40:54.261158+00:00
JSO3292,Day,operations,3,2026-06-05T07:40:54.261158+00:00
JTC0941,Day,operations,0,2026-06-05T07:40:54.261158+00:00
JTJ3700,Day,operations,0,2026-06-05T07:40:54.261158+00:00
JVS2308,Day,operations,3,2026-06-05T07:40:54.261158+00:00
JWB1519,Day,operations,0,2026-06-05T07:40:54.261158+00:00
JWW2765,Day,operations,0,2026-06-05T07:40:54.261158+00:00
KAV2926,Day,operations,0,2026-06-05T07:40:54.261158+00:00
KBM3460,Day,operations,1,2026-06-05T07:40:54.261158+00:00
KBP0899,Day,operations,1,2026-06-05T07:40:54.261158+00:00
KBW1629,Day,operations,2,2026-06-05T07:40:54.261158+00:00
KCG0979,Day,operations,3,2026-06-05T07:40:54.261158+00:00
KCL2310,Day,operations,3,2026-06-05T07:40:54.261158+00:00
KCR2291,Day,operations,3,2026-06-05T07:40:54.261158+00:00
KCS3465,Day,operations,3,2026-06-05T07:40:54.261158+00:00
KDC2976,Day,operations,0,2026-06-05T07:40:54.261158+00:00
KDT3290,Day,operations,1,2026-06-05T07:40:54.261158+00:00
KDW2929,Day,operations,3,2026-06-05T07:40:54.261158+00:00
KJB3654,Day,operations,1,2026-06-05T07:40:54.261158+00:00
KJD3392,Day,operations,3,2026-06-05T07:40:54.261158+00:00
KKM0309,Day,operations,0,2026-06-05T07:40:54.261158+00:00
KKP2284,Day,operations,2,2026-06-05T07:40:54.261158+00:00
KMR2232,Day,operations,1,2026-06-05T07:40:54.261158+00:00
KMS1530,Day,operations,3,2026-06-05T07:40:54.261158+00:00
KMW1008,Day,operations,0,2026-06-05T07:40:54.261158+00:00
KNM0423,Day,operations,0,2026-06-05T07:40:54.261158+00:00
KNR3837,Day,operations,0,2026-06-05T07:40:54.261158+00:00
KOW3756,Day,operations,1,2026-06-05T07:40:54.261158+00:00
KSM1518,Day,operations,2,2026-06-05T07:40:54.261158+00:00
KSO2224,Day,operations,3,2026-06-05T07:40:54.261158+00:00
KTD2249,Day,operations,1,2026-06-05T07:40:54.261158+00:00
KUS2137,Day,operations,1,2026-06-05T07:40:54.261158+00:00
KWC3812,Day,operations,3,2026-06-05T07:40:54.261158+00:00
LBJ1723,Day,operations,3,2026-06-05T07:40:54.261158+00:00
LCM1480,Day,operations,2,2026-06-05T07:40:54.261158+00:00
LCP0344,Day,operations,1,2026-06-05T07:40:54.261158+00:00
LEP2922,Day,operations,0,2026-06-05T07:40:54.261158+00:00
LER3942,Day,operations,0,2026-06-05T07:40:54.261158+00:00
LFB1624,Day,operations,1,2026-06-05T07:40:54.261158+00:00
LFS0392,Day,operations,2,2026-06-05T07:40:54.261158+00:00
LGL2772,Day,operations,3,2026-06-05T07:40:54.261158+00:00
LIG2813,Day,operations,1,2026-06-05T07:40:54.261158+00:00
LJH0866,Day,operations,0,2026-06-05T07:40:54.261158+00:00
LKG0937,Day,operations,0,2026-06-05T07:40:54.261158+00:00
LMS2868,Day,operations,1,2026-06-05T07:40:54.261158+00:00
LNB2991,Day,operations,2,2026-06-05T07:40:54.261158+00:00
LNK3345,Day,operations,1,2026-06-05T07:40:54.261158+00:00
LOF3279,Day,operations,1,2026-06-05T07:40:54.261158+00:00
LRG3408,Day,operations,1,2026-06-05T07:40:54.261158+00:00
LSM2234,Day,operations,0,2026-06-05T07:40:54.261158+00:00
LTF3385,Day,operations,1,2026-06-05T07:40:54.261158+00:00
LWB2851,Day,operations,1,2026-06-05T07:40:54.261158+00:00
LWV1525,Day,operations,3,2026-06-05T07:40:54.261158+00:00
LXG2919,Day,operations,0,2026-06-05T07:40:54.261158+00:00
LYF3449,Day,operations,3,2026-06-05T07:40:54.261158+00:00
LYS3814,Day,operations,1,2026-06-05T07:40:54.261158+00:00
LZM0306,Day,operations,3,2026-06-05T07:40:54.261158+00:00
MAL2345,Day,operations,1,2026-06-05T07:40:54.261158+00:00
MAY0978,Day,operations,0,2026-06-05T07:40:54.261158+00:00
MBB2649,Day,operations,2,2026-06-05T07:40:54.261158+00:00
MBR3648,Day,operations,3,2026-06-05T07:40:54.261158+00:00
MCB2802,Day,operations,1,2026-06-05T07:40:54.261158+00:00
MCC0856,Day,operations,2,2026-06-05T07:40:54.261158+00:00
MCM2189,Day,operations,1,2026-06-05T07:40:54.261158+00:00
MCN0985,Day,operations,0,2026-06-05T07:40:54.261158+00:00
MCT0424,Day,operations,0,2026-06-05T07:40:54.261158+00:00
MEB2241,Day,operations,1,2026-06-05T07:40:54.261158+00:00
MEV2182,Day,operations,0,2026-06-05T07:40:54.261158+00:00
MFK0902,Day,operations,1,2026-06-05T07:40:54.261158+00:00
MHG3749,Day,operations,3,2026-06-05T07:40:54.261158+00:00
MHH2192,Day,operations,2,2026-06-05T07:40:54.261158+00:00
MHV1529,Day,operations,0,2026-06-05T07:40:54.261158+00:00
MIA0939,Day,operations,2,2026-06-05T07:40:54.261158+00:00
MIA3825,Day,operations,3,2026-06-05T07:40:54.261158+00:00
MJG2304,Day,operations,3,2026-06-05T07:40:54.261158+00:00
MJM3657,Day,operations,1,2026-06-05T07:40:54.261158+00:00
MKJ1574,Day,operations,1,2026-06-05T07:40:54.261158+00:00
MKR1339,Day,operations,3,2026-06-05T07:40:54.261158+00:00
MLC3482,Day,operations,3,2026-06-05T07:40:54.261158+00:00
MLG2305,Day,operations,0,2026-06-05T07:40:54.261158+00:00
MLS2856,Day,operations,1,2026-06-05T07:40:54.261158+00:00
MLW2240,Day,operations,3,2026-06-05T07:40:54.261158+00:00
MMB2285,Day,operations,0,2026-06-05T07:40:54.261158+00:00
MME3399,Day,operations,1,2026-06-05T07:40:54.261158+00:00
MMR1695,Day,operations,1,2026-06-05T07:40:54.261158+00:00
MNG3693,Day,operations,1,2026-06-05T07:40:54.261158+00:00
MNM2369,Day,operations,1,2026-06-05T07:40:54.261158+00:00
MNW1733,Day,operations,1,2026-06-05T07:40:54.261158+00:00
MPS2849,Day,operations,0,2026-06-05T07:40:54.261158+00:00
MQM1638,Day,operations,1,2026-06-05T07:40:54.261158+00:00
MRB2390,Day,operations,0,2026-06-05T07:40:54.261158+00:00
MRM2906,Day,operations,0,2026-06-05T07:40:54.261158+00:00
MRS1520,Day,operations,0,2026-06-05T07:40:54.261158+00:00
MSR2202,Day,operations,2,2026-06-05T07:40:54.261158+00:00
MSR2850,Day,operations,3,2026-06-05T07:40:54.261158+00:00
MSR3709,Day,operations,3,2026-06-05T07:40:54.261158+00:00
MSS3335,Day,operations,0,2026-06-05T07:40:54.261158+00:00
MSW0973,Day,operations,0,2026-06-05T07:40:54.261158+00:00
MTB2982,Day,operations,0,2026-06-05T07:40:54.261158+00:00
MTC0855,Day,operations,3,2026-06-05T07:40:54.261158+00:00
MTL3695,Day,operations,0,2026-06-05T07:40:54.261158+00:00
MWG1570,Day,operations,1,2026-06-05T07:40:54.261158+00:00
MWH1018,Day,operations,0,2026-06-05T07:40:54.261158+00:00
MYB3817,Day,operations,1,2026-06-05T07:40:54.261158+00:00
NAH3759,Day,operations,1,2026-06-05T07:40:54.261158+00:00
NAR1527,Day,operations,1,2026-06-05T07:40:54.261158+00:00
NBL2243,Day,operations,2,2026-06-05T07:40:54.261158+00:00
NBT3447,Day,operations,1,2026-06-05T07:40:54.261158+00:00
NBW2810,Day,operations,1,2026-06-05T07:40:54.261158+00:00
NCR2854,Day,operations,3,2026-06-05T07:40:54.261158+00:00
NCS0425,Day,operations,2,2026-06-05T07:40:54.261158+00:00
NCT0983,Day,operations,0,2026-06-05T07:40:54.261158+00:00
NDG3403,Day,operations,1,2026-06-05T07:40:54.261158+00:00
NDM2251,Day,operations,1,2026-06-05T07:40:54.261158+00:00
NDS1897,Day,operations,0,2026-06-05T07:40:54.261158+00:00
NEB3445,Day,operations,3,2026-06-05T07:40:54.261158+00:00
NEE1632,Day,operations,3,2026-06-05T07:40:54.261158+00:00
NGA0929,Day,operations,0,2026-06-05T07:40:54.261158+00:00
NGC1617,Day,operations,0,2026-06-05T07:40:54.261158+00:00
NGV3638,Day,operations,1,2026-06-05T07:40:54.261158+00:00
NHK2846,Day,operations,2,2026-06-05T07:40:54.261158+00:00
NHS3981,Day,operations,0,2026-06-05T07:40:54.261158+00:00
NHW0864,Day,operations,0,2026-06-05T07:40:54.261158+00:00
NIM1630,Day,operations,0,2026-06-05T07:40:54.261158+00:00
NIR3987,Day,operations,1,2026-06-05T07:40:54.261158+00:00
NJG2979,Day,operations,2,2026-06-05T07:40:54.261158+00:00
NJL0974,Day,operations,1,2026-06-05T07:40:54.261158+00:00
NKM2195,Day,operations,3,2026-06-05T07:40:54.261158+00:00
NMC3998,Day,operations,1,2026-06-05T07:40:54.261158+00:00
NMM1560,Day,operations,3,2026-06-05T07:40:54.261158+00:00
NMW0896,Day,operations,0,2026-06-05T07:40:54.261158+00:00
NNB3989,Day,operations,0,2026-06-05T07:40:54.261158+00:00
NNJ2986,Day,operations,0,2026-06-05T07:40:54.261158+00:00
NNM2862,Day,operations,3,2026-06-05T07:40:54.261158+00:00
NOE2965,Day,operations,3,2026-06-05T07:40:54.261158+00:00
NRG1562,Day,operations,1,2026-06-05T07:40:54.261158+00:00
NRK3448,Day,operations,3,2026-06-05T07:40:54.261158+00:00
NSE3944,Day,operations,0,2026-06-05T07:40:54.261158+00:00
NUK1513,Day,operations,3,2026-06-05T07:40:54.261158+00:00
NVL2180,Day,operations,2,2026-06-05T07:40:54.261158+00:00
OCH2853,Day,operations,1,2026-06-05T07:40:54.261158+00:00
ODW2194,Day,operations,2,2026-06-05T07:40:54.261158+00:00
OED3393,Day,operations,1,2026-06-05T07:40:54.261158+00:00
OGW3384,Day,operations,1,2026-06-05T07:40:54.261158+00:00
OJG3395,Day,operations,1,2026-06-05T07:40:54.261158+00:00
OJV2346,Day,operations,3,2026-06-05T07:40:54.261158+00:00
OLB2930,Day,operations,3,2026-06-05T07:40:54.261158+00:00
ONR3291,Day,operations,3,2026-06-05T07:40:54.261158+00:00
OWD0981,Day,operations,0,2026-06-05T07:40:54.261158+00:00
OWL2872,Day,operations,0,2026-06-05T07:40:54.261158+00:00
PAS2864,Day,operations,0,2026-06-05T07:40:54.261158+00:00
PCA3344,Day,operations,1,2026-06-05T07:40:54.261158+00:00
PDM0304,Day,operations,2,2026-06-05T07:40:54.261158+00:00
PEV3955,Day,operations,1,2026-06-05T07:40:54.261158+00:00
PGM0342,Day,operations,3,2026-06-05T07:40:54.261158+00:00
PHH1524,Day,operations,0,2026-06-05T07:40:54.261158+00:00
PLM3935,Day,operations,0,2026-06-05T07:40:54.261158+00:00
PVV3999,Day,operations,1,2026-06-05T07:40:54.261158+00:00
QAS1692,Day,operations,1,2026-06-05T07:40:54.261158+00:00
QBR2250,Day,operations,3,2026-06-05T07:40:54.261158+00:00
QFP3467,Day,operations,1,2026-06-05T07:40:54.261158+00:00
QGS3009,Day,operations,0,2026-06-05T07:40:54.261158+00:00
QJO1715,Day,operations,3,2026-06-05T07:40:54.261158+00:00
QLW2245,Day,operations,0,2026-06-05T07:40:54.261158+00:00
QNW0977,Day,operations,0,2026-06-05T07:40:54.261158+00:00
QSB1577,Day,operations,3,2026-06-05T07:40:54.261158+00:00
QXH0396,Day,operations,3,2026-06-05T07:40:54.261158+00:00
RAH1514,Day,operations,0,2026-06-05T07:40:54.261158+00:00
RAS3446,Day,operations,1,2026-06-05T07:40:54.261158+00:00
RCB2645,Day,operations,0,2026-06-05T07:40:54.261158+00:00
RCT1697,Day,operations,1,2026-06-05T07:40:54.261158+00:00
RCW3692,Day,operations,2,2026-06-05T07:40:54.261158+00:00
RDA3381,Day,operations,1,2026-06-05T07:40:54.261158+00:00
RFJ2193,Day,operations,0,2026-06-05T07:40:54.261158+00:00
RFS1633,Day,operations,1,2026-06-05T07:40:54.261158+00:00
RFS2923,Day,operations,0,2026-06-05T07:40:54.261158+00:00
RGB1581,Day,operations,3,2026-06-05T07:40:54.261158+00:00
RGR0706,Day,operations,0,2026-06-05T07:40:54.261158+00:00
RIB1582,Day,operations,3,2026-06-05T07:40:54.261158+00:00
RIK1631,Day,operations,0,2026-06-05T07:40:54.261158+00:00
RJF3299,Day,operations,1,2026-06-05T07:40:54.261158+00:00
RJG2239,Day,operations,3,2026-06-05T07:40:54.261158+00:00
RJG3325,Day,operations,3,2026-06-05T07:40:54.261158+00:00
RJM3957,Day,operations,3,2026-06-05T07:40:54.261158+00:00
RJS3479,Day,operations,0,2026-06-05T07:40:54.261158+00:00
RKH1569,Day,operations,3,2026-06-05T07:40:54.261158+00:00
RMC2177,Day,operations,0,2026-06-05T07:40:54.261158+00:00
RMR0341,Day,operations,0,2026-06-05T07:40:54.261158+00:00
RRM2175,Day,operations,0,2026-06-05T07:40:54.261158+00:00
RRS2359,Day,operations,1,2026-06-05T07:40:54.261158+00:00
RSE2181,Day,operations,0,2026-06-05T07:40:54.261158+00:00
RSG2931,Day,operations,0,2026-06-05T07:40:54.261158+00:00
RSJ0891,Day,operations,2,2026-06-05T07:40:54.261158+00:00
RTW2758,Day,operations,2,2026-06-05T07:40:54.261158+00:00
RWS3699,Day,operations,3,2026-06-05T07:40:54.261158+00:00
RXG1504,Day,operations,2,2026-06-05T07:40:54.261158+00:00
SAB2761,Day,operations,0,2026-06-05T07:40:54.261158+00:00
SAB3286,Day,operations,3,2026-06-05T07:40:54.261158+00:00
SAH2292,Day,operations,0,2026-06-05T07:40:54.261158+00:00
SAP2173,Day,operations,0,2026-06-05T07:40:54.261158+00:00
SAP3390,Day,operations,3,2026-06-05T07:40:54.261158+00:00
SAR1883,Day,operations,0,2026-06-05T07:40:54.261158+00:00
SAT3766,Day,operations,3,2026-06-05T07:40:54.261158+00:00
SAV3457,Day,operations,1,2026-06-05T07:40:54.261158+00:00
SBG3983,Day,operations,1,2026-06-05T07:40:54.261158+00:00
SBH3683,Day,operations,0,2026-06-05T07:40:54.261158+00:00
SCB2814,Day,operations,1,2026-06-05T07:40:54.261158+00:00
SCM3407,Day,operations,3,2026-06-05T07:40:54.261158+00:00
SCM3950,Day,operations,3,2026-06-05T07:40:54.261158+00:00
SDN2932,Day,operations,3,2026-06-05T07:40:54.261158+00:00
SED0972,Day,operations,0,2026-06-05T07:40:54.261158+00:00
SFM2226,Day,operations,0,2026-06-05T07:40:54.261158+00:00
SGB1636,Day,operations,0,2026-06-05T07:40:54.261158+00:00
SGP2174,Day,operations,0,2026-06-05T07:40:54.261158+00:00
SHH0970,Day,operations,1,2026-06-05T07:40:54.261158+00:00
SIP2293,Day,operations,0,2026-06-05T07:40:54.261158+00:00
SIP2907,Day,operations,3,2026-06-05T07:40:54.261158+00:00
SJB2984,Day,operations,0,2026-06-05T07:40:54.261158+00:00
SJG1510,Day,operations,0,2026-06-05T07:40:54.261158+00:00
SJH0945,Day,operations,2,2026-06-05T07:40:54.261158+00:00
SKG1731,Day,operations,0,2026-06-05T07:40:54.261158+00:00
SLD1639,Day,operations,0,2026-06-05T07:40:54.261158+00:00
SLS2992,Day,operations,2,2026-06-05T07:40:54.261158+00:00
SLV2969,Day,operations,3,2026-06-05T07:40:54.261158+00:00
SOM2865,Day,operations,3,2026-06-05T07:40:54.261158+00:00
SSA0346,Day,operations,2,2026-06-05T07:40:54.261158+00:00
SSA0389,Day,operations,0,2026-06-05T07:40:54.261158+00:00
SVM3947,Day,operations,0,2026-06-05T07:40:54.261158+00:00
SWG2200,Day,operations,0,2026-06-05T07:40:54.261158+00:00
SZC2235,Day,operations,0,2026-06-05T07:40:54.261158+00:00
TAE1559,Day,operations,1,2026-06-05T07:40:54.261158+00:00
TAH0933,Day,operations,0,2026-06-05T07:40:54.261158+00:00
TBK2860,Day,operations,0,2026-06-05T07:40:54.261158+00:00
TBM0932,Day,operations,0,2026-06-05T07:40:54.261158+00:00
TBS3382,Day,operations,1,2026-06-05T07:40:54.261158+00:00
TCH2233,Day,operations,2,2026-06-05T07:40:54.261158+00:00
TCN1687,Day,operations,1,2026-06-05T07:40:54.261158+00:00
TDK1689,Day,operations,3,2026-06-05T07:40:54.261158+00:00
TDM2859,Day,operations,0,2026-06-05T07:40:54.261158+00:00
TEC2300,Day,operations,3,2026-06-05T07:40:54.261158+00:00
TJM3340,Day,operations,3,2026-06-05T07:40:54.261158+00:00
TJP2817,Day,operations,3,2026-06-05T07:40:54.261158+00:00
TKE3293,Day,operations,1,2026-06-05T07:40:54.261158+00:00
TMC3659,Day,operations,3,2026-06-05T07:40:54.261158+00:00
TMV0868,Day,operations,3,2026-06-05T07:40:54.261158+00:00
TPS1568,Day,operations,1,2026-06-05T07:40:54.261158+00:00
TRS3323,Day,operations,1,2026-06-05T07:40:54.261158+00:00
TRV2966,Day,operations,3,2026-06-05T07:40:54.261158+00:00
TTD2873,Day,operations,0,2026-06-05T07:40:54.261158+00:00
TTF2920,Day,operations,1,2026-06-05T07:40:54.261158+00:00
TVC2918,Day,operations,1,2026-06-05T07:40:54.261158+00:00
TWM2199,Day,operations,2,2026-06-05T07:40:54.261158+00:00
UAH3940,Day,operations,2,2026-06-05T07:40:54.261158+00:00
UCS3454,Day,operations,1,2026-06-05T07:40:54.261158+00:00
UMH1532,Day,operations,0,2026-06-05T07:40:54.261158+00:00
URC3818,Day,operations,1,2026-06-05T07:40:54.261158+00:00
UWB0395,Day,operations,2,2026-06-05T07:40:54.261158+00:00
VAB1526,Day,operations,0,2026-06-05T07:40:54.261158+00:00
VBN0984,Day,operations,2,2026-06-05T07:40:54.261158+00:00
VCF3273,Day,operations,3,2026-06-05T07:40:54.261158+00:00
VCH3696,Day,operations,3,2026-06-05T07:40:54.261158+00:00
VHG3993,Day,operations,3,2026-06-05T07:40:54.261158+00:00
VJB1699,Day,operations,1,2026-06-05T07:40:54.261158+00:00
VKM1515,Day,operations,3,2026-06-05T07:40:54.261158+00:00
VKM2376,Day,operations,0,2026-06-05T07:40:54.261158+00:00
VKT2228,Day,operations,0,2026-06-05T07:40:54.261158+00:00
VRB3401,Day,operations,1,2026-06-05T07:40:54.261158+00:00
VTK2978,Day,operations,3,2026-06-05T07:40:54.261158+00:00
VWB0990,Day,operations,1,2026-06-05T07:40:54.261158+00:00
WAH3836,Day,operations,0,2026-06-05T07:40:54.261158+00:00
WAW0422,Day,operations,2,2026-06-05T07:40:54.261158+00:00
WBE0967,Day,operations,0,2026-06-05T07:40:54.261158+00:00
WBL2852,Day,operations,1,2026-06-05T07:40:54.261158+00:00
WDS2197,Day,operations,3,2026-06-05T07:40:54.261158+00:00
WEV2867,Day,operations,3,2026-06-05T07:40:54.261158+00:00
WLR0707,Day,operations,2,2026-06-05T07:40:54.261158+00:00
WMA2016,Day,operations,1,2026-06-05T07:40:54.261158+00:00
WNC0858,Day,operations,0,2026-06-05T07:40:54.261158+00:00
WRJ2184,Day,operations,3,2026-06-05T07:40:54.261158+00:00
WRM2803,Day,operations,3,2026-06-05T07:40:54.261158+00:00
WSC2981,Day,operations,0,2026-06-05T07:40:54.261158+00:00
WUH2238,Day,operations,0,2026-06-05T07:40:54.261158+00:00
WXH2289,Day,operations,0,2026-06-05T07:40:54.261158+00:00
WXM3698,Day,operations,2,2026-06-05T07:40:54.261158+00:00
WYC3397,Day,operations,1,2026-06-05T07:40:54.261158+00:00
WZR3948,Day,operations,2,2026-06-05T07:40:54.261158+00:00
XAB0936,Day,operations,1,2026-06-05T07:40:54.261158+00:00
XAB3746,Day,operations,1,2026-06-05T07:40:54.261158+00:00
XAL2816,Day,operations,1,2026-06-05T07:40:54.261158+00:00
XGB1528,Day,operations,3,2026-06-05T07:40:54.261158+00:00
XKW2303,Day,operations,0,2026-06-05T07:40:54.261158+00:00
XSF3982,Day,operations,1,2026-06-05T07:40:54.261158+00:00
XTB2372,Day,operations,1,2026-06-05T07:40:54.261158+00:00
YHB2355,Day,operations,3,2026-06-05T07:40:54.261158+00:00
YNW2855,Day,operations,3,2026-06-05T07:40:54.261158+00:00
YQB2309,Day,operations,0,2026-06-05T07:40:54.261158+00:00
ZAW3833,Day,operations,2,2026-06-05T07:40:54.261158+00:00
ZDH2905,Day,operations,2,2026-06-05T07:40:54.261158+00:00
ZIR1732,Day,operations,0,2026-06-05T07:40:54.261158+00:00
ZMB3686,Day,operations,2,2026-06-05T07:40:54.261158+00:00
ZNE3451,Day,operations,1,2026-06-05T07:40:54.261158+00:00
ZNG3404,Day,operations,1,2026-06-05T07:40:54.261158+00:00
ZVB2656,Day,operations,2,2026-06-05T07:40:54.261158+00:00
ZVS1637,Day,operations,2,2026-06-05T07:40:54.261158+00:00
ZZO2997,Day,operations,0,2026-06-05T07:40:54.261158+00:00
AAD3030,Day,it_admin,0,2026-06-05T07:40:54.261158+00:00
ACW0464,Day,it_admin,1,2026-06-05T07:40:54.261158+00:00
ADS2428,Day,it_admin,2,2026-06-05T07:40:54.261158+00:00
AFH1757,Day,it_admin,0,2026-06-05T07:40:54.261158+00:00
AJS3021,Day,it_admin,2,2026-06-05T07:40:54.261158+00:00
AKH0454,Day,it_admin,3,2026-06-05T07:40:54.261158+00:00
AKS3496,Day,it_admin,3,2026-06-05T07:40:54.261158+00:00
ALC1060,Day,it_admin,1,2026-06-05T07:40:54.261158+00:00
ANL3024,Day,it_admin,2,2026-06-05T07:40:54.261158+00:00
APC3043,Day,it_admin,1,2026-06-05T07:40:54.261158+00:00
APP1054,Day,it_admin,3,2026-06-05T07:40:54.261158+00:00
ARC3034,Day,it_admin,2,2026-06-05T07:40:54.261158+00:00
AVP3044,Day,it_admin,3,2026-06-05T07:40:54.261158+00:00
BBH1056,Day,it_admin,3,2026-06-05T07:40:54.261158+00:00
BGB3045,Day,it_admin,1,2026-06-05T07:40:54.261158+00:00
BMM0462,Day,it_admin,1,2026-06-05T07:40:54.261158+00:00
BOH1751,Day,it_admin,0,2026-06-05T07:40:54.261158+00:00
BPD2437,Day,it_admin,1,2026-06-05T07:40:54.261158+00:00
BPN3051,Day,it_admin,1,2026-06-05T07:40:54.261158+00:00
CAC1777,Day,it_admin,2,2026-06-05T07:40:54.261158+00:00
CAG2442,Day,it_admin,1,2026-06-05T07:40:54.261158+00:00
CAG3049,Day,it_admin,1,2026-06-05T07:40:54.261158+00:00
CAM3050,Day,it_admin,1,2026-06-05T07:40:54.261158+00:00
CAS3022,Day,it_admin,0,2026-06-05T07:40:54.261158+00:00
CBW2427,Day,it_admin,2,2026-06-05T07:40:54.261158+00:00
CCB3055,Day,it_admin,1,2026-06-05T07:40:54.261158+00:00
CCL1770,Day,it_admin,2,2026-06-05T07:40:54.261158+00:00
CHB1062,Day,it_admin,3,2026-06-05T07:40:54.261158+00:00
CIS3505,Day,it_admin,3,2026-06-05T07:40:54.261158+00:00
CJH2411,Day,it_admin,2,2026-06-05T07:40:54.261158+00:00
CMB3499,Day,it_admin,3,2026-06-05T07:40:54.261158+00:00
CND3037,Day,it_admin,1,2026-06-05T07:40:54.261158+00:00
COB0461,Day,it_admin,1,2026-06-05T07:40:54.261158+00:00
CSM3502,Day,it_admin,3,2026-06-05T07:40:54.261158+00:00
CWH3033,Day,it_admin,0,2026-06-05T07:40:54.261158+00:00
CWR0043,Day,it_admin,3,2026-06-05T07:40:54.261158+00:00
DDH1041,Day,it_admin,3,2026-06-05T07:40:54.261158+00:00
DHS2419,Day,it_admin,2,2026-06-05T07:40:54.261158+00:00
DIW1749,Day,it_admin,0,2026-06-05T07:40:54.261158+00:00
DJP2420,Day,it_admin,0,2026-06-05T07:40:54.261158+00:00
DKD2409,Day,it_admin,2,2026-06-05T07:40:54.261158+00:00
DLM2440,Day,it_admin,1,2026-06-05T07:40:54.261158+00:00
DMC1766,Day,it_admin,2,2026-06-05T07:40:54.261158+00:00
DNS1758,Day,it_admin,1,2026-06-05T07:40:54.261158+00:00
DNS1768,Day,it_admin,2,2026-06-05T07:40:54.261158+00:00
DXM2433,Day,it_admin,2,2026-06-05T07:40:54.261158+00:00
EHD1744,Day,it_admin,3,2026-06-05T07:40:54.261158+00:00
EIR1046,Day,it_admin,1,2026-06-05T07:40:54.261158+00:00
ENS1748,Day,it_admin,3,2026-06-05T07:40:54.261158+00:00
EPI3052,Day,it_admin,1,2026-06-05T07:40:54.261158+00:00
EUC1051,Day,it_admin,3,2026-06-05T07:40:54.261158+00:00
FDD1052,Day,it_admin,3,2026-06-05T07:40:54.261158+00:00
FZB3046,Day,it_admin,1,2026-06-05T07:40:54.261158+00:00
GAH1760,Day,it_admin,2,2026-06-05T07:40:54.261158+00:00
GCN1743,Day,it_admin,2,2026-06-05T07:40:54.261158+00:00
GCP2425,Day,it_admin,1,2026-06-05T07:40:54.261158+00:00
GFK3498,Day,it_admin,3,2026-06-05T07:40:54.261158+00:00
GKK2422,Day,it_admin,2,2026-06-05T07:40:54.261158+00:00
GLC3495,Day,it_admin,3,2026-06-05T07:40:54.261158+00:00
GVC0049,Day,it_admin,1,2026-06-05T07:40:54.261158+00:00
HBB1759,Day,it_admin,1,2026-06-05T07:40:54.261158+00:00
HIA2415,Day,it_admin,2,2026-06-05T07:40:54.261158+00:00
HLZ2414,Day,it_admin,2,2026-06-05T07:40:54.261158+00:00
HQB3494,Day,it_admin,3,2026-06-05T07:40:54.261158+00:00
HTC1750,Day,it_admin,0,2026-06-05T07:40:54.261158+00:00
HYF1048,Day,it_admin,1,2026-06-05T07:40:54.261158+00:00
IBM1752,Day,it_admin,0,2026-06-05T07:40:54.261158+00:00
IDB1059,Day,it_admin,3,2026-06-05T07:40:54.261158+00:00
IIW0036,Day,it_admin,3,2026-06-05T07:40:54.261158+00:00
IKP1047,Day,it_admin,1,2026-06-05T07:40:54.261158+00:00
INL3041,Day,it_admin,3,2026-06-05T07:40:54.261158+00:00
JAY3851,Day,it_admin,3,2026-06-05T07:40:54.261158+00:00
JBW3852,Day,it_admin,3,2026-06-05T07:40:54.261158+00:00
JCB3054,Day,it_admin,3,2026-06-05T07:40:54.261158+00:00
JDM1042,Day,it_admin,3,2026-06-05T07:40:54.261158+00:00
JFG1049,Day,it_admin,1,2026-06-05T07:40:54.261158+00:00
JGN1767,Day,it_admin,2,2026-06-05T07:40:54.261158+00:00
JJB0042,Day,it_admin,1,2026-06-05T07:40:54.261158+00:00
JPS2432,Day,it_admin,2,2026-06-05T07:40:54.261158+00:00
JRR0459,Day,it_admin,1,2026-06-05T07:40:54.261158+00:00
JVC2443,Day,it_admin,1,2026-06-05T07:40:54.261158+00:00
JYM3047,Day,it_admin,3,2026-06-05T07:40:54.261158+00:00
KAC1774,Day,it_admin,2,2026-06-05T07:40:54.261158+00:00
KAP2430,Day,it_admin,2,2026-06-05T07:40:54.261158+00:00
KBB0460,Day,it_admin,1,2026-06-05T07:40:54.261158+00:00
KCC2434,Day,it_admin,2,2026-06-05T07:40:54.261158+00:00
KCF0450,Day,it_admin,3,2026-06-05T07:40:54.261158+00:00
KEF1057,Day,it_admin,3,2026-06-05T07:40:54.261158+00:00
KMB1761,Day,it_admin,2,2026-06-05T07:40:54.261158+00:00
KRL0467,Day,it_admin,1,2026-06-05T07:40:54.261158+00:00
KSM1772,Day,it_admin,2,2026-06-05T07:40:54.261158+00:00
LAH3026,Day,it_admin,2,2026-06-05T07:40:54.261158+00:00
LAV1050,Day,it_admin,3,2026-06-05T07:40:54.261158+00:00
LBB0453,Day,it_admin,3,2026-06-05T07:40:54.261158+00:00
LCS3042,Day,it_admin,1,2026-06-05T07:40:54.261158+00:00
LCW0047,Day,it_admin,1,2026-06-05T07:40:54.261158+00:00
LEB1764,Day,it_admin,2,2026-06-05T07:40:54.261158+00:00
LEC3857,Day,it_admin,3,2026-06-05T07:40:54.261158+00:00
LJE2413,Day,it_admin,2,2026-06-05T07:40:54.261158+00:00
LMG1061,Day,it_admin,3,2026-06-05T07:40:54.261158+00:00
LOP1055,Day,it_admin,1,2026-06-05T07:40:54.261158+00:00
LOR1044,Day,it_admin,1,2026-06-05T07:40:54.261158+00:00
LRK2426,Day,it_admin,2,2026-06-05T07:40:54.261158+00:00
MAB1775,Day,it_admin,2,2026-06-05T07:40:54.261158+00:00
MDG2418,Day,it_admin,2,2026-06-05T07:40:54.261158+00:00
MEM1745,Day,it_admin,0,2026-06-05T07:40:54.261158+00:00
MGG1756,Day,it_admin,2,2026-06-05T07:40:54.261158+00:00
MJK0037,Day,it_admin,3,2026-06-05T07:40:54.261158+00:00
MJP2421,Day,it_admin,0,2026-06-05T07:40:54.261158+00:00
MND1058,Day,it_admin,3,2026-06-05T07:40:54.261158+00:00
MTG0463,Day,it_admin,3,2026-06-05T07:40:54.261158+00:00
MTS0465,Day,it_admin,1,2026-06-05T07:40:54.261158+00:00
NCA3027,Day,it_admin,0,2026-06-05T07:40:54.261158+00:00
NFP2441,Day,it_admin,1,2026-06-05T07:40:54.261158+00:00
NRE1755,Day,it_admin,3,2026-06-05T07:40:54.261158+00:00
NSC3036,Day,it_admin,3,2026-06-05T07:40:54.261158+00:00
OHM1030,Day,it_admin,3,2026-06-05T07:40:54.261158+00:00
PCS1747,Day,it_admin,0,2026-06-05T07:40:54.261158+00:00
PJM3025,Day,it_admin,0,2026-06-05T07:40:54.261158+00:00
PLJ1771,Day,it_admin,2,2026-06-05T07:40:54.261158+00:00
PRH2431,Day,it_admin,2,2026-06-05T07:40:54.261158+00:00
PTO1063,Day,it_admin,1,2026-06-05T07:40:54.261158+00:00
QAH0048,Day,it_admin,1,2026-06-05T07:40:54.261158+00:00
QGH0041,Day,it_admin,3,2026-06-05T07:40:54.261158+00:00
QIT3029,Day,it_admin,0,2026-06-05T07:40:54.261158+00:00
QJF3038,Day,it_admin,1,2026-06-05T07:40:54.261158+00:00
RCB2424,Day,it_admin,2,2026-06-05T07:40:54.261158+00:00
RCF0044,Day,it_admin,1,2026-06-05T07:40:54.261158+00:00
REK1037,Day,it_admin,3,2026-06-05T07:40:54.261158+00:00
RGP0451,Day,it_admin,3,2026-06-05T07:40:54.261158+00:00
RHF0046,Day,it_admin,1,2026-06-05T07:40:54.261158+00:00
RIS2436,Day,it_admin,2,2026-06-05T07:40:54.261158+00:00
RKW1754,Day,it_admin,0,2026-06-05T07:40:54.261158+00:00
RME0448,Day,it_admin,3,2026-06-05T07:40:54.261158+00:00
RMO2439,Day,it_admin,2,2026-06-05T07:40:54.261158+00:00
RNM0466,Day,it_admin,1,2026-06-05T07:40:54.261158+00:00
RSV2438,Day,it_admin,1,2026-06-05T07:40:54.261158+00:00
SAB3860,Day,it_admin,3,2026-06-05T07:40:54.261158+00:00
SAM3855,Day,it_admin,3,2026-06-05T07:40:54.261158+00:00
SBW3023,Day,it_admin,0,2026-06-05T07:40:54.261158+00:00
SHM2429,Day,it_admin,2,2026-06-05T07:40:54.261158+00:00
SJD3032,Day,it_admin,0,2026-06-05T07:40:54.261158+00:00
SLB3039,Day,it_admin,3,2026-06-05T07:40:54.261158+00:00
SMO0458,Day,it_admin,1,2026-06-05T07:40:54.261158+00:00
SNV2423,Day,it_admin,2,2026-06-05T07:40:54.261158+00:00
SSF3031,Day,it_admin,0,2026-06-05T07:40:54.261158+00:00
STC3053,Day,it_admin,3,2026-06-05T07:40:54.261158+00:00
STR1769,Day,it_admin,2,2026-06-05T07:40:54.261158+00:00
SWH1053,Day,it_admin,1,2026-06-05T07:40:54.261158+00:00
TAM3048,Day,it_admin,1,2026-06-05T07:40:54.261158+00:00
TDW1746,Day,it_admin,0,2026-06-05T07:40:54.261158+00:00
TKS3035,Day,it_admin,2,2026-06-05T07:40:54.261158+00:00
TNH3028,Day,it_admin,2,2026-06-05T07:40:54.261158+00:00
TTP2417,Day,it_admin,0,2026-06-05T07:40:54.261158+00:00
TTR0045,Day,it_admin,3,2026-06-05T07:40:54.261158+00:00
TWK1773,Day,it_admin,2,2026-06-05T07:40:54.261158+00:00
USF1753,Day,it_admin,0,2026-06-05T07:40:54.261158+00:00
WAJ2412,Day,it_admin,2,2026-06-05T07:40:54.261158+00:00
WAL0050,Day,it_admin,1,2026-06-05T07:40:54.261158+00:00
WBM1045,Day,it_admin,1,2026-06-05T07:40:54.261158+00:00
WOV3040,Day,it_admin,1,2026-06-05T07:40:54.261158+00:00
WSA1765,Day,it_admin,2,2026-06-05T07:40:54.261158+00:00
WYC2416,Day,it_admin,0,2026-06-05T07:40:54.261158+00:00
YKM2435,Day,it_admin,2,2026-06-05T07:40:54.261158+00:00
YKW1763,Day,it_admin,2,2026-06-05T07:40:54.261158+00:00
ZAP1762,Day,it_admin,2,2026-06-05T07:40:54.261158+00:00
ZJS1776,Day,it_admin,2,2026-06-05T07:40:54.261158+00:00
ZTB2410,Day,it_admin,0,2026-06-05T07:40:54.261158+00:00
AAG3799,Day,sales,1,2026-06-05T07:40:54.261158+00:00
AAS3428,Day,sales,1,2026-06-05T07:40:54.261158+00:00
ABD3426,Day,sales,3,2026-06-05T07:40:54.261158+00:00
ABM3772,Day,sales,3,2026-06-05T07:40:54.261158+00:00
ACL2943,Day,sales,3,2026-06-05T07:40:54.261158+00:00
ACM2278,Day,sales,1,2026-06-05T07:40:54.261158+00:00
ADM0923,Day,sales,3,2026-06-05T07:40:54.261158+00:00
ADS2950,Day,sales,1,2026-06-05T07:40:54.261158+00:00
AGW1590,Day,sales,3,2026-06-05T07:40:54.261158+00:00
AHM0959,Day,sales,3,2026-06-05T07:40:54.261158+00:00
AIB3416,Day,sales,3,2026-06-05T07:40:54.261158+00:00
AIJ0383,Day,sales,3,2026-06-05T07:40:54.261158+00:00
AKL1605,Day,sales,3,2026-06-05T07:40:54.261158+00:00
ALP2955,Day,sales,1,2026-06-05T07:40:54.261158+00:00
ALS3440,Day,sales,3,2026-06-05T07:40:54.261158+00:00
AMN0911,Day,sales,3,2026-06-05T07:40:54.261158+00:00
APD0381,Day,sales,0,2026-06-05T07:40:54.261158+00:00
ARH1610,Day,sales,0,2026-06-05T07:40:54.261158+00:00
ARJ0912,Day,sales,0,2026-06-05T07:40:54.261158+00:00
ASP2895,Day,sales,1,2026-06-05T07:40:54.261158+00:00
ATC1587,Day,sales,0,2026-06-05T07:40:54.261158+00:00
AVS2317,Day,sales,3,2026-06-05T07:40:54.261158+00:00
AWB2282,Day,sales,1,2026-06-05T07:40:54.261158+00:00
BAR3420,Day,sales,3,2026-06-05T07:40:54.261158+00:00
BCB0909,Day,sales,1,2026-06-05T07:40:54.261158+00:00
BCO2338,Day,sales,0,2026-06-05T07:40:54.261158+00:00
BCS1604,Day,sales,3,2026-06-05T07:40:54.261158+00:00
BJC3423,Day,sales,3,2026-06-05T07:40:54.261158+00:00
BMS0925,Day,sales,3,2026-06-05T07:40:54.261158+00:00
BNL1652,Day,sales,0,2026-06-05T07:40:54.261158+00:00
BOV1609,Day,sales,0,2026-06-05T07:40:54.261158+00:00
BRR2899,Day,sales,3,2026-06-05T07:40:54.261158+00:00
BRW0963,Day,sales,1,2026-06-05T07:40:54.261158+00:00
BSS2956,Day,sales,1,2026-06-05T07:40:54.261158+00:00
BVB1673,Day,sales,1,2026-06-05T07:40:54.261158+00:00
BWM2339,Day,sales,3,2026-06-05T07:40:54.261158+00:00
BYF3784,Day,sales,3,2026-06-05T07:40:54.261158+00:00
CAR2900,Day,sales,1,2026-06-05T07:40:54.261158+00:00
CBC0952,Day,sales,3,2026-06-05T07:40:54.261158+00:00
CBG2875,Day,sales,3,2026-06-05T07:40:54.261158+00:00
CBH0413,Day,sales,0,2026-06-05T07:40:54.261158+00:00
CBM0410,Day,sales,3,2026-06-05T07:40:54.261158+00:00
CBS0951,Day,sales,0,2026-06-05T07:40:54.261158+00:00
CDB2947,Day,sales,3,2026-06-05T07:40:54.261158+00:00
CDC3413,Day,sales,1,2026-06-05T07:40:54.261158+00:00
CET3786,Day,sales,1,2026-06-05T07:40:54.261158+00:00
CFP3418,Day,sales,3,2026-06-05T07:40:54.261158+00:00
CFS1611,Day,sales,3,2026-06-05T07:40:54.261158+00:00
CHH2272,Day,sales,1,2026-06-05T07:40:54.261158+00:00
CHL3430,Day,sales,0,2026-06-05T07:40:54.261158+00:00
CHS2323,Day,sales,1,2026-06-05T07:40:54.261158+00:00
CHW2893,Day,sales,1,2026-06-05T07:40:54.261158+00:00
CID3774,Day,sales,2,2026-06-05T07:40:54.261158+00:00
CIY1654,Day,sales,1,2026-06-05T07:40:54.261158+00:00
CJH0382,Day,sales,0,2026-06-05T07:40:54.261158+00:00
CJM2961,Day,sales,1,2026-06-05T07:40:54.261158+00:00
CJY2951,Day,sales,1,2026-06-05T07:40:54.261158+00:00
CMH2342,Day,sales,3,2026-06-05T07:40:54.261158+00:00
CMP2946,Day,sales,1,2026-06-05T07:40:54.261158+00:00
CMS2897,Day,sales,3,2026-06-05T07:40:54.261158+00:00
CQS2883,Day,sales,1,2026-06-05T07:40:54.261158+00:00
CRT2273,Day,sales,0,2026-06-05T07:40:54.261158+00:00
CSB1660,Day,sales,1,2026-06-05T07:40:54.261158+00:00
CSG1600,Day,sales,0,2026-06-05T07:40:54.261158+00:00
CTH0915,Day,sales,3,2026-06-05T07:40:54.261158+00:00
CTK0947,Day,sales,3,2026-06-05T07:40:54.261158+00:00
CXK3433,Day,sales,0,2026-06-05T07:40:54.261158+00:00
DAM2954,Day,sales,3,2026-06-05T07:40:54.261158+00:00
DBH1596,Day,sales,3,2026-06-05T07:40:54.261158+00:00
DDF2937,Day,sales,1,2026-06-05T07:40:54.261158+00:00
DEL0913,Day,sales,0,2026-06-05T07:40:54.261158+00:00
DGG3429,Day,sales,1,2026-06-05T07:40:54.261158+00:00
DGN3358,Day,sales,1,2026-06-05T07:40:54.261158+00:00
DHG0962,Day,sales,3,2026-06-05T07:40:54.261158+00:00
DJF2329,Day,sales,1,2026-06-05T07:40:54.261158+00:00
DPC3722,Day,sales,3,2026-06-05T07:40:54.261158+00:00
DTL2891,Day,sales,3,2026-06-05T07:40:54.261158+00:00
EAH1653,Day,sales,1,2026-06-05T07:40:54.261158+00:00
ECS3353,Day,sales,1,2026-06-05T07:40:54.261158+00:00
EEH0965,Day,sales,3,2026-06-05T07:40:54.261158+00:00
EJP2315,Day,sales,0,2026-06-05T07:40:54.261158+00:00
EKS3724,Day,sales,1,2026-06-05T07:40:54.261158+00:00
ENM2269,Day,sales,3,2026-06-05T07:40:54.261158+00:00
ETB0950,Day,sales,1,2026-06-05T07:40:54.261158+00:00
FBD2277,Day,sales,0,2026-06-05T07:40:54.261158+00:00
FFP2270,Day,sales,1,2026-06-05T07:40:54.261158+00:00
FMR0920,Day,sales,3,2026-06-05T07:40:54.261158+00:00
FRM3431,Day,sales,0,2026-06-05T07:40:54.261158+00:00
GAN1584,Day,sales,3,2026-06-05T07:40:54.261158+00:00
GBC0907,Day,sales,3,2026-06-05T07:40:54.261158+00:00
GDB2960,Day,sales,1,2026-06-05T07:40:54.261158+00:00
GGM3737,Day,sales,3,2026-06-05T07:40:54.261158+00:00
GIT2266,Day,sales,1,2026-06-05T07:40:54.261158+00:00
GJS3352,Day,sales,1,2026-06-05T07:40:54.261158+00:00
GKG3414,Day,sales,3,2026-06-05T07:40:54.261158+00:00
GMC0953,Day,sales,0,2026-06-05T07:40:54.261158+00:00
GSH1593,Day,sales,0,2026-06-05T07:40:54.261158+00:00
HAP3738,Day,sales,1,2026-06-05T07:40:54.261158+00:00
HCM2945,Day,sales,1,2026-06-05T07:40:54.261158+00:00
HDB1666,Day,sales,1,2026-06-05T07:40:54.261158+00:00
HJD3439,Day,sales,3,2026-06-05T07:40:54.261158+00:00
HJV1586,Day,sales,0,2026-06-05T07:40:54.261158+00:00
HYP1591,Day,sales,0,2026-06-05T07:40:54.261158+00:00
IBC0377,Day,sales,1,2026-06-05T07:40:54.261158+00:00
IDH2939,Day,sales,3,2026-06-05T07:40:54.261158+00:00
IFC0958,Day,sales,3,2026-06-05T07:40:54.261158+00:00
IGP2254,Day,sales,3,2026-06-05T07:40:54.261158+00:00
IIW1595,Day,sales,3,2026-06-05T07:40:54.261158+00:00
IJM3356,Day,sales,1,2026-06-05T07:40:54.261158+00:00
IKT0917,Day,sales,1,2026-06-05T07:40:54.261158+00:00
IMP0960,Day,sales,0,2026-06-05T07:40:54.261158+00:00
IPS0385,Day,sales,1,2026-06-05T07:40:54.261158+00:00
ISS0949,Day,sales,0,2026-06-05T07:40:54.261158+00:00
IUT3421,Day,sales,1,2026-06-05T07:40:54.261158+00:00
JCH2963,Day,sales,1,2026-06-05T07:40:54.261158+00:00
JCS0380,Day,sales,0,2026-06-05T07:40:54.261158+00:00
JDB0956,Day,sales,0,2026-06-05T07:40:54.261158+00:00
JEL2887,Day,sales,3,2026-06-05T07:40:54.261158+00:00
JFB0961,Day,sales,1,2026-06-05T07:40:54.261158+00:00
JGR2327,Day,sales,0,2026-06-05T07:40:54.261158+00:00
JJB1598,Day,sales,0,2026-06-05T07:40:54.261158+00:00
JJH2332,Day,sales,1,2026-06-05T07:40:54.261158+00:00
JJM3791,Day,sales,1,2026-06-05T07:40:54.261158+00:00
JLG2952,Day,sales,1,2026-06-05T07:40:54.261158+00:00
JMG3365,Day,sales,3,2026-06-05T07:40:54.261158+00:00
JRF3424,Day,sales,0,2026-06-05T07:40:54.261158+00:00
JRJ0919,Day,sales,1,2026-06-05T07:40:54.261158+00:00
JSB2942,Day,sales,1,2026-06-05T07:40:54.261158+00:00
JZE2902,Day,sales,3,2026-06-05T07:40:54.261158+00:00
KBM3734,Day,sales,3,2026-06-05T07:40:54.261158+00:00
KBP0384,Day,sales,3,2026-06-05T07:40:54.261158+00:00
KBV1602,Day,sales,3,2026-06-05T07:40:54.261158+00:00
KDT3773,Day,sales,1,2026-06-05T07:40:54.261158+00:00
KEM2934,Day,sales,1,2026-06-05T07:40:54.261158+00:00
KIC2314,Day,sales,1,2026-06-05T07:40:54.261158+00:00
KIG1594,Day,sales,0,2026-06-05T07:40:54.261158+00:00
KKH2324,Day,sales,3,2026-06-05T07:40:54.261158+00:00
KKS3790,Day,sales,1,2026-06-05T07:40:54.261158+00:00
KMB3781,Day,sales,1,2026-06-05T07:40:54.261158+00:00
KMS0954,Day,sales,3,2026-06-05T07:40:54.261158+00:00
KNL0918,Day,sales,0,2026-06-05T07:40:54.261158+00:00
KOE0908,Day,sales,3,2026-06-05T07:40:54.261158+00:00
KRC2935,Day,sales,1,2026-06-05T07:40:54.261158+00:00
KSB1599,Day,sales,0,2026-06-05T07:40:54.261158+00:00
KSD1646,Day,sales,1,2026-06-05T07:40:54.261158+00:00
KST0924,Day,sales,0,2026-06-05T07:40:54.261158+00:00
KSV2881,Day,sales,1,2026-06-05T07:40:54.261158+00:00
KTL3785,Day,sales,3,2026-06-05T07:40:54.261158+00:00
KVA2944,Day,sales,1,2026-06-05T07:40:54.261158+00:00
LBG1670,Day,sales,1,2026-06-05T07:40:54.261158+00:00
LIW0379,Day,sales,0,2026-06-05T07:40:54.261158+00:00
LKB2322,Day,sales,0,2026-06-05T07:40:54.261158+00:00
LLG2958,Day,sales,3,2026-06-05T07:40:54.261158+00:00
LMM3366,Day,sales,1,2026-06-05T07:40:54.261158+00:00
LMW2320,Day,sales,0,2026-06-05T07:40:54.261158+00:00
LOC0416,Day,sales,3,2026-06-05T07:40:54.261158+00:00
LQC3780,Day,sales,1,2026-06-05T07:40:54.261158+00:00
LSM0408,Day,sales,0,2026-06-05T07:40:54.261158+00:00
LSN1672,Day,sales,1,2026-06-05T07:40:54.261158+00:00
LYB3419,Day,sales,1,2026-06-05T07:40:54.261158+00:00
MAC2962,Day,sales,1,2026-06-05T07:40:54.261158+00:00
MBH3427,Day,sales,3,2026-06-05T07:40:54.261158+00:00
MCH3354,Day,sales,3,2026-06-05T07:40:54.261158+00:00
MFD2890,Day,sales,1,2026-06-05T07:40:54.261158+00:00
MIC2325,Day,sales,0,2026-06-05T07:40:54.261158+00:00
MJS3720,Day,sales,1,2026-06-05T07:40:54.261158+00:00
MLF2319,Day,sales,0,2026-06-05T07:40:54.261158+00:00
MLV3376,Day,sales,3,2026-06-05T07:40:54.261158+00:00
MNP0955,Day,sales,0,2026-06-05T07:40:54.261158+00:00
MNT0922,Day,sales,3,2026-06-05T07:40:54.261158+00:00
MNW2267,Day,sales,1,2026-06-05T07:40:54.261158+00:00
MQR1657,Day,sales,1,2026-06-05T07:40:54.261158+00:00
MRS0409,Day,sales,1,2026-06-05T07:40:54.261158+00:00
MXR3432,Day,sales,3,2026-06-05T07:40:54.261158+00:00
MYW0914,Day,sales,0,2026-06-05T07:40:54.261158+00:00
NBR3731,Day,sales,1,2026-06-05T07:40:54.261158+00:00
NDC0948,Day,sales,3,2026-06-05T07:40:54.261158+00:00
NDK3436,Day,sales,1,2026-06-05T07:40:54.261158+00:00
NEH3435,Day,sales,3,2026-06-05T07:40:54.261158+00:00
NGR2884,Day,sales,1,2026-06-05T07:40:54.261158+00:00
NGW2341,Day,sales,1,2026-06-05T07:40:54.261158+00:00
NHP0412,Day,sales,3,2026-06-05T07:40:54.261158+00:00
NPR1612,Day,sales,1,2026-06-05T07:40:54.261158+00:00
NRN2936,Day,sales,1,2026-06-05T07:40:54.261158+00:00
NVH3726,Day,sales,3,2026-06-05T07:40:54.261158+00:00
NWH2896,Day,sales,1,2026-06-05T07:40:54.261158+00:00
NWV0966,Day,sales,0,2026-06-05T07:40:54.261158+00:00
OEJ1648,Day,sales,1,2026-06-05T07:40:54.261158+00:00
OHD2274,Day,sales,1,2026-06-05T07:40:54.261158+00:00
OKH3777,Day,sales,1,2026-06-05T07:40:54.261158+00:00
ORB2880,Day,sales,3,2026-06-05T07:40:54.261158+00:00
PCB1603,Day,sales,0,2026-06-05T07:40:54.261158+00:00
PLH0411,Day,sales,0,2026-06-05T07:40:54.261158+00:00
PPG2889,Day,sales,3,2026-06-05T07:40:54.261158+00:00
PSC1608,Day,sales,0,2026-06-05T07:40:54.261158+00:00
QIS2940,Day,sales,1,2026-06-05T07:40:54.261158+00:00
QRJ1597,Day,sales,3,2026-06-05T07:40:54.261158+00:00
RDC0378,Day,sales,0,2026-06-05T07:40:54.261158+00:00
RDW0957,Day,sales,0,2026-06-05T07:40:54.261158+00:00
RFB2959,Day,sales,1,2026-06-05T07:40:54.261158+00:00
RIE2876,Day,sales,1,2026-06-05T07:40:54.261158+00:00
RJW2318,Day,sales,0,2026-06-05T07:40:54.261158+00:00
RKE1589,Day,sales,0,2026-06-05T07:40:54.261158+00:00
RKH2877,Day,sales,1,2026-06-05T07:40:54.261158+00:00
RPH2326,Day,sales,1,2026-06-05T07:40:54.261158+00:00
RSA2941,Day,sales,1,2026-06-05T07:40:54.261158+00:00
RXN2265,Day,sales,3,2026-06-05T07:40:54.261158+00:00
SBS1606,Day,sales,0,2026-06-05T07:40:54.261158+00:00
SCD2333,Day,sales,0,2026-06-05T07:40:54.261158+00:00
SFC2336,Day,sales,0,2026-06-05T07:40:54.261158+00:00
SHC1585,Day,sales,0,2026-06-05T07:40:54.261158+00:00
SJL3355,Day,sales,1,2026-06-05T07:40:54.261158+00:00
SJN1601,Day,sales,3,2026-06-05T07:40:54.261158+00:00
SLC1588,Day,sales,0,2026-06-05T07:40:54.261158+00:00
SMC2898,Day,sales,3,2026-06-05T07:40:54.261158+00:00
SPP2313,Day,sales,0,2026-06-05T07:40:54.261158+00:00
SQC2334,Day,sales,1,2026-06-05T07:40:54.261158+00:00
SRB2276,Day,sales,3,2026-06-05T07:40:54.261158+00:00
SSL2271,Day,sales,1,2026-06-05T07:40:54.261158+00:00
SST1661,Day,sales,3,2026-06-05T07:40:54.261158+00:00
SXR0964,Day,sales,0,2026-06-05T07:40:54.261158+00:00
TAC3425,Day,sales,3,2026-06-05T07:40:54.261158+00:00
TBC2256,Day,sales,3,2026-06-05T07:40:54.261158+00:00
TGH3351,Day,sales,3,2026-06-05T07:40:54.261158+00:00
THF2879,Day,sales,1,2026-06-05T07:40:54.261158+00:00
TJT3412,Day,sales,0,2026-06-05T07:40:54.261158+00:00
TSD2948,Day,sales,3,2026-06-05T07:40:54.261158+00:00
UMF2894,Day,sales,1,2026-06-05T07:40:54.261158+00:00
UOM3363,Day,sales,1,2026-06-05T07:40:54.261158+00:00
URC2874,Day,sales,3,2026-06-05T07:40:54.261158+00:00
VKM2949,Day,sales,1,2026-06-05T07:40:54.261158+00:00
VNC1607,Day,sales,0,2026-06-05T07:40:54.261158+00:00
VNG0916,Day,sales,3,2026-06-05T07:40:54.261158+00:00
WAF3438,Day,sales,3,2026-06-05T07:40:54.261158+00:00
WBB2321,Day,sales,3,2026-06-05T07:40:54.261158+00:00
WBS1592,Day,sales,0,2026-06-05T07:40:54.261158+00:00
WDH0910,Day,sales,0,2026-06-05T07:40:54.261158+00:00
WFN0926,Day,sales,0,2026-06-05T07:40:54.261158+00:00
WHH2938,Day,sales,1,2026-06-05T07:40:54.261158+00:00
WRW2331,Day,sales,3,2026-06-05T07:40:54.261158+00:00
XAL0414,Day,sales,3,2026-06-05T07:40:54.261158+00:00
XWM0415,Day,sales,3,2026-06-05T07:40:54.261158+00:00
YCA2885,Day,sales,1,2026-06-05T07:40:54.261158+00:00
YMB2953,Day,sales,3,2026-06-05T07:40:54.261158+00:00
ZBH3422,Day,sales,1,2026-06-05T07:40:54.261158+00:00
ZGP2957,Day,sales,1,2026-06-05T07:40:54.261158+00:00
ZNA0921,Day,sales,0,2026-06-05T07:40:54.261158+00:00
ZOO1613,Day,sales,0,2026-06-05T07:40:54.261158+00:00
AAP0352,Day,research,2,2026-06-05T07:40:54.261158+00:00
ABH2671,Day,research,1,2026-06-05T07:40:54.261158+00:00
ACB3123,Day,research,1,2026-06-05T07:40:54.261158+00:00
ACH1910,Day,research,0,2026-06-05T07:40:54.261158+00:00
AGL3519,Day,research,0,2026-06-05T07:40:54.261158+00:00
AHD2457,Day,research,2,2026-06-05T07:40:54.261158+00:00
AJH3517,Day,research,2,2026-06-05T07:40:54.261158+00:00
AJS3899,Day,research,3,2026-06-05T07:40:54.261158+00:00
ALD3508,Day,research,2,2026-06-05T07:40:54.261158+00:00
ALS2669,Day,research,2,2026-06-05T07:40:54.261158+00:00
ALT1354,Day,research,2,2026-06-05T07:40:54.261158+00:00
ANH3059,Day,research,2,2026-06-05T07:40:54.261158+00:00
APA1788,Day,research,0,2026-06-05T07:40:54.261158+00:00
APS3553,Day,research,3,2026-06-05T07:40:54.261158+00:00
ARK3198,Day,research,0,2026-06-05T07:40:54.261158+00:00
ARL2672,Day,research,2,2026-06-05T07:40:54.261158+00:00
ARS3506,Day,research,2,2026-06-05T07:40:54.261158+00:00
AYP3586,Day,research,3,2026-06-05T07:40:54.261158+00:00
BAA2451,Day,research,2,2026-06-05T07:40:54.261158+00:00
BAT3066,Day,research,1,2026-06-05T07:40:54.261158+00:00
BBH3587,Day,research,0,2026-06-05T07:40:54.261158+00:00
BBV3875,Day,research,2,2026-06-05T07:40:54.261158+00:00
BBW0594,Day,research,1,2026-06-05T07:40:54.261158+00:00
BCB2676,Day,research,2,2026-06-05T07:40:54.261158+00:00
BCZ1345,Day,research,2,2026-06-05T07:40:54.261158+00:00
BDA1906,Day,research,3,2026-06-05T07:40:54.261158+00:00
BDH0472,Day,research,3,2026-06-05T07:40:54.261158+00:00
BHD0598,Day,research,3,2026-06-05T07:40:54.261158+00:00
BHS1917,Day,research,3,2026-06-05T07:40:54.261158+00:00
BLL3585,Day,research,1,2026-06-05T07:40:54.261158+00:00
BMC3061,Day,research,0,2026-06-05T07:40:54.261158+00:00
BMH1069,Day,research,0,2026-06-05T07:40:54.261158+00:00
BNH3516,Day,research,0,2026-06-05T07:40:54.261158+00:00
BNR3128,Day,research,2,2026-06-05T07:40:54.261158+00:00
BQW1904,Day,research,3,2026-06-05T07:40:54.261158+00:00
BRW3552,Day,research,0,2026-06-05T07:40:54.261158+00:00
BXT2678,Day,research,0,2026-06-05T07:40:54.261158+00:00
BZS1344,Day,research,2,2026-06-05T07:40:54.261158+00:00
CAB3121,Day,research,2,2026-06-05T07:40:54.261158+00:00
CBG1074,Day,research,1,2026-06-05T07:40:54.261158+00:00
CCW3901,Day,research,0,2026-06-05T07:40:54.261158+00:00
CEC1352,Day,research,0,2026-06-05T07:40:54.261158+00:00
CGM2036,Day,research,0,2026-06-05T07:40:54.261158+00:00
CGM3124,Day,research,0,2026-06-05T07:40:54.261158+00:00
CHA3190,Day,research,1,2026-06-05T07:40:54.261158+00:00
CIG3191,Day,research,2,2026-06-05T07:40:54.261158+00:00
CJM3543,Day,research,1,2026-06-05T07:40:54.261158+00:00
CKB0596,Day,research,1,2026-06-05T07:40:54.261158+00:00
CMB2034,Day,research,2,2026-06-05T07:40:54.261158+00:00
CMM1068,Day,research,1,2026-06-05T07:40:54.261158+00:00
CRJ3070,Day,research,2,2026-06-05T07:40:54.261158+00:00
CRP1915,Day,research,3,2026-06-05T07:40:54.261158+00:00
CSM1212,Day,research,0,2026-06-05T07:40:54.261158+00:00
CTP3877,Day,research,2,2026-06-05T07:40:54.261158+00:00
CTW2038,Day,research,1,2026-06-05T07:40:54.261158+00:00
CWA2554,Day,research,0,2026-06-05T07:40:54.261158+00:00
DAD1785,Day,research,3,2026-06-05T07:40:54.261158+00:00
DBC1073,Day,research,3,2026-06-05T07:40:54.261158+00:00
DBC3871,Day,research,1,2026-06-05T07:40:54.261158+00:00
DBF3582,Day,research,0,2026-06-05T07:40:54.261158+00:00
DBG0477,Day,research,0,2026-06-05T07:40:54.261158+00:00
DBT0141,Day,research,1,2026-06-05T07:40:54.261158+00:00
DGE3194,Day,research,2,2026-06-05T07:40:54.261158+00:00
DLG2673,Day,research,2,2026-06-05T07:40:54.261158+00:00
DNB3545,Day,research,3,2026-06-05T07:40:54.261158+00:00
DRW1207,Day,research,3,2026-06-05T07:40:54.261158+00:00
DSN3186,Day,research,0,2026-06-05T07:40:54.261158+00:00
DTC2566,Day,research,0,2026-06-05T07:40:54.261158+00:00
EAL3873,Day,research,1,2026-06-05T07:40:54.261158+00:00
EBD2562,Day,research,1,2026-06-05T07:40:54.261158+00:00
EEC3193,Day,research,0,2026-06-05T07:40:54.261158+00:00
EHW2450,Day,research,2,2026-06-05T07:40:54.261158+00:00
EID1076,Day,research,1,2026-06-05T07:40:54.261158+00:00
EIH0064,Day,research,3,2026-06-05T07:40:54.261158+00:00
EJL1075,Day,research,0,2026-06-05T07:40:54.261158+00:00
EMM3195,Day,research,2,2026-06-05T07:40:54.261158+00:00
EPC3889,Day,research,1,2026-06-05T07:40:54.261158+00:00
ERG3905,Day,research,3,2026-06-05T07:40:54.261158+00:00
ERO2454,Day,research,2,2026-06-05T07:40:54.261158+00:00
EZB3892,Day,research,3,2026-06-05T07:40:54.261158+00:00
FBY1064,Day,research,3,2026-06-05T07:40:54.261158+00:00
FDD3893,Day,research,0,2026-06-05T07:40:54.261158+00:00
FPL3129,Day,research,1,2026-06-05T07:40:54.261158+00:00
GAP0715,Day,research,0,2026-06-05T07:40:54.261158+00:00
GCL1782,Day,research,1,2026-06-05T07:40:54.261158+00:00
GDR1066,Day,research,3,2026-06-05T07:40:54.261158+00:00
GJM0065,Day,research,0,2026-06-05T07:40:54.261158+00:00
GMC1209,Day,research,1,2026-06-05T07:40:54.261158+00:00
GMF1213,Day,research,1,2026-06-05T07:40:54.261158+00:00
GNT0221,Day,research,3,2026-06-05T07:40:54.261158+00:00
GPL1911,Day,research,3,2026-06-05T07:40:54.261158+00:00
GTG1348,Day,research,2,2026-06-05T07:40:54.261158+00:00
GUC0473,Day,research,3,2026-06-05T07:40:54.261158+00:00
GVC1358,Day,research,1,2026-06-05T07:40:54.261158+00:00
HAG3196,Day,research,0,2026-06-05T07:40:54.261158+00:00
HJG3868,Day,research,2,2026-06-05T07:40:54.261158+00:00
HKT1778,Day,research,3,2026-06-05T07:40:54.261158+00:00
HNG1909,Day,research,3,2026-06-05T07:40:54.261158+00:00
HQF1912,Day,research,3,2026-06-05T07:40:54.261158+00:00
HZM3056,Day,research,2,2026-06-05T07:40:54.261158+00:00
IAC3581,Day,research,3,2026-06-05T07:40:54.261158+00:00
IEG3509,Day,research,2,2026-06-05T07:40:54.261158+00:00
IGP1784,Day,research,0,2026-06-05T07:40:54.261158+00:00
IKC1205,Day,research,3,2026-06-05T07:40:54.261158+00:00
INJ3876,Day,research,2,2026-06-05T07:40:54.261158+00:00
INS3200,Day,research,2,2026-06-05T07:40:54.261158+00:00
IRB2456,Day,research,0,2026-06-05T07:40:54.261158+00:00
IYM3865,Day,research,1,2026-06-05T07:40:54.261158+00:00
JAS1907,Day,research,0,2026-06-05T07:40:54.261158+00:00
JBC1916,Day,research,3,2026-06-05T07:40:54.261158+00:00
JBL3189,Day,research,2,2026-06-05T07:40:54.261158+00:00
JCP3883,Day,research,0,2026-06-05T07:40:54.261158+00:00
JDB3127,Day,research,2,2026-06-05T07:40:54.261158+00:00
JEV3132,Day,research,1,2026-06-05T07:40:54.261158+00:00
JEW2035,Day,research,2,2026-06-05T07:40:54.261158+00:00
JFL2674,Day,research,1,2026-06-05T07:40:54.261158+00:00
JHC3520,Day,research,2,2026-06-05T07:40:54.261158+00:00
JHF1356,Day,research,0,2026-06-05T07:40:54.261158+00:00
JHK3122,Day,research,0,2026-06-05T07:40:54.261158+00:00
JJS3884,Day,research,3,2026-06-05T07:40:54.261158+00:00
JKS2444,Day,research,1,2026-06-05T07:40:54.261158+00:00
JNW2037,Day,research,1,2026-06-05T07:40:54.261158+00:00
JSN1905,Day,research,3,2026-06-05T07:40:54.261158+00:00
JTJ0597,Day,research,3,2026-06-05T07:40:54.261158+00:00
JZM1351,Day,research,2,2026-06-05T07:40:54.261158+00:00
KAC2449,Day,research,2,2026-06-05T07:40:54.261158+00:00
KAS2029,Day,research,2,2026-06-05T07:40:54.261158+00:00
KCR0468,Day,research,0,2026-06-05T07:40:54.261158+00:00
KCW3064,Day,research,0,2026-06-05T07:40:54.261158+00:00
KLG0439,Day,research,2,2026-06-05T07:40:54.261158+00:00
KLM1357,Day,research,1,2026-06-05T07:40:54.261158+00:00
KLM2448,Day,research,2,2026-06-05T07:40:54.261158+00:00
KLP3864,Day,research,2,2026-06-05T07:40:54.261158+00:00
KMC2028,Day,research,2,2026-06-05T07:40:54.261158+00:00
KMD3062,Day,research,1,2026-06-05T07:40:54.261158+00:00
KMR0373,Day,research,0,2026-06-05T07:40:54.261158+00:00
KPS3882,Day,research,1,2026-06-05T07:40:54.261158+00:00
KRM3125,Day,research,0,2026-06-05T07:40:54.261158+00:00
KTC0474,Day,research,1,2026-06-05T07:40:54.261158+00:00
KVD2453,Day,research,2,2026-06-05T07:40:54.261158+00:00
LAE1350,Day,research,2,2026-06-05T07:40:54.261158+00:00
LCB2041,Day,research,2,2026-06-05T07:40:54.261158+00:00
LCF1216,Day,research,0,2026-06-05T07:40:54.261158+00:00
LEM1913,Day,research,3,2026-06-05T07:40:54.261158+00:00
LMB1077,Day,research,0,2026-06-05T07:40:54.261158+00:00
LQJ3060,Day,research,2,2026-06-05T07:40:54.261158+00:00
LRB0372,Day,research,2,2026-06-05T07:40:54.261158+00:00
LVH1790,Day,research,3,2026-06-05T07:40:54.261158+00:00
MAG2667,Day,research,2,2026-06-05T07:40:54.261158+00:00
MBF3126,Day,research,2,2026-06-05T07:40:54.261158+00:00
MBH0476,Day,research,3,2026-06-05T07:40:54.261158+00:00
MCF3187,Day,research,2,2026-06-05T07:40:54.261158+00:00
MCS1078,Day,research,3,2026-06-05T07:40:54.261158+00:00
MEA3886,Day,research,0,2026-06-05T07:40:54.261158+00:00
MJB3866,Day,research,2,2026-06-05T07:40:54.261158+00:00
MJD0469,Day,research,3,2026-06-05T07:40:54.261158+00:00
MJW2032,Day,research,1,2026-06-05T07:40:54.261158+00:00
MNR1903,Day,research,1,2026-06-05T07:40:54.261158+00:00
MOB1914,Day,research,3,2026-06-05T07:40:54.261158+00:00
MTP2675,Day,research,0,2026-06-05T07:40:54.261158+00:00
MVS1908,Day,research,3,2026-06-05T07:40:54.261158+00:00
NEC2033,Day,research,2,2026-06-05T07:40:54.261158+00:00
NEC2446,Day,research,2,2026-06-05T07:40:54.261158+00:00
NGB0066,Day,research,1,2026-06-05T07:40:54.261158+00:00
NMP3872,Day,research,2,2026-06-05T07:40:54.261158+00:00
NSW3199,Day,research,2,2026-06-05T07:40:54.261158+00:00
NYS2040,Day,research,2,2026-06-05T07:40:54.261158+00:00
OCD3513,Day,research,1,2026-06-05T07:40:54.261158+00:00
OMB3507,Day,research,2,2026-06-05T07:40:54.261158+00:00
OQL3890,Day,research,1,2026-06-05T07:40:54.261158+00:00
PEC0475,Day,research,3,2026-06-05T07:40:54.261158+00:00
PWG3063,Day,research,2,2026-06-05T07:40:54.261158+00:00
QBH3579,Day,research,3,2026-06-05T07:40:54.261158+00:00
RBB3867,Day,research,2,2026-06-05T07:40:54.261158+00:00
RCH2447,Day,research,0,2026-06-05T07:40:54.261158+00:00
REJ2666,Day,research,1,2026-06-05T07:40:54.261158+00:00
RGB1346,Day,research,0,2026-06-05T07:40:54.261158+00:00
RJH0219,Day,research,1,2026-06-05T07:40:54.261158+00:00
RMN1355,Day,research,2,2026-06-05T07:40:54.261158+00:00
RMP3510,Day,research,2,2026-06-05T07:40:54.261158+00:00
ROH1347,Day,research,2,2026-06-05T07:40:54.261158+00:00
ROS2030,Day,research,0,2026-06-05T07:40:54.261158+00:00
RPW2445,Day,research,2,2026-06-05T07:40:54.261158+00:00
RQN2039,Day,research,0,2026-06-05T07:40:54.261158+00:00
RRH3057,Day,research,1,2026-06-05T07:40:54.261158+00:00
SBK3515,Day,research,2,2026-06-05T07:40:54.261158+00:00
SCC0067,Day,research,0,2026-06-05T07:40:54.261158+00:00
SCD3192,Day,research,2,2026-06-05T07:40:54.261158+00:00
SCR2455,Day,research,0,2026-06-05T07:40:54.261158+00:00
SES2670,Day,research,1,2026-06-05T07:40:54.261158+00:00
SHB3512,Day,research,1,2026-06-05T07:40:54.261158+00:00
SIS3576,Day,research,3,2026-06-05T07:40:54.261158+00:00
SJC3900,Day,research,1,2026-06-05T07:40:54.261158+00:00
SJW3131,Day,research,0,2026-06-05T07:40:54.261158+00:00
SKM3058,Day,research,2,2026-06-05T07:40:54.261158+00:00
SMS2452,Day,research,1,2026-06-05T07:40:54.261158+00:00
SSD3197,Day,research,2,2026-06-05T07:40:54.261158+00:00
SSM3894,Day,research,0,2026-06-05T07:40:54.261158+00:00
STC2042,Day,research,1,2026-06-05T07:40:54.261158+00:00
STN2458,Day,research,0,2026-06-05T07:40:54.261158+00:00
SWE1349,Day,research,2,2026-06-05T07:40:54.261158+00:00
SXO3514,Day,research,0,2026-06-05T07:40:54.261158+00:00
TAM2031,Day,research,2,2026-06-05T07:40:54.261158+00:00
TAW2664,Day,research,1,2026-06-05T07:40:54.261158+00:00
TDM3135,Day,research,0,2026-06-05T07:40:54.261158+00:00
TDV3188,Day,research,1,2026-06-05T07:40:54.261158+00:00
THM2665,Day,research,2,2026-06-05T07:40:54.261158+00:00
TJB3511,Day,research,2,2026-06-05T07:40:54.261158+00:00
TJS3067,Day,research,0,2026-06-05T07:40:54.261158+00:00
TLW2668,Day,research,2,2026-06-05T07:40:54.261158+00:00
TTB0471,Day,research,3,2026-06-05T07:40:54.261158+00:00
TZY3133,Day,research,0,2026-06-05T07:40:54.261158+00:00
VCV1353,Day,research,2,2026-06-05T07:40:54.261158+00:00
VMJ3068,Day,research,1,2026-06-05T07:40:54.261158+00:00
WBS3870,Day,research,1,2026-06-05T07:40:54.261158+00:00
WCM3134,Day,research,2,2026-06-05T07:40:54.261158+00:00
WDD2677,Day,research,0,2026-06-05T07:40:54.261158+00:00
WJC0470,Day,research,3,2026-06-05T07:40:54.261158+00:00
WJR3544,Day,research,3,2026-06-05T07:40:54.261158+00:00
XCL1792,Day,research,0,2026-06-05T07:40:54.261158+00:00
XJM3874,Day,research,1,2026-06-05T07:40:54.261158+00:00
YDE3069,Day,research,2,2026-06-05T07:40:54.261158+00:00
YDM3898,Day,research,0,2026-06-05T07:40:54.261158+00:00
YJD3130,Day,research,2,2026-06-05T07:40:54.261158+00:00
YKM3542,Day,research,1,2026-06-05T07:40:54.261158+00:00
YYD3518,Day,research,2,2026-06-05T07:40:54.261158+00:00
ZAF3065,Day,research,2,2026-06-05T07:40:54.261158+00:00
ZHT3869,Day,research,2,2026-06-05T07:40:54.261158+00:00
ZMB3863,Day,research,2,2026-06-05T07:40:54.261158+00:00
ACJ0014,Day,management,2,2026-06-05T07:40:54.261158+00:00
ADG1737,Day,management,0,2026-06-05T07:40:54.261158+00:00
AGB0057,Day,management,1,2026-06-05T07:40:54.261158+00:00
AMJ2374,Day,management,1,2026-06-05T07:40:54.261158+00:00
ARB0208,Day,management,1,2026-06-05T07:40:54.261158+00:00
ARC1725,Day,management,1,2026-06-05T07:40:54.261158+00:00
ASG0072,Day,management,0,2026-06-05T07:40:54.261158+00:00
ATD0146,Day,management,1,2026-06-05T07:40:54.261158+00:00
ATH0225,Day,management,1,2026-06-05T07:40:54.261158+00:00
BHE1709,Day,management,1,2026-06-05T07:40:54.261158+00:00
BHM0430,Day,management,2,2026-06-05T07:40:54.261158+00:00
BJS0053,Day,management,3,2026-06-05T07:40:54.261158+00:00
BVC0009,Day,management,1,2026-06-05T07:40:54.261158+00:00
BWJ0136,Day,management,0,2026-06-05T07:40:54.261158+00:00
CAR0992,Day,management,1,2026-06-05T07:40:54.261158+00:00
CBA1023,Day,management,0,2026-06-05T07:40:54.261158+00:00
CBM0060,Day,management,3,2026-06-05T07:40:54.261158+00:00
CGM0035,Day,management,1,2026-06-05T07:40:54.261158+00:00
CKB0169,Day,management,2,2026-06-05T07:40:54.261158+00:00
CMS0010,Day,management,2,2026-06-05T07:40:54.261158+00:00
CSG0135,Day,management,1,2026-06-05T07:40:54.261158+00:00
DCB0401,Day,management,0,2026-06-05T07:40:54.261158+00:00
DMH0011,Day,management,2,2026-06-05T07:40:54.261158+00:00
DTT1716,Day,management,3,2026-06-05T07:40:54.261158+00:00
FDT0213,Day,management,1,2026-06-05T07:40:54.261158+00:00
FGN0375,Day,management,2,2026-06-05T07:40:54.261158+00:00
FTS0246,Day,management,1,2026-06-05T07:40:54.261158+00:00
GKL0006,Day,management,1,2026-06-05T07:40:54.261158+00:00
GLF0226,Day,management,3,2026-06-05T07:40:54.261158+00:00
GNH1735,Day,management,2,2026-06-05T07:40:54.261158+00:00
GWC0137,Day,management,0,2026-06-05T07:40:54.261158+00:00
HCS2401,Day,management,0,2026-06-05T07:40:54.261158+00:00
HIP0148,Day,management,1,2026-06-05T07:40:54.261158+00:00
HIS1706,Day,management,2,2026-06-05T07:40:54.261158+00:00
HUM0431,Day,management,2,2026-06-05T07:40:54.261158+00:00
IIW0399,Day,management,0,2026-06-05T07:40:54.261158+00:00
IKH3472,Day,management,0,2026-06-05T07:40:54.261158+00:00
ISM0130,Day,management,3,2026-06-05T07:40:54.261158+00:00
IWG0058,Day,management,1,2026-06-05T07:40:54.261158+00:00
JAF0209,Day,management,1,2026-06-05T07:40:54.261158+00:00
JCC0059,Day,management,2,2026-06-05T07:40:54.261158+00:00
JCS2391,Day,management,1,2026-06-05T07:40:54.261158+00:00
JPJ0227,Day,management,1,2026-06-05T07:40:54.261158+00:00
JSB0320,Day,management,0,2026-06-05T07:40:54.261158+00:00
JSN0214,Day,management,1,2026-06-05T07:40:54.261158+00:00
KEO0131,Day,management,1,2026-06-05T07:40:54.261158+00:00
KSF0134,Day,management,0,2026-06-05T07:40:54.261158+00:00
LKS1010,Day,management,3,2026-06-05T07:40:54.261158+00:00
LMH3831,Day,management,1,2026-06-05T07:40:54.261158+00:00
LOP1708,Day,management,2,2026-06-05T07:40:54.261158+00:00
LRS2996,Day,management,1,2026-06-05T07:40:54.261158+00:00
LSL0001,Day,management,1,2026-06-05T07:40:54.261158+00:00
MCM2375,Day,management,2,2026-06-05T07:40:54.261158+00:00
MDS0285,Day,management,3,2026-06-05T07:40:54.261158+00:00
MFL0355,Day,management,0,2026-06-05T07:40:54.261158+00:00
MNC3485,Day,management,0,2026-06-05T07:40:54.261158+00:00
MRS0368,Day,management,2,2026-06-05T07:40:54.261158+00:00
NIM0052,Day,management,2,2026-06-05T07:40:54.261158+00:00
OAS0991,Day,management,0,2026-06-05T07:40:54.261158+00:00
OEN0432,Day,management,1,2026-06-05T07:40:54.261158+00:00
OGD0015,Day,management,1,2026-06-05T07:40:54.261158+00:00
PMG0284,Day,management,2,2026-06-05T07:40:54.261158+00:00
PNL0018,Day,management,1,2026-06-05T07:40:54.261158+00:00
PRH1717,Day,management,3,2026-06-05T07:40:54.261158+00:00
RAS0356,Day,management,3,2026-06-05T07:40:54.261158+00:00
RCF0054,Day,management,0,2026-06-05T07:40:54.261158+00:00
REC0283,Day,management,1,2026-06-05T07:40:54.261158+00:00
RWN1705,Day,management,1,2026-06-05T07:40:54.261158+00:00
SDW0370,Day,management,1,2026-06-05T07:40:54.261158+00:00
SFL0092,Day,management,2,2026-06-05T07:40:54.261158+00:00
SLC0017,Day,management,3,2026-06-05T07:40:54.261158+00:00
SRS0129,Day,management,1,2026-06-05T07:40:54.261158+00:00
SZB0321,Day,management,2,2026-06-05T07:40:54.261158+00:00
TCG0016,Day,management,0,2026-06-05T07:40:54.261158+00:00
TCM2403,Day,management,1,2026-06-05T07:40:54.261158+00:00
TDH0989,Day,management,0,2026-06-05T07:40:54.261158+00:00
THB0987,Day,management,1,2026-06-05T07:40:54.261158+00:00
THM1021,Day,management,2,2026-06-05T07:40:54.261158+00:00
TLK0003,Day,management,1,2026-06-05T07:40:54.261158+00:00
TNR0319,Day,management,0,2026-06-05T07:40:54.261158+00:00
UCG0322,Day,management,3,2026-06-05T07:40:54.261158+00:00
UCW2995,Day,management,1,2026-06-05T07:40:54.261158+00:00
UMB0055,Day,management,1,2026-06-05T07:40:54.261158+00:00
VSF0004,Day,management,2,2026-06-05T07:40:54.261158+00:00
WAM0069,Day,management,3,2026-06-05T07:40:54.261158+00:00
WKG0150,Day,management,1,2026-06-05T07:40:54.261158+00:00
WLG0406,Day,management,1,2026-06-05T07:40:54.261158+00:00
XHR2377,Day,management,1,2026-06-05T07:40:54.261158+00:00
YBJ0071,Day,management,0,2026-06-05T07:40:54.261158+00:00
YKW3832,Day,management,0,2026-06-05T07:40:54.261158+00:00
ZBW0132,Day,management,2,2026-06-05T07:40:54.261158+00:00
ZJA2373,Day,management,0,2026-06-05T07:40:54.261158+00:00
BDP0031,Day,healthcare,0,2026-06-05T07:40:54.261158+00:00
BGW1739,Day,healthcare,2,2026-06-05T07:40:54.261158+00:00
CCG1025,Day,healthcare,0,2026-06-05T07:40:54.261158+00:00
CLR2407,Day,healthcare,0,2026-06-05T07:40:54.261158+00:00
DBB3846,Day,healthcare,1,2026-06-05T07:40:54.261158+00:00
DCW2405,Day,healthcare,0,2026-06-05T07:40:54.261158+00:00
FGK1026,Day,healthcare,3,2026-06-05T07:40:54.261158+00:00
JCL0446,Day,healthcare,1,2026-06-05T07:40:54.261158+00:00
JDH1027,Day,healthcare,3,2026-06-05T07:40:54.261158+00:00
JLM3847,Day,healthcare,1,2026-06-05T07:40:54.261158+00:00
JSH3019,Day,healthcare,1,2026-06-05T07:40:54.261158+00:00
KRH1028,Day,healthcare,1,2026-06-05T07:40:54.261158+00:00
MSP3845,Day,healthcare,1,2026-06-05T07:40:54.261158+00:00
RLK3490,Day,healthcare,0,2026-06-05T07:40:54.261158+00:00
SSO2406,Day,healthcare,3,2026-06-05T07:40:54.261158+00:00
AAB0162,Evening,engineering,3,2026-06-05T07:40:54.261158+00:00
AAC0668,Evening,engineering,0,2026-06-05T07:40:54.261158+00:00
AAF0819,Evening,engineering,1,2026-06-05T07:40:54.261158+00:00
AAG1447,Evening,engineering,0,2026-06-05T07:40:54.261158+00:00
ABH1181,Evening,engineering,0,2026-06-05T07:40:54.261158+00:00
ABK3081,Evening,engineering,3,2026-06-05T07:40:54.261158+00:00
ABO1173,Evening,engineering,3,2026-06-05T07:40:54.261158+00:00
ABP2003,Evening,engineering,0,2026-06-05T07:40:54.261158+00:00
ABS0677,Evening,engineering,1,2026-06-05T07:40:54.261158+00:00
ABW0501,Evening,engineering,3,2026-06-05T07:40:54.261158+00:00
ACH1405,Evening,engineering,0,2026-06-05T07:40:54.261158+00:00
ACH2102,Evening,engineering,3,2026-06-05T07:40:54.261158+00:00
ACP2122,Evening,engineering,0,2026-06-05T07:40:54.261158+00:00
ACR0331,Evening,engineering,0,2026-06-05T07:40:54.261158+00:00
ACR0748,Evening,engineering,0,2026-06-05T07:40:54.261158+00:00
ADB1105,Evening,engineering,2,2026-06-05T07:40:54.261158+00:00
ADC1469,Evening,engineering,0,2026-06-05T07:40:54.261158+00:00
ADG1430,Evening,engineering,3,2026-06-05T07:40:54.261158+00:00
ADM1894,Evening,engineering,0,2026-06-05T07:40:54.261158+00:00
AEB1458,Evening,engineering,3,2026-06-05T07:40:54.261158+00:00
AEB3249,Evening,engineering,1,2026-06-05T07:40:54.261158+00:00
AED1421,Evening,engineering,1,2026-06-05T07:40:54.261158+00:00
AEF2019,Evening,engineering,1,2026-06-05T07:40:54.261158+00:00
AEH0187,Evening,engineering,1,2026-06-05T07:40:54.261158+00:00
AEH2020,Evening,engineering,3,2026-06-05T07:40:54.261158+00:00
AEM0554,Evening,engineering,3,2026-06-05T07:40:54.261158+00:00
AEW1442,Evening,engineering,1,2026-06-05T07:40:54.261158+00:00
AFB3228,Evening,engineering,3,2026-06-05T07:40:54.261158+00:00
AGE1244,Evening,engineering,0,2026-06-05T07:40:54.261158+00:00
AGL1301,Evening,engineering,0,2026-06-05T07:40:54.261158+00:00
AHC1994,Evening,engineering,3,2026-06-05T07:40:54.261158+00:00
AHG1408,Evening,engineering,3,2026-06-05T07:40:54.261158+00:00
AHH1966,Evening,engineering,3,2026-06-05T07:40:54.261158+00:00
AHK1988,Evening,engineering,1,2026-06-05T07:40:54.261158+00:00
AIA2005,Evening,engineering,1,2026-06-05T07:40:54.261158+00:00
AIB0553,Evening,engineering,0,2026-06-05T07:40:54.261158+00:00
AIT1264,Evening,engineering,0,2026-06-05T07:40:54.261158+00:00
AJG0240,Evening,engineering,2,2026-06-05T07:40:54.261158+00:00
AJH2110,Evening,engineering,3,2026-06-05T07:40:54.261158+00:00
AJM2385,Evening,engineering,1,2026-06-05T07:40:54.261158+00:00
AJN1275,Evening,engineering,1,2026-06-05T07:40:54.261158+00:00
AJW1246,Evening,engineering,3,2026-06-05T07:40:54.261158+00:00
AKI3229,Evening,engineering,3,2026-06-05T07:40:54.261158+00:00
AKK2125,Evening,engineering,0,2026-06-05T07:40:54.261158+00:00
AKL1305,Evening,engineering,1,2026-06-05T07:40:54.261158+00:00
ALB2395,Evening,engineering,3,2026-06-05T07:40:54.261158+00:00
ALL0289,Evening,engineering,1,2026-06-05T07:40:54.261158+00:00
ALS2596,Evening,engineering,0,2026-06-05T07:40:54.261158+00:00
AMB3100,Evening,engineering,3,2026-06-05T07:40:54.261158+00:00
AMD2728,Evening,engineering,0,2026-06-05T07:40:54.261158+00:00
AMH1481,Evening,engineering,0,2026-06-05T07:40:54.261158+00:00
AMJ3174,Evening,engineering,1,2026-06-05T07:40:54.261158+00:00
AMO0582,Evening,engineering,0,2026-06-05T07:40:54.261158+00:00
AMS0630,Evening,engineering,3,2026-06-05T07:40:54.261158+00:00
ANC1319,Evening,engineering,1,2026-06-05T07:40:54.261158+00:00
ANC1834,Evening,engineering,3,2026-06-05T07:40:54.261158+00:00
ANC1950,Evening,engineering,3,2026-06-05T07:40:54.261158+00:00
ANH2482,Evening,engineering,0,2026-06-05T07:40:54.261158+00:00
ANM0564,Evening,engineering,1,2026-06-05T07:40:54.261158+00:00
ANO2653,Evening,engineering,1,2026-06-05T07:40:54.261158+00:00
AOM1457,Evening,engineering,1,2026-06-05T07:40:54.261158+00:00
APP1996,Evening,engineering,1,2026-06-05T07:40:54.261158+00:00
APP2488,Evening,engineering,0,2026-06-05T07:40:54.261158+00:00
APS1968,Evening,engineering,1,2026-06-05T07:40:54.261158+00:00
ARF0575,Evening,engineering,0,2026-06-05T07:40:54.261158+00:00
ARH2097,Evening,engineering,1,2026-06-05T07:40:54.261158+00:00
ASH1710,Evening,engineering,1,2026-06-05T07:40:54.261158+00:00
ASS0120,Evening,engineering,0,2026-06-05T07:40:54.261158+00:00
ASS0280,Evening,engineering,1,2026-06-05T07:40:54.261158+00:00
ATB1273,Evening,engineering,0,2026-06-05T07:40:54.261158+00:00
ATM1003,Evening,engineering,1,2026-06-05T07:40:54.261158+00:00
ATR3231,Evening,engineering,0,2026-06-05T07:40:54.261158+00:00
AUA0826,Evening,engineering,3,2026-06-05T07:40:54.261158+00:00
AVH0566,Evening,engineering,3,2026-06-05T07:40:54.261158+00:00
AWV0836,Evening,engineering,1,2026-06-05T07:40:54.261158+00:00
AXW3243,Evening,engineering,3,2026-06-05T07:40:54.261158+00:00
AYS0110,Evening,engineering,0,2026-06-05T07:40:54.261158+00:00
AZA1012,Evening,engineering,0,2026-06-05T07:40:54.261158+00:00
AZK0622,Evening,engineering,3,2026-06-05T07:40:54.261158+00:00
BAB0541,Evening,engineering,0,2026-06-05T07:40:54.261158+00:00
BBF2388,Evening,engineering,0,2026-06-05T07:40:54.261158+00:00
BBM2604,Evening,engineering,0,2026-06-05T07:40:54.261158+00:00
BBT1948,Evening,engineering,1,2026-06-05T07:40:54.261158+00:00
BCL2082,Evening,engineering,1,2026-06-05T07:40:54.261158+00:00
BDV2474,Evening,engineering,0,2026-06-05T07:40:54.261158+00:00
BEW1426,Evening,engineering,0,2026-06-05T07:40:54.261158+00:00
BFR3250,Evening,engineering,1,2026-06-05T07:40:54.261158+00:00
BGH2610,Evening,engineering,1,2026-06-05T07:40:54.261158+00:00
BGR1991,Evening,engineering,0,2026-06-05T07:40:54.261158+00:00
BGS0751,Evening,engineering,0,2026-06-05T07:40:54.261158+00:00
BHB2598,Evening,engineering,0,2026-06-05T07:40:54.261158+00:00
BHD2088,Evening,engineering,1,2026-06-05T07:40:54.261158+00:00
BHG0258,Evening,engineering,3,2026-06-05T07:40:54.261158+00:00
BHG3238,Evening,engineering,3,2026-06-05T07:40:54.261158+00:00
BHW2476,Evening,engineering,3,2026-06-05T07:40:54.261158+00:00
BJE0351,Evening,engineering,0,2026-06-05T07:40:54.261158+00:00
BJG0662,Evening,engineering,0,2026-06-05T07:40:54.261158+00:00
BJM2491,Evening,engineering,3,2026-06-05T07:40:54.261158+00:00
BJM3236,Evening,engineering,3,2026-06-05T07:40:54.261158+00:00
BJP0186,Evening,engineering,0,2026-06-05T07:40:54.261158+00:00
BKM1155,Evening,engineering,0,2026-06-05T07:40:54.261158+00:00
BKM2643,Evening,engineering,3,2026-06-05T07:40:54.261158+00:00
BKR3146,Evening,engineering,0,2026-06-05T07:40:54.261158+00:00
BLS1973,Evening,engineering,1,2026-06-05T07:40:54.261158+00:00
BMA1411,Evening,engineering,1,2026-06-05T07:40:54.261158+00:00
BMN3207,Evening,engineering,2,2026-06-05T07:40:54.261158+00:00
BMV1886,Evening,engineering,0,2026-06-05T07:40:54.261158+00:00
BNC3178,Evening,engineering,0,2026-06-05T07:40:54.261158+00:00
BNT0663,Evening,engineering,1,2026-06-05T07:40:54.261158+00:00
BOR2387,Evening,engineering,1,2026-06-05T07:40:54.261158+00:00
BPL3202,Evening,engineering,2,2026-06-05T07:40:54.261158+00:00
BQK2024,Evening,engineering,1,2026-06-05T07:40:54.261158+00:00
BQV1308,Evening,engineering,3,2026-06-05T07:40:54.261158+00:00
BSB3083,Evening,engineering,0,2026-06-05T07:40:54.261158+00:00
BTR2026,Evening,engineering,0,2026-06-05T07:40:54.261158+00:00
BUS1727,Evening,engineering,1,2026-06-05T07:40:54.261158+00:00
BWA2593,Evening,engineering,3,2026-06-05T07:40:54.261158+00:00
BWC2534,Evening,engineering,3,2026-06-05T07:40:54.261158+00:00
BWG3220,Evening,engineering,0,2026-06-05T07:40:54.261158+00:00
BWK0172,Evening,engineering,1,2026-06-05T07:40:54.261158+00:00
BWW1159,Evening,engineering,1,2026-06-05T07:40:54.261158+00:00
BXK2091,Evening,engineering,1,2026-06-05T07:40:54.261158+00:00
BXN0660,Evening,engineering,0,2026-06-05T07:40:54.261158+00:00
BZH1158,Evening,engineering,0,2026-06-05T07:40:54.261158+00:00
CAG0502,Evening,engineering,0,2026-06-05T07:40:54.261158+00:00
CAH1839,Evening,engineering,3,2026-06-05T07:40:54.261158+00:00
CAM0679,Evening,engineering,0,2026-06-05T07:40:54.261158+00:00
CAM1323,Evening,engineering,3,2026-06-05T07:40:54.261158+00:00
CAO3117,Evening,engineering,0,2026-06-05T07:40:54.261158+00:00
CAP1971,Evening,engineering,0,2026-06-05T07:40:54.261158+00:00
CAR2748,Evening,engineering,0,2026-06-05T07:40:54.261158+00:00
CBC3175,Evening,engineering,0,2026-06-05T07:40:54.261158+00:00
CBD0802,Evening,engineering,1,2026-06-05T07:40:54.261158+00:00
CBJ0683,Evening,engineering,0,2026-06-05T07:40:54.261158+00:00
CBJ2083,Evening,engineering,0,2026-06-05T07:40:54.261158+00:00
CBR0121,Evening,engineering,3,2026-06-05T07:40:54.261158+00:00
CCB0547,Evening,engineering,0,2026-06-05T07:40:54.261158+00:00
CCB3173,Evening,engineering,1,2026-06-05T07:40:54.261158+00:00
CCD3168,Evening,engineering,0,2026-06-05T07:40:54.261158+00:00
CCE0745,Evening,engineering,0,2026-06-05T07:40:54.261158+00:00
CCM3075,Evening,engineering,1,2026-06-05T07:40:54.261158+00:00
CCN2726,Evening,engineering,3,2026-06-05T07:40:54.261158+00:00
CCW2381,Evening,engineering,2,2026-06-05T07:40:54.261158+00:00
CDB2017,Evening,engineering,3,2026-06-05T07:40:54.261158+00:00
CDB3222,Evening,engineering,3,2026-06-05T07:40:54.261158+00:00
CDE1846,Evening,engineering,3,2026-06-05T07:40:54.261158+00:00
CDM0538,Evening,engineering,0,2026-06-05T07:40:54.261158+00:00
CDM2075,Evening,engineering,0,2026-06-05T07:40:54.261158+00:00
CDW2000,Evening,engineering,0,2026-06-05T07:40:54.261158+00:00
CEM1852,Evening,engineering,0,2026-06-05T07:40:54.261158+00:00
CFR1166,Evening,engineering,3,2026-06-05T07:40:54.261158+00:00
CGT3148,Evening,engineering,0,2026-06-05T07:40:54.261158+00:00
CGW3093,Evening,engineering,0,2026-06-05T07:40:54.261158+00:00
CHB0996,Evening,engineering,1,2026-06-05T07:40:54.261158+00:00
CHF1005,Evening,engineering,3,2026-06-05T07:40:54.261158+00:00
CHL2644,Evening,engineering,0,2026-06-05T07:40:54.261158+00:00
CHM2081,Evening,engineering,0,2026-06-05T07:40:54.261158+00:00
CHV0509,Evening,engineering,0,2026-06-05T07:40:54.261158+00:00
CIG1277,Evening,engineering,0,2026-06-05T07:40:54.261158+00:00
CJC1433,Evening,engineering,3,2026-06-05T07:40:54.261158+00:00
CJG3002,Evening,engineering,0,2026-06-05T07:40:54.261158+00:00
CJH3136,Evening,engineering,0,2026-06-05T07:40:54.261158+00:00
CJM0584,Evening,engineering,0,2026-06-05T07:40:54.261158+00:00
CJS1986,Evening,engineering,3,2026-06-05T07:40:54.261158+00:00
CJW2087,Evening,engineering,0,2026-06-05T07:40:54.261158+00:00
CKC3072,Evening,engineering,3,2026-06-05T07:40:54.261158+00:00
CKG1972,Evening,engineering,0,2026-06-05T07:40:54.261158+00:00
CKH0799,Evening,engineering,0,2026-06-05T07:40:54.261158+00:00
CKM0508,Evening,engineering,3,2026-06-05T07:40:54.261158+00:00
CKP0265,Evening,engineering,0,2026-06-05T07:40:54.261158+00:00
CKP0659,Evening,engineering,3,2026-06-05T07:40:54.261158+00:00
CKR2586,Evening,engineering,0,2026-06-05T07:40:54.261158+00:00
CLA1285,Evening,engineering,0,2026-06-05T07:40:54.261158+00:00
CLC1272,Evening,engineering,0,2026-06-05T07:40:54.261158+00:00
CLE3098,Evening,engineering,0,2026-06-05T07:40:54.261158+00:00
CLR1239,Evening,engineering,1,2026-06-05T07:40:54.261158+00:00
CMA1475,Evening,engineering,3,2026-06-05T07:40:54.261158+00:00
CMA2616,Evening,engineering,1,2026-06-05T07:40:54.261158+00:00
CMH3077,Evening,engineering,0,2026-06-05T07:40:54.261158+00:00
CMO2396,Evening,engineering,2,2026-06-05T07:40:54.261158+00:00
CMS1900,Evening,engineering,0,2026-06-05T07:40:54.261158+00:00
CNB1131,Evening,engineering,2,2026-06-05T07:40:54.261158+00:00
CNC1177,Evening,engineering,0,2026-06-05T07:40:54.261158+00:00
CNK1711,Evening,engineering,1,2026-06-05T07:40:54.261158+00:00
CNP1183,Evening,engineering,3,2026-06-05T07:40:54.261158+00:00
CNS2548,Evening,engineering,3,2026-06-05T07:40:54.261158+00:00
CPP0623,Evening,engineering,3,2026-06-05T07:40:54.261158+00:00
CQC0997,Evening,engineering,0,2026-06-05T07:40:54.261158+00:00
CRC2747,Evening,engineering,0,2026-06-05T07:40:54.261158+00:00
CRP2489,Evening,engineering,3,2026-06-05T07:40:54.261158+00:00
CSC3074,Evening,engineering,0,2026-06-05T07:40:54.261158+00:00
CSE1265,Evening,engineering,0,2026-06-05T07:40:54.261158+00:00
CSR3140,Evening,engineering,0,2026-06-05T07:40:54.261158+00:00
CSR3225,Evening,engineering,1,2026-06-05T07:40:54.261158+00:00
CSS1313,Evening,engineering,0,2026-06-05T07:40:54.261158+00:00
CTD1850,Evening,engineering,1,2026-06-05T07:40:54.261158+00:00
CTJ0669,Evening,engineering,3,2026-06-05T07:40:54.261158+00:00
CTM1961,Evening,engineering,0,2026-06-05T07:40:54.261158+00:00
CUQ3097,Evening,engineering,1,2026-06-05T07:40:54.261158+00:00
CWB1463,Evening,engineering,1,2026-06-05T07:40:54.261158+00:00
CWF1289,Evening,engineering,0,2026-06-05T07:40:54.261158+00:00
CWL0561,Evening,engineering,0,2026-06-05T07:40:54.261158+00:00
CWP1829,Evening,engineering,0,2026-06-05T07:40:54.261158+00:00
DAD2620,Evening,engineering,0,2026-06-05T07:40:54.261158+00:00
DAE1437,Evening,engineering,1,2026-06-05T07:40:54.261158+00:00
DAF3096,Evening,engineering,0,2026-06-05T07:40:54.261158+00:00
DAM0096,Evening,engineering,3,2026-06-05T07:40:54.261158+00:00
DAS1955,Evening,engineering,3,2026-06-05T07:40:54.261158+00:00
DAT1981,Evening,engineering,1,2026-06-05T07:40:54.261158+00:00
DBL2605,Evening,engineering,0,2026-06-05T07:40:54.261158+00:00
DBV2736,Evening,engineering,0,2026-06-05T07:40:54.261158+00:00
DCC1431,Evening,engineering,3,2026-06-05T07:40:54.261158+00:00
DCC2999,Evening,engineering,0,2026-06-05T07:40:54.261158+00:00
DCM3596,Evening,engineering,2,2026-06-05T07:40:54.261158+00:00
DDL3007,Evening,engineering,1,2026-06-05T07:40:54.261158+00:00
DDS3149,Evening,engineering,0,2026-06-05T07:40:54.261158+00:00
DEP0163,Evening,engineering,1,2026-06-05T07:40:54.261158+00:00
DHC1989,Evening,engineering,0,2026-06-05T07:40:54.261158+00:00
DHG1830,Evening,engineering,1,2026-06-05T07:40:54.261158+00:00
DJB1236,Evening,engineering,3,2026-06-05T07:40:54.261158+00:00
DJP3230,Evening,engineering,3,2026-06-05T07:40:54.261158+00:00
DJR2389,Evening,engineering,0,2026-06-05T07:40:54.261158+00:00
DJS1127,Evening,engineering,2,2026-06-05T07:40:54.261158+00:00
DJS1271,Evening,engineering,0,2026-06-05T07:40:54.261158+00:00
DKB0260,Evening,engineering,1,2026-06-05T07:40:54.261158+00:00
DKE0797,Evening,engineering,0,2026-06-05T07:40:54.261158+00:00
DKP0671,Evening,engineering,0,2026-06-05T07:40:54.261158+00:00
DLP1445,Evening,engineering,0,2026-06-05T07:40:54.261158+00:00
DLR1423,Evening,engineering,0,2026-06-05T07:40:54.261158+00:00
DLW2729,Evening,engineering,1,2026-06-05T07:40:54.261158+00:00
DMB1429,Evening,engineering,0,2026-06-05T07:40:54.261158+00:00
DMC1438,Evening,engineering,1,2026-06-05T07:40:54.261158+00:00
DMG1298,Evening,engineering,0,2026-06-05T07:40:54.261158+00:00
DMS1977,Evening,engineering,1,2026-06-05T07:40:54.261158+00:00
DMW2128,Evening,engineering,0,2026-06-05T07:40:54.261158+00:00
DNB1999,Evening,engineering,1,2026-06-05T07:40:54.261158+00:00
DNM0275,Evening,engineering,1,2026-06-05T07:40:54.261158+00:00
DNV1964,Evening,engineering,3,2026-06-05T07:40:54.261158+00:00
DOM0586,Evening,engineering,0,2026-06-05T07:40:54.261158+00:00
DOS1990,Evening,engineering,1,2026-06-05T07:40:54.261158+00:00
DOW1266,Evening,engineering,0,2026-06-05T07:40:54.261158+00:00
DQS0752,Evening,engineering,0,2026-06-05T07:40:54.261158+00:00
DRD0097,Evening,engineering,0,2026-06-05T07:40:54.261158+00:00
DRH3557,Evening,engineering,2,2026-06-05T07:40:54.261158+00:00
DRJ0794,Evening,engineering,0,2026-06-05T07:40:54.261158+00:00
DRN0782,Evening,engineering,0,2026-06-05T07:40:54.261158+00:00
DSB2734,Evening,engineering,1,2026-06-05T07:40:54.261158+00:00
DSD1293,Evening,engineering,0,2026-06-05T07:40:54.261158+00:00
DSM1286,Evening,engineering,3,2026-06-05T07:40:54.261158+00:00
DTG1294,Evening,engineering,3,2026-06-05T07:40:54.261158+00:00
DTH1333,Evening,engineering,2,2026-06-05T07:40:54.261158+00:00
DTW1276,Evening,engineering,0,2026-06-05T07:40:54.261158+00:00
DWB0238,Evening,engineering,0,2026-06-05T07:40:54.261158+00:00
DWB3085,Evening,engineering,3,2026-06-05T07:40:54.261158+00:00
DWD2621,Evening,engineering,3,2026-06-05T07:40:54.261158+00:00
DWK2099,Evening,engineering,0,2026-06-05T07:40:54.261158+00:00
DYH0315,Evening,engineering,3,2026-06-05T07:40:54.261158+00:00
EAH3107,Evening,engineering,0,2026-06-05T07:40:54.261158+00:00
EAM1432,Evening,engineering,1,2026-06-05T07:40:54.261158+00:00
EBC3242,Evening,engineering,1,2026-06-05T07:40:54.261158+00:00
EDJ1970,Evening,engineering,0,2026-06-05T07:40:54.261158+00:00
EDV1427,Evening,engineering,1,2026-06-05T07:40:54.261158+00:00
EGP2104,Evening,engineering,0,2026-06-05T07:40:54.261158+00:00
EIY2749,Evening,engineering,1,2026-06-05T07:40:54.261158+00:00
EKH2084,Evening,engineering,0,2026-06-05T07:40:54.261158+00:00
ELC1833,Evening,engineering,3,2026-06-05T07:40:54.261158+00:00
ELW1413,Evening,engineering,3,2026-06-05T07:40:54.261158+00:00
EMH1957,Evening,engineering,1,2026-06-05T07:40:54.261158+00:00
ENR1304,Evening,engineering,1,2026-06-05T07:40:54.261158+00:00
ERC1840,Evening,engineering,0,2026-06-05T07:40:54.261158+00:00
ERH0815,Evening,engineering,1,2026-06-05T07:40:54.261158+00:00
ESH1283,Evening,engineering,0,2026-06-05T07:40:54.261158+00:00
ESH2077,Evening,engineering,0,2026-06-05T07:40:54.261158+00:00
ETA0791,Evening,engineering,1,2026-06-05T07:40:54.261158+00:00
ETM2542,Evening,engineering,0,2026-06-05T07:40:54.261158+00:00
EUV1842,Evening,engineering,3,2026-06-05T07:40:54.261158+00:00
EVF1722,Evening,engineering,3,2026-06-05T07:40:54.261158+00:00
FAD3114,Evening,engineering,0,2026-06-05T07:40:54.261158+00:00
FAH1851,Evening,engineering,3,2026-06-05T07:40:54.261158+00:00
FAJ3101,Evening,engineering,0,2026-06-05T07:40:54.261158+00:00
FAW1969,Evening,engineering,1,2026-06-05T07:40:54.261158+00:00
FCB0563,Evening,engineering,3,2026-06-05T07:40:54.261158+00:00
FCY1157,Evening,engineering,3,2026-06-05T07:40:54.261158+00:00
FDF2135,Evening,engineering,2,2026-06-05T07:40:54.261158+00:00
FDS0810,Evening,engineering,0,2026-06-05T07:40:54.261158+00:00
FFP3169,Evening,engineering,0,2026-06-05T07:40:54.261158+00:00
FGH1958,Evening,engineering,0,2026-06-05T07:40:54.261158+00:00
FJA1848,Evening,engineering,1,2026-06-05T07:40:54.261158+00:00
FJO1828,Evening,engineering,3,2026-06-05T07:40:54.261158+00:00
FKH0804,Evening,engineering,0,2026-06-05T07:40:54.261158+00:00
FKS0094,Evening,engineering,1,2026-06-05T07:40:54.261158+00:00
FNM1482,Evening,engineering,0,2026-06-05T07:40:54.261158+00:00
FNM2124,Evening,engineering,0,2026-06-05T07:40:54.261158+00:00
FPM2074,Evening,engineering,0,2026-06-05T07:40:54.261158+00:00
FXD3105,Evening,engineering,0,2026-06-05T07:40:54.261158+00:00
FZW2101,Evening,engineering,3,2026-06-05T07:40:54.261158+00:00
GAB1885,Evening,engineering,0,2026-06-05T07:40:54.261158+00:00
GAF2480,Evening,engineering,1,2026-06-05T07:40:54.261158+00:00
GAW0808,Evening,engineering,0,2026-06-05T07:40:54.261158+00:00
GCJ0831,Evening,engineering,0,2026-06-05T07:40:54.261158+00:00
GCM0813,Evening,engineering,1,2026-06-05T07:40:54.261158+00:00
GCR2597,Evening,engineering,0,2026-06-05T07:40:54.261158+00:00
GDH2500,Evening,engineering,1,2026-06-05T07:40:54.261158+00:00
GDS3165,Evening,engineering,0,2026-06-05T07:40:54.261158+00:00
GDY2724,Evening,engineering,3,2026-06-05T07:40:54.261158+00:00
GEB3079,Evening,engineering,1,2026-06-05T07:40:54.261158+00:00
GEG2093,Evening,engineering,1,2026-06-05T07:40:54.261158+00:00
GER1997,Evening,engineering,3,2026-06-05T07:40:54.261158+00:00
GES2626,Evening,engineering,0,2026-06-05T07:40:54.261158+00:00
GFV3163,Evening,engineering,3,2026-06-05T07:40:54.261158+00:00
GGH1726,Evening,engineering,0,2026-06-05T07:40:54.261158+00:00
GHD1450,Evening,engineering,3,2026-06-05T07:40:54.261158+00:00
GHT3177,Evening,engineering,0,2026-06-05T07:40:54.261158+00:00
GIM0786,Evening,engineering,3,2026-06-05T07:40:54.261158+00:00
GJB2659,Evening,engineering,1,2026-06-05T07:40:54.261158+00:00
GJG0170,Evening,engineering,1,2026-06-05T07:40:54.261158+00:00
GJT1292,Evening,engineering,1,2026-06-05T07:40:54.261158+00:00
GLM3106,Evening,engineering,0,2026-06-05T07:40:54.261158+00:00
GLN2107,Evening,engineering,3,2026-06-05T07:40:54.261158+00:00
GMI1134,Evening,engineering,2,2026-06-05T07:40:54.261158+00:00
GMK1449,Evening,engineering,0,2026-06-05T07:40:54.261158+00:00
GNA0183,Evening,engineering,3,2026-06-05T07:40:54.261158+00:00
GRA0329,Evening,engineering,3,2026-06-05T07:40:54.261158+00:00
GRL3110,Evening,engineering,0,2026-06-05T07:40:54.261158+00:00
GSB0666,Evening,engineering,0,2026-06-05T07:40:54.261158+00:00
GSC0192,Evening,engineering,3,2026-06-05T07:40:54.261158+00:00
GTC0747,Evening,engineering,0,2026-06-05T07:40:54.261158+00:00
HAC1300,Evening,engineering,1,2026-06-05T07:40:54.261158+00:00
HAF1891,Evening,engineering,0,2026-06-05T07:40:54.261158+00:00
HAP3000,Evening,engineering,0,2026-06-05T07:40:54.261158+00:00
HBM0676,Evening,engineering,0,2026-06-05T07:40:54.261158+00:00
HBM2126,Evening,engineering,0,2026-06-05T07:40:54.261158+00:00
HCB1383,Evening,engineering,2,2026-06-05T07:40:54.261158+00:00
HCO3108,Evening,engineering,0,2026-06-05T07:40:54.261158+00:00
HCR1322,Evening,engineering,0,2026-06-05T07:40:54.261158+00:00
HDC0789,Evening,engineering,1,2026-06-05T07:40:54.261158+00:00
HDC2132,Evening,engineering,0,2026-06-05T07:40:54.261158+00:00
HDN1139,Evening,engineering,2,2026-06-05T07:40:54.261158+00:00
HDN2609,Evening,engineering,3,2026-06-05T07:40:54.261158+00:00
HES2103,Evening,engineering,1,2026-06-05T07:40:54.261158+00:00
HGJ2592,Evening,engineering,1,2026-06-05T07:40:54.261158+00:00
HID1899,Evening,engineering,0,2026-06-05T07:40:54.261158+00:00
HJH2588,Evening,engineering,0,2026-06-05T07:40:54.261158+00:00
HJR1160,Evening,engineering,3,2026-06-05T07:40:54.261158+00:00
HJR2127,Evening,engineering,0,2026-06-05T07:40:54.261158+00:00
HKD1826,Evening,engineering,3,2026-06-05T07:40:54.261158+00:00
HKM3016,Evening,engineering,3,2026-06-05T07:40:54.261158+00:00
HKW2615,Evening,engineering,1,2026-06-05T07:40:54.261158+00:00
HLC1172,Evening,engineering,1,2026-06-05T07:40:54.261158+00:00
HLD1270,Evening,engineering,0,2026-06-05T07:40:54.261158+00:00
HLS2098,Evening,engineering,3,2026-06-05T07:40:54.261158+00:00
HLS2733,Evening,engineering,0,2026-06-05T07:40:54.261158+00:00
HMB0805,Evening,engineering,0,2026-06-05T07:40:54.261158+00:00
HMM2628,Evening,engineering,0,2026-06-05T07:40:54.261158+00:00
HMT1024,Evening,engineering,1,2026-06-05T07:40:54.261158+00:00
HSF1454,Evening,engineering,1,2026-06-05T07:40:54.261158+00:00
HUM2481,Evening,engineering,0,2026-06-05T07:40:54.261158+00:00
IAG2742,Evening,engineering,3,2026-06-05T07:40:54.261158+00:00
IAM3078,Evening,engineering,0,2026-06-05T07:40:54.261158+00:00
IAR1895,Evening,engineering,0,2026-06-05T07:40:54.261158+00:00
ICB3167,Evening,engineering,0,2026-06-05T07:40:54.261158+00:00
ICH1478,Evening,engineering,0,2026-06-05T07:40:54.261158+00:00
ICH2378,Evening,engineering,3,2026-06-05T07:40:54.261158+00:00
ICL0565,Evening,engineering,3,2026-06-05T07:40:54.261158+00:00
IDF0189,Evening,engineering,1,2026-06-05T07:40:54.261158+00:00
IFS0793,Evening,engineering,3,2026-06-05T07:40:54.261158+00:00
IHB0288,Evening,engineering,1,2026-06-05T07:40:54.261158+00:00
IHD1978,Evening,engineering,1,2026-06-05T07:40:54.261158+00:00
IHH2590,Evening,engineering,3,2026-06-05T07:40:54.261158+00:00
IHS0816,Evening,engineering,3,2026-06-05T07:40:54.261158+00:00
IHW2112,Evening,engineering,3,2026-06-05T07:40:54.261158+00:00
IIF2584,Evening,engineering,0,2026-06-05T07:40:54.261158+00:00
IKG3154,Evening,engineering,0,2026-06-05T07:40:54.261158+00:00
ILH0248,Evening,engineering,0,2026-06-05T07:40:54.261158+00:00
ILY3152,Evening,engineering,1,2026-06-05T07:40:54.261158+00:00
IMH0562,Evening,engineering,1,2026-06-05T07:40:54.261158+00:00
IMM2118,Evening,engineering,0,2026-06-05T07:40:54.261158+00:00
INB3109,Evening,engineering,0,2026-06-05T07:40:54.261158+00:00
IOM0542,Evening,engineering,3,2026-06-05T07:40:54.261158+00:00
IRW2130,Evening,engineering,0,2026-06-05T07:40:54.261158+00:00
ISG2025,Evening,engineering,3,2026-06-05T07:40:54.261158+00:00
ISM2612,Evening,engineering,0,2026-06-05T07:40:54.261158+00:00
ISR1477,Evening,engineering,0,2026-06-05T07:40:54.261158+00:00
JAS0353,Evening,engineering,0,2026-06-05T07:40:54.261158+00:00
JAW0551,Evening,engineering,3,2026-06-05T07:40:54.261158+00:00
JBS1291,Evening,engineering,3,2026-06-05T07:40:54.261158+00:00
JBW0109,Evening,engineering,3,2026-06-05T07:40:54.261158+00:00
JCB2089,Evening,engineering,3,2026-06-05T07:40:54.261158+00:00
JCF0800,Evening,engineering,0,2026-06-05T07:40:54.261158+00:00
JCG1982,Evening,engineering,0,2026-06-05T07:40:54.261158+00:00
JCH1410,Evening,engineering,3,2026-06-05T07:40:54.261158+00:00
JCH1952,Evening,engineering,0,2026-06-05T07:40:54.261158+00:00
JCH2505,Evening,engineering,2,2026-06-05T07:40:54.261158+00:00
JCP1462,Evening,engineering,3,2026-06-05T07:40:54.261158+00:00
JCR1148,Evening,engineering,2,2026-06-05T07:40:54.261158+00:00
JDV1245,Evening,engineering,0,2026-06-05T07:40:54.261158+00:00
JEM0546,Evening,engineering,3,2026-06-05T07:40:54.261158+00:00
JEW2141,Evening,engineering,2,2026-06-05T07:40:54.261158+00:00
JGW1274,Evening,engineering,1,2026-06-05T07:40:54.261158+00:00
JHD2499,Evening,engineering,0,2026-06-05T07:40:54.261158+00:00
JHE3080,Evening,engineering,1,2026-06-05T07:40:54.261158+00:00
JHF1278,Evening,engineering,3,2026-06-05T07:40:54.261158+00:00
JHK1849,Evening,engineering,3,2026-06-05T07:40:54.261158+00:00
JIB2606,Evening,engineering,1,2026-06-05T07:40:54.261158+00:00
JIR2594,Evening,engineering,1,2026-06-05T07:40:54.261158+00:00
JIW2086,Evening,engineering,0,2026-06-05T07:40:54.261158+00:00
JJH0681,Evening,engineering,3,2026-06-05T07:40:54.261158+00:00
JJJ1267,Evening,engineering,0,2026-06-05T07:40:54.261158+00:00
JJL1448,Evening,engineering,1,2026-06-05T07:40:54.261158+00:00
JJS2079,Evening,engineering,1,2026-06-05T07:40:54.261158+00:00
JKC2754,Evening,engineering,2,2026-06-05T07:40:54.261158+00:00
JKF1825,Evening,engineering,0,2026-06-05T07:40:54.261158+00:00
JKK1422,Evening,engineering,3,2026-06-05T07:40:54.261158+00:00
JLF3219,Evening,engineering,3,2026-06-05T07:40:54.261158+00:00
JLM3150,Evening,engineering,3,2026-06-05T07:40:54.261158+00:00
JLR0632,Evening,engineering,3,2026-06-05T07:40:54.261158+00:00
JMH1847,Evening,engineering,1,2026-06-05T07:40:54.261158+00:00
JNC2650,Evening,engineering,3,2026-06-05T07:40:54.261158+00:00
JNP1240,Evening,engineering,0,2026-06-05T07:40:54.261158+00:00
JON0788,Evening,engineering,3,2026-06-05T07:40:54.261158+00:00
JPF1296,Evening,engineering,0,2026-06-05T07:40:54.261158+00:00
JRM1303,Evening,engineering,1,2026-06-05T07:40:54.261158+00:00
JRP0250,Evening,engineering,3,2026-06-05T07:40:54.261158+00:00
JRR0829,Evening,engineering,1,2026-06-05T07:40:54.261158+00:00
JRR2745,Evening,engineering,1,2026-06-05T07:40:54.261158+00:00
JRR3014,Evening,engineering,3,2026-06-05T07:40:54.261158+00:00
JSB0783,Evening,engineering,1,2026-06-05T07:40:54.261158+00:00
JSH1843,Evening,engineering,1,2026-06-05T07:40:54.261158+00:00
JSJ2743,Evening,engineering,0,2026-06-05T07:40:54.261158+00:00
JTN2073,Evening,engineering,3,2026-06-05T07:40:54.261158+00:00
JTS2090,Evening,engineering,0,2026-06-05T07:40:54.261158+00:00
JTV2654,Evening,engineering,1,2026-06-05T07:40:54.261158+00:00
JUL1835,Evening,engineering,1,2026-06-05T07:40:54.261158+00:00
JVB3184,Evening,engineering,1,2026-06-05T07:40:54.261158+00:00
JYW1965,Evening,engineering,0,2026-06-05T07:40:54.261158+00:00
KAB1420,Evening,engineering,1,2026-06-05T07:40:54.261158+00:00
KAG0689,Evening,engineering,2,2026-06-05T07:40:54.261158+00:00
KAG2599,Evening,engineering,1,2026-06-05T07:40:54.261158+00:00
KAH3247,Evening,engineering,3,2026-06-05T07:40:54.261158+00:00
KBF2661,Evening,engineering,0,2026-06-05T07:40:54.261158+00:00
KBO2485,Evening,engineering,0,2026-06-05T07:40:54.261158+00:00
KBP2753,Evening,engineering,0,2026-06-05T07:40:54.261158+00:00
KCB1975,Evening,engineering,3,2026-06-05T07:40:54.261158+00:00
KCD0181,Evening,engineering,0,2026-06-05T07:40:54.261158+00:00
KCH2475,Evening,engineering,1,2026-06-05T07:40:54.261158+00:00
KCH3095,Evening,engineering,0,2026-06-05T07:40:54.261158+00:00
KCH3224,Evening,engineering,0,2026-06-05T07:40:54.261158+00:00
KCM0806,Evening,engineering,0,2026-06-05T07:40:54.261158+00:00
KCM1858,Evening,engineering,2,2026-06-05T07:40:54.261158+00:00
KCM1893,Evening,engineering,0,2026-06-05T07:40:54.261158+00:00
KCM2495,Evening,engineering,0,2026-06-05T07:40:54.261158+00:00
KCO0269,Evening,engineering,0,2026-06-05T07:40:54.261158+00:00
KCR0577,Evening,engineering,0,2026-06-05T07:40:54.261158+00:00
KCW2117,Evening,engineering,0,2026-06-05T07:40:54.261158+00:00
KDA1452,Evening,engineering,0,2026-06-05T07:40:54.261158+00:00
KDB0266,Evening,engineering,3,2026-06-05T07:40:54.261158+00:00
KDH1284,Evening,engineering,0,2026-06-05T07:40:54.261158+00:00
KDN0264,Evening,engineering,3,2026-06-05T07:40:54.261158+00:00
KDR3234,Evening,engineering,3,2026-06-05T07:40:54.261158+00:00
KEC0785,Evening,engineering,1,2026-06-05T07:40:54.261158+00:00
KEF0629,Evening,engineering,3,2026-06-05T07:40:54.261158+00:00
KEH0665,Evening,engineering,1,2026-06-05T07:40:54.261158+00:00
KEW1179,Evening,engineering,0,2026-06-05T07:40:54.261158+00:00
KGB0500,Evening,engineering,3,2026-06-05T07:40:54.261158+00:00
KGD2603,Evening,engineering,0,2026-06-05T07:40:54.261158+00:00
KGF2552,Evening,engineering,3,2026-06-05T07:40:54.261158+00:00
KJC1419,Evening,engineering,3,2026-06-05T07:40:54.261158+00:00
KJH0588,Evening,engineering,0,2026-06-05T07:40:54.261158+00:00
KKB2094,Evening,engineering,3,2026-06-05T07:40:54.261158+00:00
KKC2119,Evening,engineering,0,2026-06-05T07:40:54.261158+00:00
KKD1980,Evening,engineering,0,2026-06-05T07:40:54.261158+00:00
KKL1310,Evening,engineering,3,2026-06-05T07:40:54.261158+00:00
KLH0276,Evening,engineering,1,2026-06-05T07:40:54.261158+00:00
KLL3118,Evening,engineering,0,2026-06-05T07:40:54.261158+00:00
KLP0249,Evening,engineering,1,2026-06-05T07:40:54.261158+00:00
KLZ0507,Evening,engineering,0,2026-06-05T07:40:54.261158+00:00
KMB3003,Evening,engineering,0,2026-06-05T07:40:54.261158+00:00
KMR0682,Evening,engineering,0,2026-06-05T07:40:54.261158+00:00
KMS0568,Evening,engineering,0,2026-06-05T07:40:54.261158+00:00
KMW0259,Evening,engineering,1,2026-06-05T07:40:54.261158+00:00
KNA1279,Evening,engineering,1,2026-06-05T07:40:54.261158+00:00
KNC3843,Evening,engineering,0,2026-06-05T07:40:54.261158+00:00
KNH1985,Evening,engineering,0,2026-06-05T07:40:54.261158+00:00
KNK1428,Evening,engineering,0,2026-06-05T07:40:54.261158+00:00
KNM1154,Evening,engineering,1,2026-06-05T07:40:54.261158+00:00
KNM1318,Evening,engineering,0,2026-06-05T07:40:54.261158+00:00
KNS0539,Evening,engineering,0,2026-06-05T07:40:54.261158+00:00
KNW1321,Evening,engineering,0,2026-06-05T07:40:54.261158+00:00
KOB2624,Evening,engineering,0,2026-06-05T07:40:54.261158+00:00
KOM1306,Evening,engineering,1,2026-06-05T07:40:54.261158+00:00
KOR1163,Evening,engineering,3,2026-06-05T07:40:54.261158+00:00
KQD0274,Evening,engineering,1,2026-06-05T07:40:54.261158+00:00
KRB3120,Evening,engineering,0,2026-06-05T07:40:54.261158+00:00
KRD2100,Evening,engineering,0,2026-06-05T07:40:54.261158+00:00
KRH0589,Evening,engineering,0,2026-06-05T07:40:54.261158+00:00
KSH0672,Evening,engineering,0,2026-06-05T07:40:54.261158+00:00
KSP1288,Evening,engineering,1,2026-06-05T07:40:54.261158+00:00
KSW3237,Evening,engineering,1,2026-06-05T07:40:54.261158+00:00
KTW1719,Evening,engineering,1,2026-06-05T07:40:54.261158+00:00
KVW0814,Evening,engineering,1,2026-06-05T07:40:54.261158+00:00
KWB1967,Evening,engineering,1,2026-06-05T07:40:54.261158+00:00
KWD2589,Evening,engineering,0,2026-06-05T07:40:54.261158+00:00
KZM2602,Evening,engineering,3,2026-06-05T07:40:54.261158+00:00
LAB1297,Evening,engineering,0,2026-06-05T07:40:54.261158+00:00
LAL1956,Evening,engineering,0,2026-06-05T07:40:54.261158+00:00
LAN2608,Evening,engineering,1,2026-06-05T07:40:54.261158+00:00
LAR0625,Evening,engineering,1,2026-06-05T07:40:54.261158+00:00
LAW1407,Evening,engineering,1,2026-06-05T07:40:54.261158+00:00
LBC0194,Evening,engineering,0,2026-06-05T07:40:54.261158+00:00
LBF1992,Evening,engineering,3,2026-06-05T07:40:54.261158+00:00
LBW3159,Evening,engineering,1,2026-06-05T07:40:54.261158+00:00
LCC1963,Evening,engineering,3,2026-06-05T07:40:54.261158+00:00
LCC2503,Evening,engineering,3,2026-06-05T07:40:54.261158+00:00
LCG0784,Evening,engineering,0,2026-06-05T07:40:54.261158+00:00
LCH2740,Evening,engineering,3,2026-06-05T07:40:54.261158+00:00
LCP0572,Evening,engineering,0,2026-06-05T07:40:54.261158+00:00
LDB3087,Evening,engineering,0,2026-06-05T07:40:54.261158+00:00
LDN2514,Evening,engineering,2,2026-06-05T07:40:54.261158+00:00
LFC2015,Evening,engineering,0,2026-06-05T07:40:54.261158+00:00
LGR3119,Evening,engineering,0,2026-06-05T07:40:54.261158+00:00
LGS1976,Evening,engineering,1,2026-06-05T07:40:54.261158+00:00
LHB3089,Evening,engineering,1,2026-06-05T07:40:54.261158+00:00
LHG3145,Evening,engineering,3,2026-06-05T07:40:54.261158+00:00
LIM1718,Evening,engineering,1,2026-06-05T07:40:54.261158+00:00
LJC0191,Evening,engineering,1,2026-06-05T07:40:54.261158+00:00
LJH2619,Evening,engineering,1,2026-06-05T07:40:54.261158+00:00
LKS1416,Evening,engineering,1,2026-06-05T07:40:54.261158+00:00
LLG1238,Evening,engineering,1,2026-06-05T07:40:54.261158+00:00
LLH3157,Evening,engineering,1,2026-06-05T07:40:54.261158+00:00
LLJ1243,Evening,engineering,1,2026-06-05T07:40:54.261158+00:00
LLT0291,Evening,engineering,2,2026-06-05T07:40:54.261158+00:00
LMB3241,Evening,engineering,3,2026-06-05T07:40:54.261158+00:00
LMF0670,Evening,engineering,0,2026-06-05T07:40:54.261158+00:00
LMH1987,Evening,engineering,0,2026-06-05T07:40:54.261158+00:00
LNP3092,Evening,engineering,0,2026-06-05T07:40:54.261158+00:00
LNV0271,Evening,engineering,0,2026-06-05T07:40:54.261158+00:00
LOC1446,Evening,engineering,3,2026-06-05T07:40:54.261158+00:00
LPE0270,Evening,engineering,1,2026-06-05T07:40:54.261158+00:00
LQW0555,Evening,engineering,0,2026-06-05T07:40:54.261158+00:00
LQW1314,Evening,engineering,1,2026-06-05T07:40:54.261158+00:00
LRC3160,Evening,engineering,3,2026-06-05T07:40:54.261158+00:00
LRL1316,Evening,engineering,0,2026-06-05T07:40:54.261158+00:00
LRP2591,Evening,engineering,3,2026-06-05T07:40:54.261158+00:00
LRS1165,Evening,engineering,3,2026-06-05T07:40:54.261158+00:00
LRS1168,Evening,engineering,0,2026-06-05T07:40:54.261158+00:00
LTR1729,Evening,engineering,0,2026-06-05T07:40:54.261158+00:00
LTW1441,Evening,engineering,0,2026-06-05T07:40:54.261158+00:00
LUK1182,Evening,engineering,1,2026-06-05T07:40:54.261158+00:00
LVK3180,Evening,engineering,0,2026-06-05T07:40:54.261158+00:00
MAC1404,Evening,engineering,1,2026-06-05T07:40:54.261158+00:00
MAH0590,Evening,engineering,0,2026-06-05T07:40:54.261158+00:00
MAH2095,Evening,engineering,1,2026-06-05T07:40:54.261158+00:00
MAK1309,Evening,engineering,0,2026-06-05T07:40:54.261158+00:00
MAM2630,Evening,engineering,0,2026-06-05T07:40:54.261158+00:00
MAR2386,Evening,engineering,0,2026-06-05T07:40:54.261158+00:00
MAS3218,Evening,engineering,3,2026-06-05T07:40:54.261158+00:00
MBA2092,Evening,engineering,1,2026-06-05T07:40:54.261158+00:00
MBC0803,Evening,engineering,0,2026-06-05T07:40:54.261158+00:00
MBG3183,Evening,engineering,1,2026-06-05T07:40:54.261158+00:00
MBL1247,Evening,engineering,1,2026-06-05T07:40:54.261158+00:00
MBP1728,Evening,engineering,1,2026-06-05T07:40:54.261158+00:00
MBP1960,Evening,engineering,3,2026-06-05T07:40:54.261158+00:00
MCJ3137,Evening,engineering,0,2026-06-05T07:40:54.261158+00:00
MCO3164,Evening,engineering,0,2026-06-05T07:40:54.261158+00:00
MCW0674,Evening,engineering,1,2026-06-05T07:40:54.261158+00:00
MDB0680,Evening,engineering,0,2026-06-05T07:40:54.261158+00:00
MDE2114,Evening,engineering,2,2026-06-05T07:40:54.261158+00:00
MDM2496,Evening,engineering,0,2026-06-05T07:40:54.261158+00:00
MDP0161,Evening,engineering,0,2026-06-05T07:40:54.261158+00:00
MDP1412,Evening,engineering,3,2026-06-05T07:40:54.261158+00:00
MEB3004,Evening,engineering,0,2026-06-05T07:40:54.261158+00:00
MEW1406,Evening,engineering,0,2026-06-05T07:40:54.261158+00:00
MGM0569,Evening,engineering,0,2026-06-05T07:40:54.261158+00:00
MHA0667,Evening,engineering,3,2026-06-05T07:40:54.261158+00:00
MHS0125,Evening,engineering,1,2026-06-05T07:40:54.261158+00:00
MHS2634,Evening,engineering,1,2026-06-05T07:40:54.261158+00:00
MKD1004,Evening,engineering,1,2026-06-05T07:40:54.261158+00:00
MKH1959,Evening,engineering,3,2026-06-05T07:40:54.261158+00:00
MKM1993,Evening,engineering,3,2026-06-05T07:40:54.261158+00:00
MLJ1461,Evening,engineering,0,2026-06-05T07:40:54.261158+00:00
MLM2021,Evening,engineering,3,2026-06-05T07:40:54.261158+00:00
MMC0261,Evening,engineering,1,2026-06-05T07:40:54.261158+00:00
MMD2022,Evening,engineering,3,2026-06-05T07:40:54.261158+00:00
MMR1435,Evening,engineering,1,2026-06-05T07:40:54.261158+00:00
MNB3094,Evening,engineering,0,2026-06-05T07:40:54.261158+00:00
MNM1161,Evening,engineering,0,2026-06-05T07:40:54.261158+00:00
MNN1167,Evening,engineering,3,2026-06-05T07:40:54.261158+00:00
MNW1827,Evening,engineering,3,2026-06-05T07:40:54.261158+00:00
MPG1307,Evening,engineering,1,2026-06-05T07:40:54.261158+00:00
MRB0796,Evening,engineering,0,2026-06-05T07:40:54.261158+00:00
MRE0567,Evening,engineering,0,2026-06-05T07:40:54.261158+00:00
MRW3143,Evening,engineering,0,2026-06-05T07:40:54.261158+00:00
MSH1269,Evening,engineering,3,2026-06-05T07:40:54.261158+00:00
MST2486,Evening,engineering,0,2026-06-05T07:40:54.261158+00:00
MTM1434,Evening,engineering,0,2026-06-05T07:40:54.261158+00:00
MUH3099,Evening,engineering,0,2026-06-05T07:40:54.261158+00:00
MVO2746,Evening,engineering,1,2026-06-05T07:40:54.261158+00:00
MXG0821,Evening,engineering,1,2026-06-05T07:40:54.261158+00:00
NBH3076,Evening,engineering,0,2026-06-05T07:40:54.261158+00:00
NBL0182,Evening,engineering,0,2026-06-05T07:40:54.261158+00:00
NBN2651,Evening,engineering,0,2026-06-05T07:40:54.261158+00:00
NCB2660,Evening,engineering,1,2026-06-05T07:40:54.261158+00:00
NCO1443,Evening,engineering,0,2026-06-05T07:40:54.261158+00:00
NCS1854,Evening,engineering,2,2026-06-05T07:40:54.261158+00:00
NDA0536,Evening,engineering,0,2026-06-05T07:40:54.261158+00:00
NDR1456,Evening,engineering,0,2026-06-05T07:40:54.261158+00:00
NDW3217,Evening,engineering,1,2026-06-05T07:40:54.261158+00:00
NEW2490,Evening,engineering,3,2026-06-05T07:40:54.261158+00:00
NGP0549,Evening,engineering,0,2026-06-05T07:40:54.261158+00:00
NHD2497,Evening,engineering,0,2026-06-05T07:40:54.261158+00:00
NIR3139,Evening,engineering,0,2026-06-05T07:40:54.261158+00:00
NIW3071,Evening,engineering,3,2026-06-05T07:40:54.261158+00:00
NJC1951,Evening,engineering,0,2026-06-05T07:40:54.261158+00:00
NJG3144,Evening,engineering,0,2026-06-05T07:40:54.261158+00:00
NJL2478,Evening,engineering,0,2026-06-05T07:40:54.261158+00:00
NJM0173,Evening,engineering,2,2026-06-05T07:40:54.261158+00:00
NJO1460,Evening,engineering,3,2026-06-05T07:40:54.261158+00:00
NJP1439,Evening,engineering,0,2026-06-05T07:40:54.261158+00:00
NJR1714,Evening,engineering,0,2026-06-05T07:40:54.261158+00:00
NJS2498,Evening,engineering,3,2026-06-05T07:40:54.261158+00:00
NJW2402,Evening,engineering,0,2026-06-05T07:40:54.261158+00:00
NKD3073,Evening,engineering,3,2026-06-05T07:40:54.261158+00:00
NKN3153,Evening,engineering,1,2026-06-05T07:40:54.261158+00:00
NKV1451,Evening,engineering,1,2026-06-05T07:40:54.261158+00:00
NLC2601,Evening,engineering,3,2026-06-05T07:40:54.261158+00:00
NLN0673,Evening,engineering,0,2026-06-05T07:40:54.261158+00:00
NMM1844,Evening,engineering,0,2026-06-05T07:40:54.261158+00:00
NMR2725,Evening,engineering,0,2026-06-05T07:40:54.261158+00:00
NNB2730,Evening,engineering,1,2026-06-05T07:40:54.261158+00:00
NQM0084,Evening,engineering,1,2026-06-05T07:40:54.261158+00:00
NRN1312,Evening,engineering,0,2026-06-05T07:40:54.261158+00:00
NSB1016,Evening,engineering,0,2026-06-05T07:40:54.261158+00:00
NSM1464,Evening,engineering,0,2026-06-05T07:40:54.261158+00:00
NSR2539,Evening,engineering,3,2026-06-05T07:40:54.261158+00:00
NSW0122,Evening,engineering,0,2026-06-05T07:40:54.261158+00:00
NTE3084,Evening,engineering,3,2026-06-05T07:40:54.261158+00:00
NWH2076,Evening,engineering,0,2026-06-05T07:40:54.261158+00:00
OBH3008,Evening,engineering,1,2026-06-05T07:40:54.261158+00:00
OCC0107,Evening,engineering,0,2026-06-05T07:40:54.261158+00:00
OGW0251,Evening,engineering,0,2026-06-05T07:40:54.261158+00:00
OJR2085,Evening,engineering,3,2026-06-05T07:40:54.261158+00:00
OKF2007,Evening,engineering,0,2026-06-05T07:40:54.261158+00:00
OKG1889,Evening,engineering,2,2026-06-05T07:40:54.261158+00:00
ORB0755,Evening,engineering,0,2026-06-05T07:40:54.261158+00:00
ORH2010,Evening,engineering,3,2026-06-05T07:40:54.261158+00:00
OZH2737,Evening,engineering,1,2026-06-05T07:40:54.261158+00:00
PAA2738,Evening,engineering,1,2026-06-05T07:40:54.261158+00:00
PAM0505,Evening,engineering,1,2026-06-05T07:40:54.261158+00:00
PCB0545,Evening,engineering,0,2026-06-05T07:40:54.261158+00:00
PCT1234,Evening,engineering,3,2026-06-05T07:40:54.261158+00:00
PDC1453,Evening,engineering,0,2026-06-05T07:40:54.261158+00:00
PDG2607,Evening,engineering,3,2026-06-05T07:40:54.261158+00:00
PEB3161,Evening,engineering,0,2026-06-05T07:40:54.261158+00:00
PHB0124,Evening,engineering,1,2026-06-05T07:40:54.261158+00:00
PJP2632,Evening,engineering,1,2026-06-05T07:40:54.261158+00:00
PJS2078,Evening,engineering,1,2026-06-05T07:40:54.261158+00:00
PKB2483,Evening,engineering,3,2026-06-05T07:40:54.261158+00:00
PKB2732,Evening,engineering,3,2026-06-05T07:40:54.261158+00:00
PMH3484,Evening,engineering,3,2026-06-05T07:40:54.261158+00:00
PNH1444,Evening,engineering,0,2026-06-05T07:40:54.261158+00:00
POD0750,Evening,engineering,0,2026-06-05T07:40:54.261158+00:00
PPP1295,Evening,engineering,3,2026-06-05T07:40:54.261158+00:00
PPT3162,Evening,engineering,1,2026-06-05T07:40:54.261158+00:00
PSD1409,Evening,engineering,3,2026-06-05T07:40:54.261158+00:00
PTR2613,Evening,engineering,3,2026-06-05T07:40:54.261158+00:00
PTS2487,Evening,engineering,3,2026-06-05T07:40:54.261158+00:00
QAH1315,Evening,engineering,3,2026-06-05T07:40:54.261158+00:00
QGS1841,Evening,engineering,0,2026-06-05T07:40:54.261158+00:00
QHF3151,Evening,engineering,1,2026-06-05T07:40:54.261158+00:00
QIC1832,Evening,engineering,0,2026-06-05T07:40:54.261158+00:00
QMP2998,Evening,engineering,3,2026-06-05T07:40:54.261158+00:00
QRR1242,Evening,engineering,0,2026-06-05T07:40:54.261158+00:00
QSM3147,Evening,engineering,0,2026-06-05T07:40:54.261158+00:00
QWL3474,Evening,engineering,2,2026-06-05T07:40:54.261158+00:00
RAA0675,Evening,engineering,0,2026-06-05T07:40:54.261158+00:00
RAB2739,Evening,engineering,0,2026-06-05T07:40:54.261158+00:00
RAF1290,Evening,engineering,3,2026-06-05T07:40:54.261158+00:00
RAH2750,Evening,engineering,0,2026-06-05T07:40:54.261158+00:00
RAH3181,Evening,engineering,0,2026-06-05T07:40:54.261158+00:00
RBB0585,Evening,engineering,3,2026-06-05T07:40:54.261158+00:00
RBH3142,Evening,engineering,0,2026-06-05T07:40:54.261158+00:00
RBO0327,Evening,engineering,0,2026-06-05T07:40:54.261158+00:00
RBP1171,Evening,engineering,0,2026-06-05T07:40:54.261158+00:00
RCD2501,Evening,engineering,1,2026-06-05T07:40:54.261158+00:00
RCG0105,Evening,engineering,2,2026-06-05T07:40:54.261158+00:00
RCG1241,Evening,engineering,0,2026-06-05T07:40:54.261158+00:00
RCV1311,Evening,engineering,1,2026-06-05T07:40:54.261158+00:00
RDE3239,Evening,engineering,0,2026-06-05T07:40:54.261158+00:00
RDF1248,Evening,engineering,3,2026-06-05T07:40:54.261158+00:00
RDM1174,Evening,engineering,3,2026-06-05T07:40:54.261158+00:00
RDP2116,Evening,engineering,0,2026-06-05T07:40:54.261158+00:00
REM0580,Evening,engineering,3,2026-06-05T07:40:54.261158+00:00
RGB0263,Evening,engineering,3,2026-06-05T07:40:54.261158+00:00
RGM3111,Evening,engineering,0,2026-06-05T07:40:54.261158+00:00
RHB1721,Evening,engineering,3,2026-06-05T07:40:54.261158+00:00
RHD0787,Evening,engineering,3,2026-06-05T07:40:54.261158+00:00
RHL0268,Evening,engineering,3,2026-06-05T07:40:54.261158+00:00
RHO0678,Evening,engineering,3,2026-06-05T07:40:54.261158+00:00
RJB1424,Evening,engineering,1,2026-06-05T07:40:54.261158+00:00
RJB2622,Evening,engineering,0,2026-06-05T07:40:54.261158+00:00
RJD2647,Evening,engineering,0,2026-06-05T07:40:54.261158+00:00
RJM3227,Evening,engineering,3,2026-06-05T07:40:54.261158+00:00
RJW1440,Evening,engineering,0,2026-06-05T07:40:54.261158+00:00
RKG2587,Evening,engineering,3,2026-06-05T07:40:54.261158+00:00
RLS1738,Evening,engineering,3,2026-06-05T07:40:54.261158+00:00
RMD0792,Evening,engineering,1,2026-06-05T07:40:54.261158+00:00
RME2477,Evening,engineering,3,2026-06-05T07:40:54.261158+00:00
RND1473,Evening,engineering,0,2026-06-05T07:40:54.261158+00:00
ROA3171,Evening,engineering,3,2026-06-05T07:40:54.261158+00:00
ROB2744,Evening,engineering,0,2026-06-05T07:40:54.261158+00:00
RPB0029,Evening,engineering,2,2026-06-05T07:40:54.261158+00:00
RPF2614,Evening,engineering,0,2026-06-05T07:40:54.261158+00:00
RPL2640,Evening,engineering,0,2026-06-05T07:40:54.261158+00:00
RRT1417,Evening,engineering,0,2026-06-05T07:40:54.261158+00:00
RSE2382,Evening,engineering,0,2026-06-05T07:40:54.261158+00:00
RSS3182,Evening,engineering,0,2026-06-05T07:40:54.261158+00:00
RSV3166,Evening,engineering,0,2026-06-05T07:40:54.261158+00:00
RTP0754,Evening,engineering,0,2026-06-05T07:40:54.261158+00:00
RTS2009,Evening,engineering,3,2026-06-05T07:40:54.261158+00:00
RUB1156,Evening,engineering,1,2026-06-05T07:40:54.261158+00:00
RVV0317,Evening,engineering,0,2026-06-05T07:40:54.261158+00:00
SAB1954,Evening,engineering,3,2026-06-05T07:40:54.261158+00:00
SAL2493,Evening,engineering,0,2026-06-05T07:40:54.261158+00:00
SBT2585,Evening,engineering,1,2026-06-05T07:40:54.261158+00:00
SCB1280,Evening,engineering,1,2026-06-05T07:40:54.261158+00:00
SCC1896,Evening,engineering,0,2026-06-05T07:40:54.261158+00:00
SCF0330,Evening,engineering,0,2026-06-05T07:40:54.261158+00:00
SCH1013,Evening,engineering,0,2026-06-05T07:40:54.261158+00:00
SDE2662,Evening,engineering,0,2026-06-05T07:40:54.261158+00:00
SDF3082,Evening,engineering,0,2026-06-05T07:40:54.261158+00:00
SDH2394,Evening,engineering,3,2026-06-05T07:40:54.261158+00:00
SDM2550,Evening,engineering,3,2026-06-05T07:40:54.261158+00:00
SEM1983,Evening,engineering,0,2026-06-05T07:40:54.261158+00:00
SEM2492,Evening,engineering,3,2026-06-05T07:40:54.261158+00:00
SGC2111,Evening,engineering,3,2026-06-05T07:40:54.261158+00:00
SGF2611,Evening,engineering,0,2026-06-05T07:40:54.261158+00:00
SGR1164,Evening,engineering,1,2026-06-05T07:40:54.261158+00:00
SGW0112,Evening,engineering,0,2026-06-05T07:40:54.261158+00:00
SGW0443,Evening,engineering,3,2026-06-05T07:40:54.261158+00:00
SHB2106,Evening,engineering,3,2026-06-05T07:40:54.261158+00:00
SHG1281,Evening,engineering,1,2026-06-05T07:40:54.261158+00:00
SHN0104,Evening,engineering,0,2026-06-05T07:40:54.261158+00:00
SHP1418,Evening,engineering,1,2026-06-05T07:40:54.261158+00:00
SHS3176,Evening,engineering,0,2026-06-05T07:40:54.261158+00:00
SJS1014,Evening,engineering,3,2026-06-05T07:40:54.261158+00:00
SJS1415,Evening,engineering,0,2026-06-05T07:40:54.261158+00:00
SJW0184,Evening,engineering,0,2026-06-05T07:40:54.261158+00:00
SKF2105,Evening,engineering,3,2026-06-05T07:40:54.261158+00:00
SKM1287,Evening,engineering,0,2026-06-05T07:40:54.261158+00:00
SLL0504,Evening,engineering,0,2026-06-05T07:40:54.261158+00:00
SLS0834,Evening,engineering,3,2026-06-05T07:40:54.261158+00:00
SME0418,Evening,engineering,0,2026-06-05T07:40:54.261158+00:00
SME1984,Evening,engineering,0,2026-06-05T07:40:54.261158+00:00
SMG1268,Evening,engineering,0,2026-06-05T07:40:54.261158+00:00
SMH1953,Evening,engineering,0,2026-06-05T07:40:54.261158+00:00
SMM3221,Evening,engineering,0,2026-06-05T07:40:54.261158+00:00
SNC1837,Evening,engineering,3,2026-06-05T07:40:54.261158+00:00
SNW0798,Evening,engineering,0,2026-06-05T07:40:54.261158+00:00
SOK1299,Evening,engineering,0,2026-06-05T07:40:54.261158+00:00
SPW0753,Evening,engineering,0,2026-06-05T07:40:54.261158+00:00
SRB2600,Evening,engineering,0,2026-06-05T07:40:54.261158+00:00
SRN2617,Evening,engineering,1,2026-06-05T07:40:54.261158+00:00
SRP2080,Evening,engineering,1,2026-06-05T07:40:54.261158+00:00
SSH1845,Evening,engineering,3,2026-06-05T07:40:54.261158+00:00
SSR1962,Evening,engineering,1,2026-06-05T07:40:54.261158+00:00
SSS3091,Evening,engineering,0,2026-06-05T07:40:54.261158+00:00
SWA1824,Evening,engineering,3,2026-06-05T07:40:54.261158+00:00
SWE3155,Evening,engineering,0,2026-06-05T07:40:54.261158+00:00
SWK1436,Evening,engineering,0,2026-06-05T07:40:54.261158+00:00
SWM0188,Evening,engineering,0,2026-06-05T07:40:54.261158+00:00
SWS0823,Evening,engineering,0,2026-06-05T07:40:54.261158+00:00
SXW0537,Evening,engineering,0,2026-06-05T07:40:54.261158+00:00
SYM2379,Evening,engineering,3,2026-06-05T07:40:54.261158+00:00
SZG0325,Evening,engineering,3,2026-06-05T07:40:54.261158+00:00
TAB0684,Evening,engineering,2,2026-06-05T07:40:54.261158+00:00
TAD1414,Evening,engineering,3,2026-06-05T07:40:54.261158+00:00
TAJ0193,Evening,engineering,1,2026-06-05T07:40:54.261158+00:00
TAP0664,Evening,engineering,0,2026-06-05T07:40:54.261158+00:00
TBD2008,Evening,engineering,3,2026-06-05T07:40:54.261158+00:00
TCB0550,Evening,engineering,3,2026-06-05T07:40:54.261158+00:00
TDC3116,Evening,engineering,0,2026-06-05T07:40:54.261158+00:00
TDG2727,Evening,engineering,3,2026-06-05T07:40:54.261158+00:00
TDJ3138,Evening,engineering,0,2026-06-05T07:40:54.261158+00:00
TDM2658,Evening,engineering,0,2026-06-05T07:40:54.261158+00:00
TDR0111,Evening,engineering,0,2026-06-05T07:40:54.261158+00:00
TFH0544,Evening,engineering,0,2026-06-05T07:40:54.261158+00:00
TGA2006,Evening,engineering,0,2026-06-05T07:40:54.261158+00:00
THC2752,Evening,engineering,1,2026-06-05T07:40:54.261158+00:00
THH2751,Evening,engineering,1,2026-06-05T07:40:54.261158+00:00
THW1425,Evening,engineering,3,2026-06-05T07:40:54.261158+00:00
TIE1175,Evening,engineering,0,2026-06-05T07:40:54.261158+00:00
TJB0540,Evening,engineering,0,2026-06-05T07:40:54.261158+00:00
TJB3240,Evening,engineering,3,2026-06-05T07:40:54.261158+00:00
TJD0106,Evening,engineering,0,2026-06-05T07:40:54.261158+00:00
TJM0328,Evening,engineering,0,2026-06-05T07:40:54.261158+00:00
TKD2115,Evening,engineering,0,2026-06-05T07:40:54.261158+00:00
TKK0628,Evening,engineering,3,2026-06-05T07:40:54.261158+00:00
TKM2494,Evening,engineering,0,2026-06-05T07:40:54.261158+00:00
TKN0812,Evening,engineering,0,2026-06-05T07:40:54.261158+00:00
TLU1836,Evening,engineering,3,2026-06-05T07:40:54.261158+00:00
TND0324,Evening,engineering,3,2026-06-05T07:40:54.261158+00:00
TPM3141,Evening,engineering,0,2026-06-05T07:40:54.261158+00:00
TPS2595,Evening,engineering,3,2026-06-05T07:40:54.261158+00:00
TQR3104,Evening,engineering,0,2026-06-05T07:40:54.261158+00:00
TRC1831,Evening,engineering,3,2026-06-05T07:40:54.261158+00:00
TRW3172,Evening,engineering,3,2026-06-05T07:40:54.261158+00:00
TSH3841,Evening,engineering,0,2026-06-05T07:40:54.261158+00:00
TSO3216,Evening,engineering,1,2026-06-05T07:40:54.261158+00:00
TTK2633,Evening,engineering,0,2026-06-05T07:40:54.261158+00:00
TTL3088,Evening,engineering,3,2026-06-05T07:40:54.261158+00:00
TWH1178,Evening,engineering,3,2026-06-05T07:40:54.261158+00:00
TWW0811,Evening,engineering,0,2026-06-05T07:40:54.261158+00:00
UDB1170,Evening,engineering,1,2026-06-05T07:40:54.261158+00:00
UKC0543,Evening,engineering,0,2026-06-05T07:40:54.261158+00:00
UKS1465,Evening,engineering,0,2026-06-05T07:40:54.261158+00:00
ULP1169,Evening,engineering,3,2026-06-05T07:40:54.261158+00:00
USC3486,Evening,engineering,3,2026-06-05T07:40:54.261158+00:00
UYW1162,Evening,engineering,1,2026-06-05T07:40:54.261158+00:00
VAD2639,Evening,engineering,3,2026-06-05T07:40:54.261158+00:00
VCR3103,Evening,engineering,0,2026-06-05T07:40:54.261158+00:00
VDB0247,Evening,engineering,3,2026-06-05T07:40:54.261158+00:00
VDP0790,Evening,engineering,0,2026-06-05T07:40:54.261158+00:00
VEW0278,Evening,engineering,0,2026-06-05T07:40:54.261158+00:00
VFM3223,Evening,engineering,3,2026-06-05T07:40:54.261158+00:00
VGM2096,Evening,engineering,3,2026-06-05T07:40:54.261158+00:00
VJC1974,Evening,engineering,3,2026-06-05T07:40:54.261158+00:00
VNH1282,Evening,engineering,0,2026-06-05T07:40:54.261158+00:00
VQS3246,Evening,engineering,3,2026-06-05T07:40:54.261158+00:00
VTB0576,Evening,engineering,0,2026-06-05T07:40:54.261158+00:00
VTD2731,Evening,engineering,3,2026-06-05T07:40:54.261158+00:00
VZG2484,Evening,engineering,0,2026-06-05T07:40:54.261158+00:00
WCB0801,Evening,engineering,3,2026-06-05T07:40:54.261158+00:00
WCP2123,Evening,engineering,0,2026-06-05T07:40:54.261158+00:00
WDD0499,Evening,engineering,1,2026-06-05T07:40:54.261158+00:00
WET2108,Evening,engineering,1,2026-06-05T07:40:54.261158+00:00
WGD3156,Evening,engineering,0,2026-06-05T07:40:54.261158+00:00
WGF0506,Evening,engineering,3,2026-06-05T07:40:54.261158+00:00
WGM1823,Evening,engineering,1,2026-06-05T07:40:54.261158+00:00
WJC2637,Evening,engineering,0,2026-06-05T07:40:54.261158+00:00
WJH3158,Evening,engineering,1,2026-06-05T07:40:54.261158+00:00
WKC0573,Evening,engineering,1,2026-06-05T07:40:54.261158+00:00
WNR0661,Evening,engineering,0,2026-06-05T07:40:54.261158+00:00
WOL3226,Evening,engineering,3,2026-06-05T07:40:54.261158+00:00
WPR1884,Evening,engineering,0,2026-06-05T07:40:54.261158+00:00
WSE1949,Evening,engineering,0,2026-06-05T07:40:54.261158+00:00
WSS0820,Evening,engineering,0,2026-06-05T07:40:54.261158+00:00
WTG2109,Evening,engineering,3,2026-06-05T07:40:54.261158+00:00
WVD0570,Evening,engineering,1,2026-06-05T07:40:54.261158+00:00
XAB0627,Evening,engineering,0,2026-06-05T07:40:54.261158+00:00
XAH2479,Evening,engineering,0,2026-06-05T07:40:54.261158+00:00
XBK2623,Evening,engineering,3,2026-06-05T07:40:54.261158+00:00
XBW2502,Evening,engineering,3,2026-06-05T07:40:54.261158+00:00
XFF1302,Evening,engineering,3,2026-06-05T07:40:54.261158+00:00
XIW0171,Evening,engineering,0,2026-06-05T07:40:54.261158+00:00
XIW2655,Evening,engineering,0,2026-06-05T07:40:54.261158+00:00
XJB0548,Evening,engineering,0,2026-06-05T07:40:54.261158+00:00
XKL1317,Evening,engineering,0,2026-06-05T07:40:54.261158+00:00
XRP3102,Evening,engineering,0,2026-06-05T07:40:54.261158+00:00
YAV0093,Evening,engineering,0,2026-06-05T07:40:54.261158+00:00
YCL0824,Evening,engineering,0,2026-06-05T07:40:54.261158+00:00
YDM1720,Evening,engineering,3,2026-06-05T07:40:54.261158+00:00
YDM2537,Evening,engineering,3,2026-06-05T07:40:54.261158+00:00
YLL0795,Evening,engineering,1,2026-06-05T07:40:54.261158+00:00
YNR2544,Evening,engineering,3,2026-06-05T07:40:54.261158+00:00
YOH1176,Evening,engineering,0,2026-06-05T07:40:54.261158+00:00
YZC3244,Evening,engineering,0,2026-06-05T07:40:54.261158+00:00
ZAC1838,Evening,engineering,3,2026-06-05T07:40:54.261158+00:00
ZAW2012,Evening,engineering,3,2026-06-05T07:40:54.261158+00:00
ZBW1015,Evening,engineering,0,2026-06-05T07:40:54.261158+00:00
ZCR0558,Evening,engineering,2,2026-06-05T07:40:54.261158+00:00
ZDC2523,Evening,engineering,2,2026-06-05T07:40:54.261158+00:00
ZER0085,Evening,engineering,0,2026-06-05T07:40:54.261158+00:00
ZHF1006,Evening,engineering,3,2026-06-05T07:40:54.261158+00:00
ZHM1979,Evening,engineering,3,2026-06-05T07:40:54.261158+00:00
ZJB0552,Evening,engineering,3,2026-06-05T07:40:54.261158+00:00
ZJS2648,Evening,engineering,1,2026-06-05T07:40:54.261158+00:00
ZLG3090,Evening,engineering,0,2026-06-05T07:40:54.261158+00:00
ZOM0746,Evening,engineering,0,2026-06-05T07:40:54.261158+00:00
ZSL2618,Evening,engineering,0,2026-06-05T07:40:54.261158+00:00
ZXM3086,Evening,engineering,1,2026-06-05T07:40:54.261158+00:00
AAC0610,Evening,software_engineering,2,2026-06-05T07:40:54.261158+00:00
AAM0729,Evening,software_engineering,0,2026-06-05T07:40:54.261158+00:00
AAP1919,Evening,software_engineering,0,2026-06-05T07:40:54.261158+00:00
AAR0641,Evening,software_engineering,0,2026-06-05T07:40:54.261158+00:00
ABB0167,Evening,software_engineering,0,2026-06-05T07:40:54.261158+00:00
ABJ0281,Evening,software_engineering,0,2026-06-05T07:40:54.261158+00:00
ACS1921,Evening,software_engineering,0,2026-06-05T07:40:54.261158+00:00
ACV1946,Evening,software_engineering,1,2026-06-05T07:40:54.261158+00:00
ADM0765,Evening,software_engineering,2,2026-06-05T07:40:54.261158+00:00
ADS0763,Evening,software_engineering,0,2026-06-05T07:40:54.261158+00:00
ADV2467,Evening,software_engineering,0,2026-06-05T07:40:54.261158+00:00
AEG1121,Evening,software_engineering,0,2026-06-05T07:40:54.261158+00:00
AEP1930,Evening,software_engineering,0,2026-06-05T07:40:54.261158+00:00
AGF0742,Evening,software_engineering,1,2026-06-05T07:40:54.261158+00:00
AGF1810,Evening,software_engineering,0,2026-06-05T07:40:54.261158+00:00
AGS2462,Evening,software_engineering,2,2026-06-05T07:40:54.261158+00:00
AHC0232,Evening,software_engineering,2,2026-06-05T07:40:54.261158+00:00
AHH0495,Evening,software_engineering,0,2026-06-05T07:40:54.261158+00:00
AHP0154,Evening,software_engineering,0,2026-06-05T07:40:54.261158+00:00
AIS1082,Evening,software_engineering,2,2026-06-05T07:40:54.261158+00:00
AJH0279,Evening,software_engineering,0,2026-06-05T07:40:54.261158+00:00
AJM0243,Evening,software_engineering,2,2026-06-05T07:40:54.261158+00:00
AJQ0809,Evening,software_engineering,0,2026-06-05T07:40:54.261158+00:00
AKC1929,Evening,software_engineering,0,2026-06-05T07:40:54.261158+00:00
ALB1254,Evening,software_engineering,0,2026-06-05T07:40:54.261158+00:00
ALN2046,Evening,software_engineering,0,2026-06-05T07:40:54.261158+00:00
AME0732,Evening,software_engineering,2,2026-06-05T07:40:54.261158+00:00
AME1361,Evening,software_engineering,2,2026-06-05T07:40:54.261158+00:00
APB1122,Evening,software_engineering,0,2026-06-05T07:40:54.261158+00:00
ARC1223,Evening,software_engineering,0,2026-06-05T07:40:54.261158+00:00
ARW0818,Evening,software_engineering,2,2026-06-05T07:40:54.261158+00:00
ASW1918,Evening,software_engineering,1,2026-06-05T07:40:54.261158+00:00
ATP2680,Evening,software_engineering,2,2026-06-05T07:40:54.261158+00:00
AUI2464,Evening,software_engineering,0,2026-06-05T07:40:54.261158+00:00
AUR1359,Evening,software_engineering,0,2026-06-05T07:40:54.261158+00:00
AVV2056,Evening,software_engineering,0,2026-06-05T07:40:54.261158+00:00
AWH2466,Evening,software_engineering,0,2026-06-05T07:40:54.261158+00:00
AZB1225,Evening,software_engineering,0,2026-06-05T07:40:54.261158+00:00
BAB0518,Evening,software_engineering,0,2026-06-05T07:40:54.261158+00:00
BAG2641,Evening,software_engineering,2,2026-06-05T07:40:54.261158+00:00
BAH1259,Evening,software_engineering,2,2026-06-05T07:40:54.261158+00:00
BBA1230,Evening,software_engineering,2,2026-06-05T07:40:54.261158+00:00
BBP1093,Evening,software_engineering,0,2026-06-05T07:40:54.261158+00:00
BCB2072,Evening,software_engineering,0,2026-06-05T07:40:54.261158+00:00
BCC2536,Evening,software_engineering,2,2026-06-05T07:40:54.261158+00:00
BDR0510,Evening,software_engineering,2,2026-06-05T07:40:54.261158+00:00
BDU0497,Evening,software_engineering,0,2026-06-05T07:40:54.261158+00:00
BDW1459,Evening,software_engineering,0,2026-06-05T07:40:54.261158+00:00
BFD1111,Evening,software_engineering,2,2026-06-05T07:40:54.261158+00:00
BGK0603,Evening,software_engineering,2,2026-06-05T07:40:54.261158+00:00
BGM1226,Evening,software_engineering,2,2026-06-05T07:40:54.261158+00:00
BHC0492,Evening,software_engineering,2,2026-06-05T07:40:54.261158+00:00
BHC2049,Evening,software_engineering,0,2026-06-05T07:40:54.261158+00:00
BJF0511,Evening,software_engineering,2,2026-06-05T07:40:54.261158+00:00
BJV2631,Evening,software_engineering,0,2026-06-05T07:40:54.261158+00:00
BKS2069,Evening,software_engineering,2,2026-06-05T07:40:54.261158+00:00
BLN0230,Evening,software_engineering,0,2026-06-05T07:40:54.261158+00:00
BNF1110,Evening,software_engineering,2,2026-06-05T07:40:54.261158+00:00
BNH2692,Evening,software_engineering,2,2026-06-05T07:40:54.261158+00:00
BNS3233,Evening,software_engineering,2,2026-06-05T07:40:54.261158+00:00
BRC1811,Evening,software_engineering,2,2026-06-05T07:40:54.261158+00:00
BRG3113,Evening,software_engineering,0,2026-06-05T07:40:54.261158+00:00
BTB0489,Evening,software_engineering,0,2026-06-05T07:40:54.261158+00:00
CAC0147,Evening,software_engineering,0,2026-06-05T07:40:54.261158+00:00
CAM2468,Evening,software_engineering,2,2026-06-05T07:40:54.261158+00:00
CBM1814,Evening,software_engineering,0,2026-06-05T07:40:54.261158+00:00
CCC0491,Evening,software_engineering,0,2026-06-05T07:40:54.261158+00:00
CCF3529,Evening,software_engineering,1,2026-06-05T07:40:54.261158+00:00
CDD0127,Evening,software_engineering,0,2026-06-05T07:40:54.261158+00:00
CGG2688,Evening,software_engineering,2,2026-06-05T07:40:54.261158+00:00
CIG2684,Evening,software_engineering,0,2026-06-05T07:40:54.261158+00:00
CIR1367,Evening,software_engineering,2,2026-06-05T07:40:54.261158+00:00
CJF1934,Evening,software_engineering,1,2026-06-05T07:40:54.261158+00:00
CJM0273,Evening,software_engineering,0,2026-06-05T07:40:54.261158+00:00
CJS1932,Evening,software_engineering,0,2026-06-05T07:40:54.261158+00:00
CLH0733,Evening,software_engineering,0,2026-06-05T07:40:54.261158+00:00
CMM0764,Evening,software_engineering,0,2026-06-05T07:40:54.261158+00:00
CMR1470,Evening,software_engineering,0,2026-06-05T07:40:54.261158+00:00
CPC0724,Evening,software_engineering,2,2026-06-05T07:40:54.261158+00:00
CRE2652,Evening,software_engineering,2,2026-06-05T07:40:54.261158+00:00
CSB0827,Evening,software_engineering,0,2026-06-05T07:40:54.261158+00:00
CSL2055,Evening,software_engineering,2,2026-06-05T07:40:54.261158+00:00
CTH0626,Evening,software_engineering,2,2026-06-05T07:40:54.261158+00:00
CWC0490,Evening,software_engineering,2,2026-06-05T07:40:54.261158+00:00
CXM1821,Evening,software_engineering,2,2026-06-05T07:40:54.261158+00:00
DAB0166,Evening,software_engineering,2,2026-06-05T07:40:54.261158+00:00
DAB2580,Evening,software_engineering,2,2026-06-05T07:40:54.261158+00:00
DBS1363,Evening,software_engineering,0,2026-06-05T07:40:54.261158+00:00
DDG1822,Evening,software_engineering,0,2026-06-05T07:40:54.261158+00:00
DEY2638,Evening,software_engineering,0,2026-06-05T07:40:54.261158+00:00
DFC2060,Evening,software_engineering,2,2026-06-05T07:40:54.261158+00:00
DFW1467,Evening,software_engineering,0,2026-06-05T07:40:54.261158+00:00
DGS1079,Evening,software_engineering,0,2026-06-05T07:40:54.261158+00:00
DHM1476,Evening,software_engineering,0,2026-06-05T07:40:54.261158+00:00
DIA0731,Evening,software_engineering,0,2026-06-05T07:40:54.261158+00:00
DJA0740,Evening,software_engineering,3,2026-06-05T07:40:54.261158+00:00
DJF0760,Evening,software_engineering,0,2026-06-05T07:40:54.261158+00:00
DJF2576,Evening,software_engineering,0,2026-06-05T07:40:54.261158+00:00
DLM0608,Evening,software_engineering,0,2026-06-05T07:40:54.261158+00:00
DMH1232,Evening,software_engineering,0,2026-06-05T07:40:54.261158+00:00
DMJ1815,Evening,software_engineering,2,2026-06-05T07:40:54.261158+00:00
DMM2063,Evening,software_engineering,0,2026-06-05T07:40:54.261158+00:00
DNB2574,Evening,software_engineering,2,2026-06-05T07:40:54.261158+00:00
DNN0488,Evening,software_engineering,0,2026-06-05T07:40:54.261158+00:00
DOT1898,Evening,software_engineering,0,2026-06-05T07:40:54.261158+00:00
DRB0756,Evening,software_engineering,2,2026-06-05T07:40:54.261158+00:00
DSB2463,Evening,software_engineering,0,2026-06-05T07:40:54.261158+00:00
DZW0126,Evening,software_engineering,2,2026-06-05T07:40:54.261158+00:00
ECA1221,Evening,software_engineering,0,2026-06-05T07:40:54.261158+00:00
EHV1237,Evening,software_engineering,0,2026-06-05T07:40:54.261158+00:00
EJB1263,Evening,software_engineering,0,2026-06-05T07:40:54.261158+00:00
EJM2690,Evening,software_engineering,0,2026-06-05T07:40:54.261158+00:00
EKB0825,Evening,software_engineering,2,2026-06-05T07:40:54.261158+00:00
EKK0503,Evening,software_engineering,0,2026-06-05T07:40:54.261158+00:00
EMO2120,Evening,software_engineering,0,2026-06-05T07:40:54.261158+00:00
ERA0725,Evening,software_engineering,0,2026-06-05T07:40:54.261158+00:00
ERD1235,Evening,software_engineering,0,2026-06-05T07:40:54.261158+00:00
ERF2472,Evening,software_engineering,2,2026-06-05T07:40:54.261158+00:00
ESB2629,Evening,software_engineering,0,2026-06-05T07:40:54.261158+00:00
ESN2683,Evening,software_engineering,2,2026-06-05T07:40:54.261158+00:00
ETB0828,Evening,software_engineering,0,2026-06-05T07:40:54.261158+00:00
FCY1819,Evening,software_engineering,0,2026-06-05T07:40:54.261158+00:00
FDV1224,Evening,software_engineering,0,2026-06-05T07:40:54.261158+00:00
FHM2067,Evening,software_engineering,2,2026-06-05T07:40:54.261158+00:00
FLS0231,Evening,software_engineering,0,2026-06-05T07:40:54.261158+00:00
FNR0635,Evening,software_engineering,0,2026-06-05T07:40:54.261158+00:00
FYP1187,Evening,software_engineering,1,2026-06-05T07:40:54.261158+00:00
GCK2071,Evening,software_engineering,0,2026-06-05T07:40:54.261158+00:00
GFJ2582,Evening,software_engineering,2,2026-06-05T07:40:54.261158+00:00
GJG1087,Evening,software_engineering,0,2026-06-05T07:40:54.261158+00:00
GJS0494,Evening,software_engineering,0,2026-06-05T07:40:54.261158+00:00
GMH2027,Evening,software_engineering,2,2026-06-05T07:40:54.261158+00:00
GNE1365,Evening,software_engineering,2,2026-06-05T07:40:54.261158+00:00
GOM0090,Evening,software_engineering,0,2026-06-05T07:40:54.261158+00:00
GPB2691,Evening,software_engineering,0,2026-06-05T07:40:54.261158+00:00
GRP1402,Evening,software_engineering,0,2026-06-05T07:40:54.261158+00:00
GRY1398,Evening,software_engineering,2,2026-06-05T07:40:54.261158+00:00
GWM1366,Evening,software_engineering,0,2026-06-05T07:40:54.261158+00:00
GYM1926,Evening,software_engineering,0,2026-06-05T07:40:54.261158+00:00
GYS2461,Evening,software_engineering,2,2026-06-05T07:40:54.261158+00:00
HBC0081,Evening,software_engineering,2,2026-06-05T07:40:54.261158+00:00
HBD1371,Evening,software_engineering,2,2026-06-05T07:40:54.261158+00:00
HDK0634,Evening,software_engineering,0,2026-06-05T07:40:54.261158+00:00
HDT0242,Evening,software_engineering,0,2026-06-05T07:40:54.261158+00:00
HGH0727,Evening,software_engineering,0,2026-06-05T07:40:54.261158+00:00
HHF1995,Evening,software_engineering,2,2026-06-05T07:40:54.261158+00:00
HHW2471,Evening,software_engineering,0,2026-06-05T07:40:54.261158+00:00
HJW2646,Evening,software_engineering,0,2026-06-05T07:40:54.261158+00:00
HKH0204,Evening,software_engineering,1,2026-06-05T07:40:54.261158+00:00
HLD1109,Evening,software_engineering,2,2026-06-05T07:40:54.261158+00:00
HLO2756,Evening,software_engineering,1,2026-06-05T07:40:54.261158+00:00
HMA1258,Evening,software_engineering,2,2026-06-05T07:40:54.261158+00:00
HMG0642,Evening,software_engineering,0,2026-06-05T07:40:54.261158+00:00
HMY0235,Evening,software_engineering,1,2026-06-05T07:40:54.261158+00:00
HNB2571,Evening,software_engineering,2,2026-06-05T07:40:54.261158+00:00
HPR2023,Evening,software_engineering,0,2026-06-05T07:40:54.261158+00:00
HRF2044,Evening,software_engineering,0,2026-06-05T07:40:54.261158+00:00
HSA2065,Evening,software_engineering,2,2026-06-05T07:40:54.261158+00:00
HSK0639,Evening,software_engineering,2,2026-06-05T07:40:54.261158+00:00
HUC1396,Evening,software_engineering,2,2026-06-05T07:40:54.261158+00:00
HVR0633,Evening,software_engineering,0,2026-06-05T07:40:54.261158+00:00
IDL2014,Evening,software_engineering,2,2026-06-05T07:40:54.261158+00:00
IEG2687,Evening,software_engineering,2,2026-06-05T07:40:54.261158+00:00
IGB1902,Evening,software_engineering,0,2026-06-05T07:40:54.261158+00:00
IIB2553,Evening,software_engineering,2,2026-06-05T07:40:54.261158+00:00
IJC2459,Evening,software_engineering,0,2026-06-05T07:40:54.261158+00:00
IJS1090,Evening,software_engineering,2,2026-06-05T07:40:54.261158+00:00
IKM1808,Evening,software_engineering,2,2026-06-05T07:40:54.261158+00:00
INH1250,Evening,software_engineering,0,2026-06-05T07:40:54.261158+00:00
IOR0152,Evening,software_engineering,0,2026-06-05T07:40:54.261158+00:00
IPK2575,Evening,software_engineering,2,2026-06-05T07:40:54.261158+00:00
IRO0822,Evening,software_engineering,2,2026-06-05T07:40:54.261158+00:00
ISR1364,Evening,software_engineering,2,2026-06-05T07:40:54.261158+00:00
JAB2131,Evening,software_engineering,0,2026-06-05T07:40:54.261158+00:00
JAC2001,Evening,software_engineering,0,2026-06-05T07:40:54.261158+00:00
JBW2054,Evening,software_engineering,0,2026-06-05T07:40:54.261158+00:00
JCC0571,Evening,software_engineering,0,2026-06-05T07:40:54.261158+00:00
JCJ2572,Evening,software_engineering,2,2026-06-05T07:40:54.261158+00:00
JDM0165,Evening,software_engineering,0,2026-06-05T07:40:54.261158+00:00
JDS0516,Evening,software_engineering,0,2026-06-05T07:40:54.261158+00:00
JGH0493,Evening,software_engineering,2,2026-06-05T07:40:54.261158+00:00
JGH0728,Evening,software_engineering,2,2026-06-05T07:40:54.261158+00:00
JHB0807,Evening,software_engineering,0,2026-06-05T07:40:54.261158+00:00
JHC1809,Evening,software_engineering,2,2026-06-05T07:40:54.261158+00:00
JHF0480,Evening,software_engineering,1,2026-06-05T07:40:54.261158+00:00
JIP3170,Evening,software_engineering,0,2026-06-05T07:40:54.261158+00:00
JJA1399,Evening,software_engineering,0,2026-06-05T07:40:54.261158+00:00
JJH1389,Evening,software_engineering,0,2026-06-05T07:40:54.261158+00:00
JJH1818,Evening,software_engineering,2,2026-06-05T07:40:54.261158+00:00
JJY3112,Evening,software_engineering,0,2026-06-05T07:40:54.261158+00:00
JKD1115,Evening,software_engineering,2,2026-06-05T07:40:54.261158+00:00
JLL1813,Evening,software_engineering,0,2026-06-05T07:40:54.261158+00:00
JMV0602,Evening,software_engineering,0,2026-06-05T07:40:54.261158+00:00
JNG1998,Evening,software_engineering,2,2026-06-05T07:40:54.261158+00:00
JOR2627,Evening,software_engineering,0,2026-06-05T07:40:54.261158+00:00
JRB1080,Evening,software_engineering,0,2026-06-05T07:40:54.261158+00:00
JRB2741,Evening,software_engineering,0,2026-06-05T07:40:54.261158+00:00
JSR1085,Evening,software_engineering,0,2026-06-05T07:40:54.261158+00:00
JUG0498,Evening,software_engineering,0,2026-06-05T07:40:54.261158+00:00
KAC0579,Evening,software_engineering,0,2026-06-05T07:40:54.261158+00:00
KAH1820,Evening,software_engineering,2,2026-06-05T07:40:54.261158+00:00
KAH2460,Evening,software_engineering,2,2026-06-05T07:40:54.261158+00:00
KBG1117,Evening,software_engineering,2,2026-06-05T07:40:54.261158+00:00
KBG2061,Evening,software_engineering,0,2026-06-05T07:40:54.261158+00:00
KCM3235,Evening,software_engineering,2,2026-06-05T07:40:54.261158+00:00
KCO1253,Evening,software_engineering,0,2026-06-05T07:40:54.261158+00:00
KCS0605,Evening,software_engineering,0,2026-06-05T07:40:54.261158+00:00
KEC2465,Evening,software_engineering,0,2026-06-05T07:40:54.261158+00:00
KED1219,Evening,software_engineering,0,2026-06-05T07:40:54.261158+00:00
KFG2735,Evening,software_engineering,0,2026-06-05T07:40:54.261158+00:00
KHC2129,Evening,software_engineering,0,2026-06-05T07:40:54.261158+00:00
KHW2052,Evening,software_engineering,2,2026-06-05T07:40:54.261158+00:00
KJS0119,Evening,software_engineering,2,2026-06-05T07:40:54.261158+00:00
KKB1088,Evening,software_engineering,2,2026-06-05T07:40:54.261158+00:00
KKM0624,Evening,software_engineering,2,2026-06-05T07:40:54.261158+00:00
KPB1123,Evening,software_engineering,2,2026-06-05T07:40:54.261158+00:00
KSS2068,Evening,software_engineering,0,2026-06-05T07:40:54.261158+00:00
KZK2058,Evening,software_engineering,0,2026-06-05T07:40:54.261158+00:00
LCK1403,Evening,software_engineering,0,2026-06-05T07:40:54.261158+00:00
LDH0574,Evening,software_engineering,0,2026-06-05T07:40:54.261158+00:00
LDW1472,Evening,software_engineering,0,2026-06-05T07:40:54.261158+00:00
LFF1887,Evening,software_engineering,0,2026-06-05T07:40:54.261158+00:00
LGM1260,Evening,software_engineering,2,2026-06-05T07:40:54.261158+00:00
LGS1812,Evening,software_engineering,0,2026-06-05T07:40:54.261158+00:00
LLJ3179,Evening,software_engineering,2,2026-06-05T07:40:54.261158+00:00
LNA2543,Evening,software_engineering,2,2026-06-05T07:40:54.261158+00:00
LPC2011,Evening,software_engineering,0,2026-06-05T07:40:54.261158+00:00
LRM1362,Evening,software_engineering,2,2026-06-05T07:40:54.261158+00:00
LRM1922,Evening,software_engineering,0,2026-06-05T07:40:54.261158+00:00
LRV1120,Evening,software_engineering,0,2026-06-05T07:40:54.261158+00:00
MBH1370,Evening,software_engineering,0,2026-06-05T07:40:54.261158+00:00
MCS0512,Evening,software_engineering,0,2026-06-05T07:40:54.261158+00:00
MCY0601,Evening,software_engineering,2,2026-06-05T07:40:54.261158+00:00
MDD1920,Evening,software_engineering,0,2026-06-05T07:40:54.261158+00:00
MDF1222,Evening,software_engineering,2,2026-06-05T07:40:54.261158+00:00
MDH1924,Evening,software_engineering,3,2026-06-05T07:40:54.261158+00:00
MDO0606,Evening,software_engineering,2,2026-06-05T07:40:54.261158+00:00
MDS0759,Evening,software_engineering,0,2026-06-05T07:40:54.261158+00:00
MGG0080,Evening,software_engineering,2,2026-06-05T07:40:54.261158+00:00
MHR0581,Evening,software_engineering,2,2026-06-05T07:40:54.261158+00:00
MJC1471,Evening,software_engineering,0,2026-06-05T07:40:54.261158+00:00
MJR0244,Evening,software_engineering,0,2026-06-05T07:40:54.261158+00:00
MJS1251,Evening,software_engineering,0,2026-06-05T07:40:54.261158+00:00
MKC2767,Evening,software_engineering,1,2026-06-05T07:40:54.261158+00:00
MKO0749,Evening,software_engineering,0,2026-06-05T07:40:54.261158+00:00
MLV0088,Evening,software_engineering,0,2026-06-05T07:40:54.261158+00:00
MMA1255,Evening,software_engineering,2,2026-06-05T07:40:54.261158+00:00
MMC1084,Evening,software_engineering,2,2026-06-05T07:40:54.261158+00:00
MMJ0070,Evening,software_engineering,2,2026-06-05T07:40:54.261158+00:00
MML2045,Evening,software_engineering,0,2026-06-05T07:40:54.261158+00:00
MMW1927,Evening,software_engineering,0,2026-06-05T07:40:54.261158+00:00
MNB2570,Evening,software_engineering,2,2026-06-05T07:40:54.261158+00:00
MNS1394,Evening,software_engineering,0,2026-06-05T07:40:54.261158+00:00
MOS0496,Evening,software_engineering,0,2026-06-05T07:40:54.261158+00:00
MPB2578,Evening,software_engineering,2,2026-06-05T07:40:54.261158+00:00
MPH0153,Evening,software_engineering,2,2026-06-05T07:40:54.261158+00:00
MRL2636,Evening,software_engineering,0,2026-06-05T07:40:54.261158+00:00
MVA2547,Evening,software_engineering,2,2026-06-05T07:40:54.261158+00:00
NBC0607,Evening,software_engineering,2,2026-06-05T07:40:54.261158+00:00
NBD2469,Evening,software_engineering,0,2026-06-05T07:40:54.261158+00:00
NCV0758,Evening,software_engineering,0,2026-06-05T07:40:54.261158+00:00
NDB0517,Evening,software_engineering,2,2026-06-05T07:40:54.261158+00:00
NEA3248,Evening,software_engineering,0,2026-06-05T07:40:54.261158+00:00
NGH1256,Evening,software_engineering,2,2026-06-05T07:40:54.261158+00:00
NHR1220,Evening,software_engineering,0,2026-06-05T07:40:54.261158+00:00
NHR2050,Evening,software_engineering,2,2026-06-05T07:40:54.261158+00:00
NHV2004,Evening,software_engineering,0,2026-06-05T07:40:54.261158+00:00
NJS2473,Evening,software_engineering,2,2026-06-05T07:40:54.261158+00:00
NJS2657,Evening,software_engineering,0,2026-06-05T07:40:54.261158+00:00
NLN0513,Evening,software_engineering,0,2026-06-05T07:40:54.261158+00:00
NLP0155,Evening,software_engineering,0,2026-06-05T07:40:54.261158+00:00
NNP0229,Evening,software_engineering,2,2026-06-05T07:40:54.261158+00:00
NOD1261,Evening,software_engineering,2,2026-06-05T07:40:54.261158+00:00
NRT1320,Evening,software_engineering,0,2026-06-05T07:40:54.261158+00:00
NTC2663,Evening,software_engineering,0,2026-06-05T07:40:54.261158+00:00
NYC2048,Evening,software_engineering,2,2026-06-05T07:40:54.261158+00:00
OAG1468,Evening,software_engineering,0,2026-06-05T07:40:54.261158+00:00
OHC1892,Evening,software_engineering,0,2026-06-05T07:40:54.261158+00:00
OJT3599,Evening,software_engineering,1,2026-06-05T07:40:54.261158+00:00
OLA2686,Evening,software_engineering,0,2026-06-05T07:40:54.261158+00:00
OMB2053,Evening,software_engineering,0,2026-06-05T07:40:54.261158+00:00
ORJ1401,Evening,software_engineering,2,2026-06-05T07:40:54.261158+00:00
OSC1925,Evening,software_engineering,0,2026-06-05T07:40:54.261158+00:00
OTD1228,Evening,software_engineering,2,2026-06-05T07:40:54.261158+00:00
PAF1373,Evening,software_engineering,0,2026-06-05T07:40:54.261158+00:00
PCC0604,Evening,software_engineering,0,2026-06-05T07:40:54.261158+00:00
PCM0609,Evening,software_engineering,2,2026-06-05T07:40:54.261158+00:00
PHA0726,Evening,software_engineering,0,2026-06-05T07:40:54.261158+00:00
PIG2047,Evening,software_engineering,2,2026-06-05T07:40:54.261158+00:00
PJC1252,Evening,software_engineering,2,2026-06-05T07:40:54.261158+00:00
PJF2579,Evening,software_engineering,2,2026-06-05T07:40:54.261158+00:00
PKH0730,Evening,software_engineering,2,2026-06-05T07:40:54.261158+00:00
PLH1807,Evening,software_engineering,1,2026-06-05T07:40:54.261158+00:00
PMA2693,Evening,software_engineering,0,2026-06-05T07:40:54.261158+00:00
POS0615,Evening,software_engineering,1,2026-06-05T07:40:54.261158+00:00
PSS2051,Evening,software_engineering,2,2026-06-05T07:40:54.261158+00:00
QCB1360,Evening,software_engineering,0,2026-06-05T07:40:54.261158+00:00
QKV2583,Evening,software_engineering,0,2026-06-05T07:40:54.261158+00:00
QLC0082,Evening,software_engineering,0,2026-06-05T07:40:54.261158+00:00
QNG2121,Evening,software_engineering,0,2026-06-05T07:40:54.261158+00:00
QYG1180,Evening,software_engineering,2,2026-06-05T07:40:54.261158+00:00
RAA1455,Evening,software_engineering,0,2026-06-05T07:40:54.261158+00:00
RAI1483,Evening,software_engineering,0,2026-06-05T07:40:54.261158+00:00
RCF2057,Evening,software_engineering,0,2026-06-05T07:40:54.261158+00:00
RCM1372,Evening,software_engineering,2,2026-06-05T07:40:54.261158+00:00
RCS2064,Evening,software_engineering,2,2026-06-05T07:40:54.261158+00:00
RIJ2470,Evening,software_engineering,0,2026-06-05T07:40:54.261158+00:00
RJP1091,Evening,software_engineering,2,2026-06-05T07:40:54.261158+00:00
RKL2682,Evening,software_engineering,2,2026-06-05T07:40:54.261158+00:00
RLS0761,Evening,software_engineering,0,2026-06-05T07:40:54.261158+00:00
RNB0519,Evening,software_engineering,2,2026-06-05T07:40:54.261158+00:00
RNB2679,Evening,software_engineering,0,2026-06-05T07:40:54.261158+00:00
RRA0643,Evening,software_engineering,2,2026-06-05T07:40:54.261158+00:00
RRH0638,Evening,software_engineering,0,2026-06-05T07:40:54.261158+00:00
RSM1089,Evening,software_engineering,0,2026-06-05T07:40:54.261158+00:00
RSR2681,Evening,software_engineering,0,2026-06-05T07:40:54.261158+00:00
RSW3232,Evening,software_engineering,0,2026-06-05T07:40:54.261158+00:00
RTD0762,Evening,software_engineering,2,2026-06-05T07:40:54.261158+00:00
SAB0817,Evening,software_engineering,0,2026-06-05T07:40:54.261158+00:00
SAP1888,Evening,software_engineering,0,2026-06-05T07:40:54.261158+00:00
SAR2066,Evening,software_engineering,2,2026-06-05T07:40:54.261158+00:00
SBO3115,Evening,software_engineering,0,2026-06-05T07:40:54.261158+00:00
SCL2577,Evening,software_engineering,2,2026-06-05T07:40:54.261158+00:00
SCP1116,Evening,software_engineering,0,2026-06-05T07:40:54.261158+00:00
SDR1227,Evening,software_engineering,2,2026-06-05T07:40:54.261158+00:00
SER0621,Evening,software_engineering,1,2026-06-05T07:40:54.261158+00:00
SJB0086,Evening,software_engineering,2,2026-06-05T07:40:54.261158+00:00
SKA0757,Evening,software_engineering,0,2026-06-05T07:40:54.261158+00:00
SKB2635,Evening,software_engineering,0,2026-06-05T07:40:54.261158+00:00
SKM1369,Evening,software_engineering,0,2026-06-05T07:40:54.261158+00:00
SLM1119,Evening,software_engineering,2,2026-06-05T07:40:54.261158+00:00
SML1923,Evening,software_engineering,0,2026-06-05T07:40:54.261158+00:00
SMS1114,Evening,software_engineering,2,2026-06-05T07:40:54.261158+00:00
SMW2062,Evening,software_engineering,2,2026-06-05T07:40:54.261158+00:00
SNM1257,Evening,software_engineering,2,2026-06-05T07:40:54.261158+00:00
SOB0089,Evening,software_engineering,0,2026-06-05T07:40:54.261158+00:00
SRM1112,Evening,software_engineering,2,2026-06-05T07:40:54.261158+00:00
SRM3245,Evening,software_engineering,2,2026-06-05T07:40:54.261158+00:00
STJ2043,Evening,software_engineering,0,2026-06-05T07:40:54.261158+00:00
SWG1391,Evening,software_engineering,2,2026-06-05T07:40:54.261158+00:00
TAF0640,Evening,software_engineering,0,2026-06-05T07:40:54.261158+00:00
TAN2642,Evening,software_engineering,0,2026-06-05T07:40:54.261158+00:00
TAP0631,Evening,software_engineering,2,2026-06-05T07:40:54.261158+00:00
TAP1086,Evening,software_engineering,2,2026-06-05T07:40:54.261158+00:00
TBL2581,Evening,software_engineering,2,2026-06-05T07:40:54.261158+00:00
TBW1393,Evening,software_engineering,2,2026-06-05T07:40:54.261158+00:00
TCG1262,Evening,software_engineering,0,2026-06-05T07:40:54.261158+00:00
TFB1229,Evening,software_engineering,2,2026-06-05T07:40:54.261158+00:00
TIJ1817,Evening,software_engineering,2,2026-06-05T07:40:54.261158+00:00
TJL2113,Evening,software_engineering,0,2026-06-05T07:40:54.261158+00:00
TKC0514,Evening,software_engineering,0,2026-06-05T07:40:54.261158+00:00
TLP1231,Evening,software_engineering,0,2026-06-05T07:40:54.261158+00:00
TMB1474,Evening,software_engineering,0,2026-06-05T07:40:54.261158+00:00
TNS1233,Evening,software_engineering,0,2026-06-05T07:40:54.261158+00:00
TRH1083,Evening,software_engineering,0,2026-06-05T07:40:54.261158+00:00
TVS0520,Evening,software_engineering,2,2026-06-05T07:40:54.261158+00:00
TZM0239,Evening,software_engineering,2,2026-06-05T07:40:54.261158+00:00
UEP2013,Evening,software_engineering,2,2026-06-05T07:40:54.261158+00:00
VBA1395,Evening,software_engineering,2,2026-06-05T07:40:54.261158+00:00
VDH0766,Evening,software_engineering,0,2026-06-05T07:40:54.261158+00:00
VIB2070,Evening,software_engineering,0,2026-06-05T07:40:54.261158+00:00
VJB1928,Evening,software_engineering,0,2026-06-05T07:40:54.261158+00:00
VKA1118,Evening,software_engineering,2,2026-06-05T07:40:54.261158+00:00
VLF1113,Evening,software_engineering,2,2026-06-05T07:40:54.261158+00:00
VPS3185,Evening,software_engineering,2,2026-06-05T07:40:54.261158+00:00
VRJ0636,Evening,software_engineering,0,2026-06-05T07:40:54.261158+00:00
VSJ2569,Evening,software_engineering,0,2026-06-05T07:40:54.261158+00:00
VWV1249,Evening,software_engineering,0,2026-06-05T07:40:54.261158+00:00
VYP0637,Evening,software_engineering,0,2026-06-05T07:40:54.261158+00:00
WAA1816,Evening,software_engineering,0,2026-06-05T07:40:54.261158+00:00
WAA2573,Evening,software_engineering,0,2026-06-05T07:40:54.261158+00:00
WGC1081,Evening,software_engineering,0,2026-06-05T07:40:54.261158+00:00
WMR2625,Evening,software_engineering,0,2026-06-05T07:40:54.261158+00:00
WMR2685,Evening,software_engineering,0,2026-06-05T07:40:54.261158+00:00
WNO1466,Evening,software_engineering,1,2026-06-05T07:40:54.261158+00:00
WNW2002,Evening,software_engineering,0,2026-06-05T07:40:54.261158+00:00
WPJ1400,Evening,software_engineering,0,2026-06-05T07:40:54.261158+00:00
WRM0515,Evening,software_engineering,2,2026-06-05T07:40:54.261158+00:00
WSB1368,Evening,software_engineering,0,2026-06-05T07:40:54.261158+00:00
XCB1390,Evening,software_engineering,2,2026-06-05T07:40:54.261158+00:00
XKR2059,Evening,software_engineering,2,2026-06-05T07:40:54.261158+00:00
XUC1092,Evening,software_engineering,0,2026-06-05T07:40:54.261158+00:00
YJP2689,Evening,software_engineering,0,2026-06-05T07:40:54.261158+00:00
ZAN1931,Evening,software_engineering,0,2026-06-05T07:40:54.261158+00:00
ZHB1392,Evening,software_engineering,2,2026-06-05T07:40:54.261158+00:00
ZKR1397,Evening,software_engineering,2,2026-06-05T07:40:54.261158+00:00
ZRM0694,Evening,software_engineering,1,2026-06-05T07:40:54.261158+00:00
AAF3937,Evening,operations,0,2026-06-05T07:40:54.261158+00:00
AAT2913,Evening,operations,0,2026-06-05T07:40:54.261158+00:00
AAW0894,Evening,operations,2,2026-06-05T07:40:54.261158+00:00
ABE2352,Evening,operations,0,2026-06-05T07:40:54.261158+00:00
ABG2353,Evening,operations,0,2026-06-05T07:40:54.261158+00:00
ABH0349,Evening,operations,0,2026-06-05T07:40:54.261158+00:00
ABM3641,Evening,operations,2,2026-06-05T07:40:54.261158+00:00
ABM3687,Evening,operations,0,2026-06-05T07:40:54.261158+00:00
ABP2917,Evening,operations,0,2026-06-05T07:40:54.261158+00:00
ACB0701,Evening,operations,1,2026-06-05T07:40:54.261158+00:00
ACG3819,Evening,operations,2,2026-06-05T07:40:54.261158+00:00
ACN2347,Evening,operations,2,2026-06-05T07:40:54.261158+00:00
ACW0426,Evening,operations,0,2026-06-05T07:40:54.261158+00:00
ACW1707,Evening,operations,2,2026-06-05T07:40:54.261158+00:00
ADH0975,Evening,operations,0,2026-06-05T07:40:54.261158+00:00
ADP1625,Evening,operations,1,2026-06-05T07:40:54.261158+00:00
ADR1517,Evening,operations,0,2026-06-05T07:40:54.261158+00:00
AFB0904,Evening,operations,0,2026-06-05T07:40:54.261158+00:00
AHC3277,Evening,operations,2,2026-06-05T07:40:54.261158+00:00
AHG3997,Evening,operations,2,2026-06-05T07:40:54.261158+00:00
AHS2348,Evening,operations,0,2026-06-05T07:40:54.261158+00:00
AIB1567,Evening,operations,0,2026-06-05T07:40:54.261158+00:00
AIH2535,Evening,operations,0,2026-06-05T07:40:54.261158+00:00
AIJ3995,Evening,operations,2,2026-06-05T07:40:54.261158+00:00
AIP1614,Evening,operations,1,2026-06-05T07:40:54.261158+00:00
AIV3936,Evening,operations,0,2026-06-05T07:40:54.261158+00:00
AIY3991,Evening,operations,2,2026-06-05T07:40:54.261158+00:00
AJC3010,Evening,operations,0,2026-06-05T07:40:54.261158+00:00
AJM0345,Evening,operations,0,2026-06-05T07:40:54.261158+00:00
AKS3705,Evening,operations,0,2026-06-05T07:40:54.261158+00:00
AKW1679,Evening,operations,0,2026-06-05T07:40:54.261158+00:00
ALB3649,Evening,operations,2,2026-06-05T07:40:54.261158+00:00
ALH2916,Evening,operations,2,2026-06-05T07:40:54.261158+00:00
AMA2808,Evening,operations,2,2026-06-05T07:40:54.261158+00:00
ANF3332,Evening,operations,2,2026-06-05T07:40:54.261158+00:00
AOC0982,Evening,operations,0,2026-06-05T07:40:54.261158+00:00
APB3823,Evening,operations,0,2026-06-05T07:40:54.261158+00:00
APS3701,Evening,operations,0,2026-06-05T07:40:54.261158+00:00
ARB3934,Evening,operations,0,2026-06-05T07:40:54.261158+00:00
ARC2809,Evening,operations,0,2026-06-05T07:40:54.261158+00:00
ARW1507,Evening,operations,0,2026-06-05T07:40:54.261158+00:00
ARZ3464,Evening,operations,0,2026-06-05T07:40:54.261158+00:00
ASD3348,Evening,operations,0,2026-06-05T07:40:54.261158+00:00
ASK2349,Evening,operations,0,2026-06-05T07:40:54.261158+00:00
ATF3708,Evening,operations,0,2026-06-05T07:40:54.261158+00:00
ATF3951,Evening,operations,0,2026-06-05T07:40:54.261158+00:00
ATM1615,Evening,operations,1,2026-06-05T07:40:54.261158+00:00
ATR1677,Evening,operations,2,2026-06-05T07:40:54.261158+00:00
AVH2360,Evening,operations,2,2026-06-05T07:40:54.261158+00:00
AZG2343,Evening,operations,0,2026-06-05T07:40:54.261158+00:00
BAB1619,Evening,operations,1,2026-06-05T07:40:54.261158+00:00
BAC2914,Evening,operations,0,2026-06-05T07:40:54.261158+00:00
BAH3684,Evening,operations,0,2026-06-05T07:40:54.261158+00:00
BAL2366,Evening,operations,2,2026-06-05T07:40:54.261158+00:00
BAO2928,Evening,operations,0,2026-06-05T07:40:54.261158+00:00
BAW1019,Evening,operations,0,2026-06-05T07:40:54.261158+00:00
BBM1701,Evening,operations,2,2026-06-05T07:40:54.261158+00:00
BBM3688,Evening,operations,0,2026-06-05T07:40:54.261158+00:00
BBT0062,Evening,operations,2,2026-06-05T07:40:54.261158+00:00
BCH3651,Evening,operations,0,2026-06-05T07:40:54.261158+00:00
BCS2912,Evening,operations,0,2026-06-05T07:40:54.261158+00:00
BCW3480,Evening,operations,0,2026-06-05T07:40:54.261158+00:00
BDJ3326,Evening,operations,2,2026-06-05T07:40:54.261158+00:00
BGA0892,Evening,operations,0,2026-06-05T07:40:54.261158+00:00
BGH2861,Evening,operations,2,2026-06-05T07:40:54.261158+00:00
BGM2545,Evening,operations,0,2026-06-05T07:40:54.261158+00:00
BGN3820,Evening,operations,0,2026-06-05T07:40:54.261158+00:00
BHC2344,Evening,operations,0,2026-06-05T07:40:54.261158+00:00
BIG3946,Evening,operations,0,2026-06-05T07:40:54.261158+00:00
BJH3294,Evening,operations,0,2026-06-05T07:40:54.261158+00:00
BJH3402,Evening,operations,0,2026-06-05T07:40:54.261158+00:00
BKC3473,Evening,operations,0,2026-06-05T07:40:54.261158+00:00
BKF0427,Evening,operations,0,2026-06-05T07:40:54.261158+00:00
BKM3410,Evening,operations,0,2026-06-05T07:40:54.261158+00:00
BLD2227,Evening,operations,1,2026-06-05T07:40:54.261158+00:00
BLS3327,Evening,operations,0,2026-06-05T07:40:54.261158+00:00
BMC3636,Evening,operations,2,2026-06-05T07:40:54.261158+00:00
BMM3328,Evening,operations,0,2026-06-05T07:40:54.261158+00:00
BNW3985,Evening,operations,2,2026-06-05T07:40:54.261158+00:00
BON0968,Evening,operations,0,2026-06-05T07:40:54.261158+00:00
BPM3694,Evening,operations,1,2026-06-05T07:40:54.261158+00:00
BPR1678,Evening,operations,0,2026-06-05T07:40:54.261158+00:00
BRC3949,Evening,operations,0,2026-06-05T07:40:54.261158+00:00
BRH2866,Evening,operations,0,2026-06-05T07:40:54.261158+00:00
BRN3289,Evening,operations,0,2026-06-05T07:40:54.261158+00:00
BRS0333,Evening,operations,0,2026-06-05T07:40:54.261158+00:00
BSM2844,Evening,operations,2,2026-06-05T07:40:54.261158+00:00
BTG3468,Evening,operations,0,2026-06-05T07:40:54.261158+00:00
BUS2399,Evening,operations,0,2026-06-05T07:40:54.261158+00:00
BXG3763,Evening,operations,0,2026-06-05T07:40:54.261158+00:00
BZC3956,Evening,operations,0,2026-06-05T07:40:54.261158+00:00
CAC3741,Evening,operations,2,2026-06-05T07:40:54.261158+00:00
CAF3929,Evening,operations,0,2026-06-05T07:40:54.261158+00:00
CAG0888,Evening,operations,2,2026-06-05T07:40:54.261158+00:00
CAS1017,Evening,operations,0,2026-06-05T07:40:54.261158+00:00
CAS1702,Evening,operations,0,2026-06-05T07:40:54.261158+00:00
CBB2904,Evening,operations,0,2026-06-05T07:40:54.261158+00:00
CBL3631,Evening,operations,2,2026-06-05T07:40:54.261158+00:00
CBM2858,Evening,operations,0,2026-06-05T07:40:54.261158+00:00
CCB3943,Evening,operations,2,2026-06-05T07:40:54.261158+00:00
CCH1508,Evening,operations,0,2026-06-05T07:40:54.261158+00:00
CCL3272,Evening,operations,0,2026-06-05T07:40:54.261158+00:00
CDP0340,Evening,operations,0,2026-06-05T07:40:54.261158+00:00
CDS1579,Evening,operations,2,2026-06-05T07:40:54.261158+00:00
CDS3824,Evening,operations,0,2026-06-05T07:40:54.261158+00:00
CDW0986,Evening,operations,0,2026-06-05T07:40:54.261158+00:00
CDY3409,Evening,operations,0,2026-06-05T07:40:54.261158+00:00
CED2356,Evening,operations,0,2026-06-05T07:40:54.261158+00:00
CFR1523,Evening,operations,0,2026-06-05T07:40:54.261158+00:00
CGB3928,Evening,operations,2,2026-06-05T07:40:54.261158+00:00
CGG3388,Evening,operations,2,2026-06-05T07:40:54.261158+00:00
CHB3396,Evening,operations,0,2026-06-05T07:40:54.261158+00:00
CHB3647,Evening,operations,0,2026-06-05T07:40:54.261158+00:00
CHM1561,Evening,operations,0,2026-06-05T07:40:54.261158+00:00
CID3640,Evening,operations,0,2026-06-05T07:40:54.261158+00:00
CIG3459,Evening,operations,0,2026-06-05T07:40:54.261158+00:00
CIJ3941,Evening,operations,0,2026-06-05T07:40:54.261158+00:00
CJB3470,Evening,operations,0,2026-06-05T07:40:54.261158+00:00
CJC2371,Evening,operations,2,2026-06-05T07:40:54.261158+00:00
CJH2921,Evening,operations,2,2026-06-05T07:40:54.261158+00:00
CKB3645,Evening,operations,2,2026-06-05T07:40:54.261158+00:00
CKB3745,Evening,operations,0,2026-06-05T07:40:54.261158+00:00
CKC3767,Evening,operations,0,2026-06-05T07:40:54.261158+00:00
CKG3838,Evening,operations,0,2026-06-05T07:40:54.261158+00:00
CKH2797,Evening,operations,2,2026-06-05T07:40:54.261158+00:00
CLS3806,Evening,operations,0,2026-06-05T07:40:54.261158+00:00
CMM3702,Evening,operations,0,2026-06-05T07:40:54.261158+00:00
CMM3753,Evening,operations,2,2026-06-05T07:40:54.261158+00:00
CNH3475,Evening,operations,0,2026-06-05T07:40:54.261158+00:00
COD2351,Evening,operations,2,2026-06-05T07:40:54.261158+00:00
COK3383,Evening,operations,2,2026-06-05T07:40:54.261158+00:00
CPP2909,Evening,operations,0,2026-06-05T07:40:54.261158+00:00
CPT1533,Evening,operations,0,2026-06-05T07:40:54.261158+00:00
CQH1505,Evening,operations,0,2026-06-05T07:40:54.261158+00:00
CRC0348,Evening,operations,2,2026-06-05T07:40:54.261158+00:00
CRL2357,Evening,operations,2,2026-06-05T07:40:54.261158+00:00
CRM0139,Evening,operations,2,2026-06-05T07:40:54.261158+00:00
CRP3682,Evening,operations,1,2026-06-05T07:40:54.261158+00:00
CSB2910,Evening,operations,0,2026-06-05T07:40:54.261158+00:00
CSB3932,Evening,operations,0,2026-06-05T07:40:54.261158+00:00
CSL0428,Evening,operations,1,2026-06-05T07:40:54.261158+00:00
CSM1554,Evening,operations,2,2026-06-05T07:40:54.261158+00:00
CSM1565,Evening,operations,0,2026-06-05T07:40:54.261158+00:00
CSM2819,Evening,operations,2,2026-06-05T07:40:54.261158+00:00
CSR1682,Evening,operations,0,2026-06-05T07:40:54.261158+00:00
CST2863,Evening,operations,0,2026-06-05T07:40:54.261158+00:00
CSW3811,Evening,operations,0,2026-06-05T07:40:54.261158+00:00
CTB3481,Evening,operations,2,2026-06-05T07:40:54.261158+00:00
CTC0421,Evening,operations,0,2026-06-05T07:40:54.261158+00:00
CTG3770,Evening,operations,0,2026-06-05T07:40:54.261158+00:00
CTJ2794,Evening,operations,2,2026-06-05T07:40:54.261158+00:00
CWA2549,Evening,operations,0,2026-06-05T07:40:54.261158+00:00
CWK2870,Evening,operations,0,2026-06-05T07:40:54.261158+00:00
CWT3747,Evening,operations,0,2026-06-05T07:40:54.261158+00:00
CYO1575,Evening,operations,2,2026-06-05T07:40:54.261158+00:00
DAH3324,Evening,operations,0,2026-06-05T07:40:54.261158+00:00
DAH3331,Evening,operations,2,2026-06-05T07:40:54.261158+00:00
DAM3691,Evening,operations,0,2026-06-05T07:40:54.261158+00:00
DAR3637,Evening,operations,2,2026-06-05T07:40:54.261158+00:00
DBF3635,Evening,operations,2,2026-06-05T07:40:54.261158+00:00
DBR1558,Evening,operations,0,2026-06-05T07:40:54.261158+00:00
DCC3689,Evening,operations,0,2026-06-05T07:40:54.261158+00:00
DCM3288,Evening,operations,0,2026-06-05T07:40:54.261158+00:00
DCR1531,Evening,operations,0,2026-06-05T07:40:54.261158+00:00
DCW1901,Evening,operations,0,2026-06-05T07:40:54.261158+00:00
DDC0980,Evening,operations,0,2026-06-05T07:40:54.261158+00:00
DDG1703,Evening,operations,0,2026-06-05T07:40:54.261158+00:00
DFC3287,Evening,operations,0,2026-06-05T07:40:54.261158+00:00
DFH1681,Evening,operations,0,2026-06-05T07:40:54.261158+00:00
DFM2933,Evening,operations,0,2026-06-05T07:40:54.261158+00:00
DGH3295,Evening,operations,2,2026-06-05T07:40:54.261158+00:00
DGQ3744,Evening,operations,2,2026-06-05T07:40:54.261158+00:00
DHB2364,Evening,operations,2,2026-06-05T07:40:54.261158+00:00
DHR2541,Evening,operations,2,2026-06-05T07:40:54.261158+00:00
DJF3394,Evening,operations,2,2026-06-05T07:40:54.261158+00:00
DJH0971,Evening,operations,0,2026-06-05T07:40:54.261158+00:00
DJH1506,Evening,operations,1,2026-06-05T07:40:54.261158+00:00
DKR0860,Evening,operations,1,2026-06-05T07:40:54.261158+00:00
DKS1509,Evening,operations,0,2026-06-05T07:40:54.261158+00:00
DLM1680,Evening,operations,2,2026-06-05T07:40:54.261158+00:00
DMA3455,Evening,operations,0,2026-06-05T07:40:54.261158+00:00
DMS3400,Evening,operations,0,2026-06-05T07:40:54.261158+00:00
DNM2823,Evening,operations,0,2026-06-05T07:40:54.261158+00:00
DPM2971,Evening,operations,1,2026-06-05T07:40:54.261158+00:00
DRC2296,Evening,operations,1,2026-06-05T07:40:54.261158+00:00
DRF3992,Evening,operations,2,2026-06-05T07:40:54.261158+00:00
DRK3644,Evening,operations,0,2026-06-05T07:40:54.261158+00:00
DRM2927,Evening,operations,0,2026-06-05T07:40:54.261158+00:00
DSM2400,Evening,operations,0,2026-06-05T07:40:54.261158+00:00
DSM3954,Evening,operations,0,2026-06-05T07:40:54.261158+00:00
DTU3804,Evening,operations,0,2026-06-05T07:40:54.261158+00:00
DZG0889,Evening,operations,2,2026-06-05T07:40:54.261158+00:00
EAM3642,Evening,operations,0,2026-06-05T07:40:54.261158+00:00
EAP1555,Evening,operations,0,2026-06-05T07:40:54.261158+00:00
ECA0976,Evening,operations,0,2026-06-05T07:40:54.261158+00:00
ECB1683,Evening,operations,2,2026-06-05T07:40:54.261158+00:00
EDF2361,Evening,operations,2,2026-06-05T07:40:54.261158+00:00
EFJ1685,Evening,operations,0,2026-06-05T07:40:54.261158+00:00
EHB0942,Evening,operations,1,2026-06-05T07:40:54.261158+00:00
EJG0833,Evening,operations,0,2026-06-05T07:40:54.261158+00:00
EJH2799,Evening,operations,0,2026-06-05T07:40:54.261158+00:00
EKB3828,Evening,operations,2,2026-06-05T07:40:54.261158+00:00
EKC3706,Evening,operations,0,2026-06-05T07:40:54.261158+00:00
EKN3760,Evening,operations,0,2026-06-05T07:40:54.261158+00:00
EKV3321,Evening,operations,0,2026-06-05T07:40:54.261158+00:00
ELB3697,Evening,operations,0,2026-06-05T07:40:54.261158+00:00
EMK3809,Evening,operations,2,2026-06-05T07:40:54.261158+00:00
ESS3341,Evening,operations,2,2026-06-05T07:40:54.261158+00:00
ETG2821,Evening,operations,0,2026-06-05T07:40:54.261158+00:00
EVO1522,Evening,operations,0,2026-06-05T07:40:54.261158+00:00
EYD2871,Evening,operations,2,2026-06-05T07:40:54.261158+00:00
FAH1566,Evening,operations,0,2026-06-05T07:40:54.261158+00:00
FAR2869,Evening,operations,0,2026-06-05T07:40:54.261158+00:00
FDF3743,Evening,operations,2,2026-06-05T07:40:54.261158+00:00
FES3442,Evening,operations,2,2026-06-05T07:40:54.261158+00:00
FGS3275,Evening,operations,0,2026-06-05T07:40:54.261158+00:00
FHA3387,Evening,operations,0,2026-06-05T07:40:54.261158+00:00
FKJ1521,Evening,operations,0,2026-06-05T07:40:54.261158+00:00
FMS3285,Evening,operations,2,2026-06-05T07:40:54.261158+00:00
FNB1512,Evening,operations,0,2026-06-05T07:40:54.261158+00:00
FPV3755,Evening,operations,2,2026-06-05T07:40:54.261158+00:00
FRB3653,Evening,operations,0,2026-06-05T07:40:54.261158+00:00
FRG1576,Evening,operations,2,2026-06-05T07:40:54.261158+00:00
FZS0969,Evening,operations,0,2026-06-05T07:40:54.261158+00:00
GAA3681,Evening,operations,0,2026-06-05T07:40:54.261158+00:00
GAB3758,Evening,operations,2,2026-06-05T07:40:54.261158+00:00
GBB3816,Evening,operations,0,2026-06-05T07:40:54.261158+00:00
GCM1580,Evening,operations,0,2026-06-05T07:40:54.261158+00:00
GCT3750,Evening,operations,2,2026-06-05T07:40:54.261158+00:00
GDG2354,Evening,operations,0,2026-06-05T07:40:54.261158+00:00
GDM3835,Evening,operations,0,2026-06-05T07:40:54.261158+00:00
GEH0420,Evening,operations,0,2026-06-05T07:40:54.261158+00:00
GEH3406,Evening,operations,2,2026-06-05T07:40:54.261158+00:00
GEK3441,Evening,operations,0,2026-06-05T07:40:54.261158+00:00
GHM3953,Evening,operations,0,2026-06-05T07:40:54.261158+00:00
GJG0852,Evening,operations,1,2026-06-05T07:40:54.261158+00:00
GJM2800,Evening,operations,2,2026-06-05T07:40:54.261158+00:00
GKA3690,Evening,operations,0,2026-06-05T07:40:54.261158+00:00
GKB2807,Evening,operations,0,2026-06-05T07:40:54.261158+00:00
GKL1516,Evening,operations,0,2026-06-05T07:40:54.261158+00:00
GLG1573,Evening,operations,2,2026-06-05T07:40:54.261158+00:00
GLM3450,Evening,operations,0,2026-06-05T07:40:54.261158+00:00
GMA1698,Evening,operations,2,2026-06-05T07:40:54.261158+00:00
GMB3703,Evening,operations,1,2026-06-05T07:40:54.261158+00:00
GMY3938,Evening,operations,0,2026-06-05T07:40:54.261158+00:00
GNB3337,Evening,operations,0,2026-06-05T07:40:54.261158+00:00
GNG2362,Evening,operations,0,2026-06-05T07:40:54.261158+00:00
GNG2812,Evening,operations,0,2026-06-05T07:40:54.261158+00:00
GOG3939,Evening,operations,0,2026-06-05T07:40:54.261158+00:00
GRM1511,Evening,operations,0,2026-06-05T07:40:54.261158+00:00
GSA3815,Evening,operations,0,2026-06-05T07:40:54.261158+00:00
GTL3389,Evening,operations,2,2026-06-05T07:40:54.261158+00:00
GUC3945,Evening,operations,2,2026-06-05T07:40:54.261158+00:00
GZM3990,Evening,operations,0,2026-06-05T07:40:54.261158+00:00
HAF0394,Evening,operations,1,2026-06-05T07:40:54.261158+00:00
HAR3632,Evening,operations,0,2026-06-05T07:40:54.261158+00:00
HBC0999,Evening,operations,2,2026-06-05T07:40:54.261158+00:00
HBH2368,Evening,operations,2,2026-06-05T07:40:54.261158+00:00
HBS2551,Evening,operations,0,2026-06-05T07:40:54.261158+00:00
HCF2857,Evening,operations,0,2026-06-05T07:40:54.261158+00:00
HCH3338,Evening,operations,0,2026-06-05T07:40:54.261158+00:00
HCH3685,Evening,operations,0,2026-06-05T07:40:54.261158+00:00
HDG2848,Evening,operations,0,2026-06-05T07:40:54.261158+00:00
HDH3751,Evening,operations,0,2026-06-05T07:40:54.261158+00:00
HDP1890,Evening,operations,2,2026-06-05T07:40:54.261158+00:00
HEB3754,Evening,operations,0,2026-06-05T07:40:54.261158+00:00
HFF2540,Evening,operations,2,2026-06-05T07:40:54.261158+00:00
HHM0869,Evening,operations,1,2026-06-05T07:40:54.261158+00:00
HLM1564,Evening,operations,2,2026-06-05T07:40:54.261158+00:00
HMP3391,Evening,operations,2,2026-06-05T07:40:54.261158+00:00
HNM3405,Evening,operations,2,2026-06-05T07:40:54.261158+00:00
HNV3655,Evening,operations,0,2026-06-05T07:40:54.261158+00:00
HSP1675,Evening,operations,0,2026-06-05T07:40:54.261158+00:00
HWS2915,Evening,operations,0,2026-06-05T07:40:54.261158+00:00
HYK3300,Evening,operations,0,2026-06-05T07:40:54.261158+00:00
HZA3839,Evening,operations,2,2026-06-05T07:40:54.261158+00:00
HZH0297,Evening,operations,2,2026-06-05T07:40:54.261158+00:00
IAA3012,Evening,operations,2,2026-06-05T07:40:54.261158+00:00
IAB3386,Evening,operations,0,2026-06-05T07:40:54.261158+00:00
IAR3996,Evening,operations,0,2026-06-05T07:40:54.261158+00:00
IAS0857,Evening,operations,1,2026-06-05T07:40:54.261158+00:00
IBM1700,Evening,operations,2,2026-06-05T07:40:54.261158+00:00
IBP1616,Evening,operations,1,2026-06-05T07:40:54.261158+00:00
IBV1578,Evening,operations,0,2026-06-05T07:40:54.261158+00:00
ICP3710,Evening,operations,0,2026-06-05T07:40:54.261158+00:00
IKA2925,Evening,operations,0,2026-06-05T07:40:54.261158+00:00
IKK3333,Evening,operations,0,2026-06-05T07:40:54.261158+00:00
ILH2989,Evening,operations,1,2026-06-05T07:40:54.261158+00:00
IMC3296,Evening,operations,2,2026-06-05T07:40:54.261158+00:00
IMR3660,Evening,operations,2,2026-06-05T07:40:54.261158+00:00
IOF3298,Evening,operations,0,2026-06-05T07:40:54.261158+00:00
IQO1690,Evening,operations,0,2026-06-05T07:40:54.261158+00:00
IRC3952,Evening,operations,2,2026-06-05T07:40:54.261158+00:00
IRP2018,Evening,operations,0,2026-06-05T07:40:54.261158+00:00
IRT2811,Evening,operations,2,2026-06-05T07:40:54.261158+00:00
ISJ1479,Evening,operations,0,2026-06-05T07:40:54.261158+00:00
ITM0906,Evening,operations,2,2026-06-05T07:40:54.261158+00:00
IWR3469,Evening,operations,2,2026-06-05T07:40:54.261158+00:00
JAA0897,Evening,operations,2,2026-06-05T07:40:54.261158+00:00
JAB3656,Evening,operations,2,2026-06-05T07:40:54.261158+00:00
JAM1676,Evening,operations,0,2026-06-05T07:40:54.261158+00:00
JAO3463,Evening,operations,2,2026-06-05T07:40:54.261158+00:00
JAW3813,Evening,operations,0,2026-06-05T07:40:54.261158+00:00
JBB3280,Evening,operations,0,2026-06-05T07:40:54.261158+00:00
JBD3707,Evening,operations,0,2026-06-05T07:40:54.261158+00:00
JBM3933,Evening,operations,0,2026-06-05T07:40:54.261158+00:00
JCB2350,Evening,operations,2,2026-06-05T07:40:54.261158+00:00
JCH3456,Evening,operations,0,2026-06-05T07:40:54.261158+00:00
JDC2176,Evening,operations,1,2026-06-05T07:40:54.261158+00:00
JDH3762,Evening,operations,0,2026-06-05T07:40:54.261158+00:00
JEH2847,Evening,operations,0,2026-06-05T07:40:54.261158+00:00
JEP1571,Evening,operations,0,2026-06-05T07:40:54.261158+00:00
JHH3462,Evening,operations,0,2026-06-05T07:40:54.261158+00:00
JHM0583,Evening,operations,2,2026-06-05T07:40:54.261158+00:00
JJB2367,Evening,operations,2,2026-06-05T07:40:54.261158+00:00
JJB3398,Evening,operations,0,2026-06-05T07:40:54.261158+00:00
JJM2845,Evening,operations,0,2026-06-05T07:40:54.261158+00:00
JKC3349,Evening,operations,0,2026-06-05T07:40:54.261158+00:00
JKG3329,Evening,operations,0,2026-06-05T07:40:54.261158+00:00
JLC0216,Evening,operations,2,2026-06-05T07:40:54.261158+00:00
JLF3346,Evening,operations,0,2026-06-05T07:40:54.261158+00:00
JLG3764,Evening,operations,0,2026-06-05T07:40:54.261158+00:00
JLR3930,Evening,operations,0,2026-06-05T07:40:54.261158+00:00
JLW2924,Evening,operations,0,2026-06-05T07:40:54.261158+00:00
JMC2806,Evening,operations,0,2026-06-05T07:40:54.261158+00:00
JMC2911,Evening,operations,0,2026-06-05T07:40:54.261158+00:00
JMG3704,Evening,operations,0,2026-06-05T07:40:54.261158+00:00
JNM0905,Evening,operations,0,2026-06-05T07:40:54.261158+00:00
JNR1694,Evening,operations,2,2026-06-05T07:40:54.261158+00:00
JNS3342,Evening,operations,2,2026-06-05T07:40:54.261158+00:00
JQS2908,Evening,operations,0,2026-06-05T07:40:54.261158+00:00
JRL2365,Evening,operations,0,2026-06-05T07:40:54.261158+00:00
JRM2358,Evening,operations,0,2026-06-05T07:40:54.261158+00:00
JSH0887,Evening,operations,0,2026-06-05T07:40:54.261158+00:00
JSM3334,Evening,operations,2,2026-06-05T07:40:54.261158+00:00
JSM3633,Evening,operations,0,2026-06-05T07:40:54.261158+00:00
JSM3931,Evening,operations,0,2026-06-05T07:40:54.261158+00:00
JSO3292,Evening,operations,2,2026-06-05T07:40:54.261158+00:00
JSR3988,Evening,operations,2,2026-06-05T07:40:54.261158+00:00
JTJ3700,Evening,operations,1,2026-06-05T07:40:54.261158+00:00
JWB1519,Evening,operations,0,2026-06-05T07:40:54.261158+00:00
JXP3801,Evening,operations,2,2026-06-05T07:40:54.261158+00:00
KAH2398,Evening,operations,0,2026-06-05T07:40:54.261158+00:00
KAV2926,Evening,operations,2,2026-06-05T07:40:54.261158+00:00
KBA1020,Evening,operations,2,2026-06-05T07:40:54.261158+00:00
KBB0890,Evening,operations,2,2026-06-05T07:40:54.261158+00:00
KBC0578,Evening,operations,0,2026-06-05T07:40:54.261158+00:00
KBM3460,Evening,operations,0,2026-06-05T07:40:54.261158+00:00
KBP0899,Evening,operations,2,2026-06-05T07:40:54.261158+00:00
KCC3658,Evening,operations,2,2026-06-05T07:40:54.261158+00:00
KCG0979,Evening,operations,0,2026-06-05T07:40:54.261158+00:00
KCS3465,Evening,operations,2,2026-06-05T07:40:54.261158+00:00
KDT3290,Evening,operations,2,2026-06-05T07:40:54.261158+00:00
KDW2929,Evening,operations,2,2026-06-05T07:40:54.261158+00:00
KEW2795,Evening,operations,0,2026-06-05T07:40:54.261158+00:00
KGD3278,Evening,operations,0,2026-06-05T07:40:54.261158+00:00
KGR2815,Evening,operations,0,2026-06-05T07:40:54.261158+00:00
KGS3466,Evening,operations,0,2026-06-05T07:40:54.261158+00:00
KHC3350,Evening,operations,2,2026-06-05T07:40:54.261158+00:00
KJB3654,Evening,operations,2,2026-06-05T07:40:54.261158+00:00
KJC3748,Evening,operations,2,2026-06-05T07:40:54.261158+00:00
KJD3392,Evening,operations,2,2026-06-05T07:40:54.261158+00:00
KMS1530,Evening,operations,0,2026-06-05T07:40:54.261158+00:00
KMW1008,Evening,operations,1,2026-06-05T07:40:54.261158+00:00
KNM0423,Evening,operations,0,2026-06-05T07:40:54.261158+00:00
KNM1674,Evening,operations,0,2026-06-05T07:40:54.261158+00:00
KNR3837,Evening,operations,2,2026-06-05T07:40:54.261158+00:00
KOP3802,Evening,operations,0,2026-06-05T07:40:54.261158+00:00
KOW3756,Evening,operations,0,2026-06-05T07:40:54.261158+00:00
KPS0895,Evening,operations,0,2026-06-05T07:40:54.261158+00:00
KSM1518,Evening,operations,0,2026-06-05T07:40:54.261158+00:00
KSN3347,Evening,operations,0,2026-06-05T07:40:54.261158+00:00
KVB3830,Evening,operations,2,2026-06-05T07:40:54.261158+00:00
KWC3812,Evening,operations,2,2026-06-05T07:40:54.261158+00:00
LAS3757,Evening,operations,0,2026-06-05T07:40:54.261158+00:00
LBM3284,Evening,operations,0,2026-06-05T07:40:54.261158+00:00
LCM1480,Evening,operations,0,2026-06-05T07:40:54.261158+00:00
LCP0344,Evening,operations,2,2026-06-05T07:40:54.261158+00:00
LEP2922,Evening,operations,0,2026-06-05T07:40:54.261158+00:00
LER3942,Evening,operations,0,2026-06-05T07:40:54.261158+00:00
LGS3477,Evening,operations,0,2026-06-05T07:40:54.261158+00:00
LIC3646,Evening,operations,0,2026-06-05T07:40:54.261158+00:00
LIG2813,Evening,operations,0,2026-06-05T07:40:54.261158+00:00
LJC3980,Evening,operations,0,2026-06-05T07:40:54.261158+00:00
LJM3339,Evening,operations,2,2026-06-05T07:40:54.261158+00:00
LLB3769,Evening,operations,2,2026-06-05T07:40:54.261158+00:00
LMD2804,Evening,operations,2,2026-06-05T07:40:54.261158+00:00
LMH2801,Evening,operations,0,2026-06-05T07:40:54.261158+00:00
LMS2868,Evening,operations,0,2026-06-05T07:40:54.261158+00:00
LNK3345,Evening,operations,2,2026-06-05T07:40:54.261158+00:00
LOF3279,Evening,operations,0,2026-06-05T07:40:54.261158+00:00
LRF1572,Evening,operations,0,2026-06-05T07:40:54.261158+00:00
LRG3408,Evening,operations,2,2026-06-05T07:40:54.261158+00:00
LRU3765,Evening,operations,0,2026-06-05T07:40:54.261158+00:00
LSC3979,Evening,operations,0,2026-06-05T07:40:54.261158+00:00
LTF3385,Evening,operations,0,2026-06-05T07:40:54.261158+00:00
LWB2851,Evening,operations,2,2026-06-05T07:40:54.261158+00:00
LWV1525,Evening,operations,0,2026-06-05T07:40:54.261158+00:00
LXG2919,Evening,operations,0,2026-06-05T07:40:54.261158+00:00
LYF3449,Evening,operations,0,2026-06-05T07:40:54.261158+00:00
LYS3814,Evening,operations,2,2026-06-05T07:40:54.261158+00:00
MAL2345,Evening,operations,2,2026-06-05T07:40:54.261158+00:00
MAM2363,Evening,operations,2,2026-06-05T07:40:54.261158+00:00
MAY0978,Evening,operations,0,2026-06-05T07:40:54.261158+00:00
MBB2649,Evening,operations,0,2026-06-05T07:40:54.261158+00:00
MBL2383,Evening,operations,0,2026-06-05T07:40:54.261158+00:00
MBR3648,Evening,operations,2,2026-06-05T07:40:54.261158+00:00
MCB2802,Evening,operations,0,2026-06-05T07:40:54.261158+00:00
MCC0856,Evening,operations,1,2026-06-05T07:40:54.261158+00:00
MCN0985,Evening,operations,0,2026-06-05T07:40:54.261158+00:00
MCT0424,Evening,operations,0,2026-06-05T07:40:54.261158+00:00
MCW2546,Evening,operations,0,2026-06-05T07:40:54.261158+00:00
MDG3281,Evening,operations,0,2026-06-05T07:40:54.261158+00:00
MDH3639,Evening,operations,0,2026-06-05T07:40:54.261158+00:00
MFK0902,Evening,operations,2,2026-06-05T07:40:54.261158+00:00
MHG3749,Evening,operations,2,2026-06-05T07:40:54.261158+00:00
MHM2370,Evening,operations,0,2026-06-05T07:40:54.261158+00:00
MHV1529,Evening,operations,0,2026-06-05T07:40:54.261158+00:00
MIA3825,Evening,operations,2,2026-06-05T07:40:54.261158+00:00
MJF0334,Evening,operations,0,2026-06-05T07:40:54.261158+00:00
MJH3822,Evening,operations,0,2026-06-05T07:40:54.261158+00:00
MJM3657,Evening,operations,0,2026-06-05T07:40:54.261158+00:00
MJS0832,Evening,operations,0,2026-06-05T07:40:54.261158+00:00
MKJ1574,Evening,operations,2,2026-06-05T07:40:54.261158+00:00
MLC3482,Evening,operations,0,2026-06-05T07:40:54.261158+00:00
MLS2856,Evening,operations,2,2026-06-05T07:40:54.261158+00:00
MME3399,Evening,operations,2,2026-06-05T07:40:54.261158+00:00
MMR1695,Evening,operations,2,2026-06-05T07:40:54.261158+00:00
MNG3693,Evening,operations,0,2026-06-05T07:40:54.261158+00:00
MNM2369,Evening,operations,0,2026-06-05T07:40:54.261158+00:00
MNW1733,Evening,operations,2,2026-06-05T07:40:54.261158+00:00
MPS2849,Evening,operations,2,2026-06-05T07:40:54.261158+00:00
MRB2390,Evening,operations,0,2026-06-05T07:40:54.261158+00:00
MRM2906,Evening,operations,0,2026-06-05T07:40:54.261158+00:00
MRS1520,Evening,operations,0,2026-06-05T07:40:54.261158+00:00
MSB0830,Evening,operations,2,2026-06-05T07:40:54.261158+00:00
MSR2850,Evening,operations,2,2026-06-05T07:40:54.261158+00:00
MSR3709,Evening,operations,0,2026-06-05T07:40:54.261158+00:00
MSS3335,Evening,operations,0,2026-06-05T07:40:54.261158+00:00
MSW0973,Evening,operations,0,2026-06-05T07:40:54.261158+00:00
MTL3695,Evening,operations,0,2026-06-05T07:40:54.261158+00:00
MVA3761,Evening,operations,0,2026-06-05T07:40:54.261158+00:00
MVB3343,Evening,operations,2,2026-06-05T07:40:54.261158+00:00
MVW3821,Evening,operations,0,2026-06-05T07:40:54.261158+00:00
MWB4000,Evening,operations,0,2026-06-05T07:40:54.261158+00:00
MWG1570,Evening,operations,0,2026-06-05T07:40:54.261158+00:00
MWH0347,Evening,operations,0,2026-06-05T07:40:54.261158+00:00
MWH1018,Evening,operations,3,2026-06-05T07:40:54.261158+00:00
MYB3817,Evening,operations,2,2026-06-05T07:40:54.261158+00:00
NAH3759,Evening,operations,0,2026-06-05T07:40:54.261158+00:00
NAR1527,Evening,operations,0,2026-06-05T07:40:54.261158+00:00
NBT3447,Evening,operations,2,2026-06-05T07:40:54.261158+00:00
NBW2810,Evening,operations,2,2026-06-05T07:40:54.261158+00:00
NCR2854,Evening,operations,2,2026-06-05T07:40:54.261158+00:00
NCS0425,Evening,operations,0,2026-06-05T07:40:54.261158+00:00
NCT0983,Evening,operations,0,2026-06-05T07:40:54.261158+00:00
NDG3403,Evening,operations,0,2026-06-05T07:40:54.261158+00:00
NDH3827,Evening,operations,2,2026-06-05T07:40:54.261158+00:00
NDS1897,Evening,operations,0,2026-06-05T07:40:54.261158+00:00
NEB3445,Evening,operations,2,2026-06-05T07:40:54.261158+00:00
NGS2820,Evening,operations,0,2026-06-05T07:40:54.261158+00:00
NGV3638,Evening,operations,0,2026-06-05T07:40:54.261158+00:00
NHG3810,Evening,operations,2,2026-06-05T07:40:54.261158+00:00
NHH3276,Evening,operations,0,2026-06-05T07:40:54.261158+00:00
NHK2846,Evening,operations,2,2026-06-05T07:40:54.261158+00:00
NHS3981,Evening,operations,0,2026-06-05T07:40:54.261158+00:00
NIR3987,Evening,operations,2,2026-06-05T07:40:54.261158+00:00
NJL0974,Evening,operations,0,2026-06-05T07:40:54.261158+00:00
NKC3652,Evening,operations,2,2026-06-05T07:40:54.261158+00:00
NMC3998,Evening,operations,2,2026-06-05T07:40:54.261158+00:00
NMM1560,Evening,operations,2,2026-06-05T07:40:54.261158+00:00
NMW0896,Evening,operations,0,2026-06-05T07:40:54.261158+00:00
NNB3989,Evening,operations,0,2026-06-05T07:40:54.261158+00:00
NNM2862,Evening,operations,0,2026-06-05T07:40:54.261158+00:00
NPS1563,Evening,operations,0,2026-06-05T07:40:54.261158+00:00
NRG1562,Evening,operations,0,2026-06-05T07:40:54.261158+00:00
NRK3448,Evening,operations,2,2026-06-05T07:40:54.261158+00:00
NSE3944,Evening,operations,0,2026-06-05T07:40:54.261158+00:00
NSM2805,Evening,operations,2,2026-06-05T07:40:54.261158+00:00
NTH2822,Evening,operations,2,2026-06-05T07:40:54.261158+00:00
NUK1513,Evening,operations,0,2026-06-05T07:40:54.261158+00:00
OCH2853,Evening,operations,2,2026-06-05T07:40:54.261158+00:00
ODS0893,Evening,operations,2,2026-06-05T07:40:54.261158+00:00
OED3393,Evening,operations,0,2026-06-05T07:40:54.261158+00:00
OGW3384,Evening,operations,0,2026-06-05T07:40:54.261158+00:00
OJG3395,Evening,operations,0,2026-06-05T07:40:54.261158+00:00
OJV2346,Evening,operations,2,2026-06-05T07:40:54.261158+00:00
OLB2930,Evening,operations,2,2026-06-05T07:40:54.261158+00:00
OLH3452,Evening,operations,2,2026-06-05T07:40:54.261158+00:00
OMM0835,Evening,operations,0,2026-06-05T07:40:54.261158+00:00
ONR3291,Evening,operations,2,2026-06-05T07:40:54.261158+00:00
OWD0981,Evening,operations,0,2026-06-05T07:40:54.261158+00:00
OWL2872,Evening,operations,2,2026-06-05T07:40:54.261158+00:00
PAS2864,Evening,operations,0,2026-06-05T07:40:54.261158+00:00
PCA3344,Evening,operations,2,2026-06-05T07:40:54.261158+00:00
PEB3768,Evening,operations,0,2026-06-05T07:40:54.261158+00:00
PEV3955,Evening,operations,2,2026-06-05T07:40:54.261158+00:00
PFC3807,Evening,operations,2,2026-06-05T07:40:54.261158+00:00
PGM0342,Evening,operations,2,2026-06-05T07:40:54.261158+00:00
PHH1524,Evening,operations,1,2026-06-05T07:40:54.261158+00:00
PLJ3274,Evening,operations,0,2026-06-05T07:40:54.261158+00:00
PLM3935,Evening,operations,0,2026-06-05T07:40:54.261158+00:00
PLT3283,Evening,operations,0,2026-06-05T07:40:54.261158+00:00
PSH3834,Evening,operations,2,2026-06-05T07:40:54.261158+00:00
PTG0587,Evening,operations,2,2026-06-05T07:40:54.261158+00:00
PVV3999,Evening,operations,0,2026-06-05T07:40:54.261158+00:00
PXR3453,Evening,operations,0,2026-06-05T07:40:54.261158+00:00
QAS1692,Evening,operations,0,2026-06-05T07:40:54.261158+00:00
QFP3467,Evening,operations,0,2026-06-05T07:40:54.261158+00:00
QJO1715,Evening,operations,2,2026-06-05T07:40:54.261158+00:00
QLW2245,Evening,operations,1,2026-06-05T07:40:54.261158+00:00
QMV2796,Evening,operations,2,2026-06-05T07:40:54.261158+00:00
QNW0977,Evening,operations,0,2026-06-05T07:40:54.261158+00:00
QSB1577,Evening,operations,2,2026-06-05T07:40:54.261158+00:00
QSG3297,Evening,operations,2,2026-06-05T07:40:54.261158+00:00
RAH1514,Evening,operations,0,2026-06-05T07:40:54.261158+00:00
RAS3446,Evening,operations,2,2026-06-05T07:40:54.261158+00:00
RAW3461,Evening,operations,0,2026-06-05T07:40:54.261158+00:00
RCB2645,Evening,operations,0,2026-06-05T07:40:54.261158+00:00
RCM3458,Evening,operations,0,2026-06-05T07:40:54.261158+00:00
RCT1697,Evening,operations,2,2026-06-05T07:40:54.261158+00:00
RCW3692,Evening,operations,0,2026-06-05T07:40:54.261158+00:00
RDA3381,Evening,operations,2,2026-06-05T07:40:54.261158+00:00
RDB1693,Evening,operations,0,2026-06-05T07:40:54.261158+00:00
RFS2923,Evening,operations,0,2026-06-05T07:40:54.261158+00:00
RGB0901,Evening,operations,0,2026-06-05T07:40:54.261158+00:00
RGB1581,Evening,operations,2,2026-06-05T07:40:54.261158+00:00
RIB1582,Evening,operations,2,2026-06-05T07:40:54.261158+00:00
RJF3299,Evening,operations,2,2026-06-05T07:40:54.261158+00:00
RJF3634,Evening,operations,0,2026-06-05T07:40:54.261158+00:00
RJG3325,Evening,operations,0,2026-06-05T07:40:54.261158+00:00
RJM0343,Evening,operations,0,2026-06-05T07:40:54.261158+00:00
RJM3957,Evening,operations,0,2026-06-05T07:40:54.261158+00:00
RKH1569,Evening,operations,0,2026-06-05T07:40:54.261158+00:00
RKH3803,Evening,operations,0,2026-06-05T07:40:54.261158+00:00
RKM3650,Evening,operations,2,2026-06-05T07:40:54.261158+00:00
RMR0341,Evening,operations,0,2026-06-05T07:40:54.261158+00:00
RRS2359,Evening,operations,2,2026-06-05T07:40:54.261158+00:00
RSG2931,Evening,operations,0,2026-06-05T07:40:54.261158+00:00
RSJ0891,Evening,operations,2,2026-06-05T07:40:54.261158+00:00
RSM3742,Evening,operations,0,2026-06-05T07:40:54.261158+00:00
RVL1688,Evening,operations,0,2026-06-05T07:40:54.261158+00:00
RWS3699,Evening,operations,1,2026-06-05T07:40:54.261158+00:00
RXG1504,Evening,operations,0,2026-06-05T07:40:54.261158+00:00
SAB3286,Evening,operations,2,2026-06-05T07:40:54.261158+00:00
SAP3390,Evening,operations,2,2026-06-05T07:40:54.261158+00:00
SAR1883,Evening,operations,3,2026-06-05T07:40:54.261158+00:00
SAT3766,Evening,operations,2,2026-06-05T07:40:54.261158+00:00
SAV3457,Evening,operations,2,2026-06-05T07:40:54.261158+00:00
SBD1557,Evening,operations,2,2026-06-05T07:40:54.261158+00:00
SBG3983,Evening,operations,2,2026-06-05T07:40:54.261158+00:00
SBH3683,Evening,operations,0,2026-06-05T07:40:54.261158+00:00
SCB2814,Evening,operations,0,2026-06-05T07:40:54.261158+00:00
SCM2538,Evening,operations,0,2026-06-05T07:40:54.261158+00:00
SCM3407,Evening,operations,2,2026-06-05T07:40:54.261158+00:00
SCM3950,Evening,operations,0,2026-06-05T07:40:54.261158+00:00
SCR0898,Evening,operations,0,2026-06-05T07:40:54.261158+00:00
SDH1556,Evening,operations,0,2026-06-05T07:40:54.261158+00:00
SDN2932,Evening,operations,2,2026-06-05T07:40:54.261158+00:00
SED0972,Evening,operations,0,2026-06-05T07:40:54.261158+00:00
SHH0970,Evening,operations,0,2026-06-05T07:40:54.261158+00:00
SHW3011,Evening,operations,0,2026-06-05T07:40:54.261158+00:00
SIP2907,Evening,operations,0,2026-06-05T07:40:54.261158+00:00
SJG1510,Evening,operations,0,2026-06-05T07:40:54.261158+00:00
SJM3805,Evening,operations,2,2026-06-05T07:40:54.261158+00:00
SKB3336,Evening,operations,2,2026-06-05T07:40:54.261158+00:00
SKB3752,Evening,operations,2,2026-06-05T07:40:54.261158+00:00
SLH0900,Evening,operations,0,2026-06-05T07:40:54.261158+00:00
SNM1696,Evening,operations,0,2026-06-05T07:40:54.261158+00:00
SOM2865,Evening,operations,2,2026-06-05T07:40:54.261158+00:00
SPM1684,Evening,operations,2,2026-06-05T07:40:54.261158+00:00
SSA0346,Evening,operations,0,2026-06-05T07:40:54.261158+00:00
STK2397,Evening,operations,2,2026-06-05T07:40:54.261158+00:00
SVM3947,Evening,operations,0,2026-06-05T07:40:54.261158+00:00
SWR3808,Evening,operations,0,2026-06-05T07:40:54.261158+00:00
TAC3330,Evening,operations,0,2026-06-05T07:40:54.261158+00:00
TAE1559,Evening,operations,0,2026-06-05T07:40:54.261158+00:00
TBK2860,Evening,operations,0,2026-06-05T07:40:54.261158+00:00
TBM3829,Evening,operations,2,2026-06-05T07:40:54.261158+00:00
TBS3382,Evening,operations,2,2026-06-05T07:40:54.261158+00:00
TCN1687,Evening,operations,2,2026-06-05T07:40:54.261158+00:00
TCR3994,Evening,operations,0,2026-06-05T07:40:54.261158+00:00
TDK1689,Evening,operations,2,2026-06-05T07:40:54.261158+00:00
TDM2859,Evening,operations,0,2026-06-05T07:40:54.261158+00:00
THG3271,Evening,operations,2,2026-06-05T07:40:54.261158+00:00
TJM3340,Evening,operations,0,2026-06-05T07:40:54.261158+00:00
TJP2817,Evening,operations,0,2026-06-05T07:40:54.261158+00:00
TKE3293,Evening,operations,2,2026-06-05T07:40:54.261158+00:00
TMC3659,Evening,operations,2,2026-06-05T07:40:54.261158+00:00
TMV0868,Evening,operations,1,2026-06-05T07:40:54.261158+00:00
TPS1568,Evening,operations,2,2026-06-05T07:40:54.261158+00:00
TRS3323,Evening,operations,2,2026-06-05T07:40:54.261158+00:00
TSS3643,Evening,operations,0,2026-06-05T07:40:54.261158+00:00
TTD2873,Evening,operations,0,2026-06-05T07:40:54.261158+00:00
TTF2920,Evening,operations,0,2026-06-05T07:40:54.261158+00:00
TVC2918,Evening,operations,2,2026-06-05T07:40:54.261158+00:00
UAH3940,Evening,operations,0,2026-06-05T07:40:54.261158+00:00
UCS3454,Evening,operations,0,2026-06-05T07:40:54.261158+00:00
UIM2818,Evening,operations,0,2026-06-05T07:40:54.261158+00:00
UMH1532,Evening,operations,0,2026-06-05T07:40:54.261158+00:00
UMH3826,Evening,operations,0,2026-06-05T07:40:54.261158+00:00
UNB3986,Evening,operations,2,2026-06-05T07:40:54.261158+00:00
URC3818,Evening,operations,2,2026-06-05T07:40:54.261158+00:00
UVN0903,Evening,operations,0,2026-06-05T07:40:54.261158+00:00
VAB1526,Evening,operations,1,2026-06-05T07:40:54.261158+00:00
VAS3984,Evening,operations,0,2026-06-05T07:40:54.261158+00:00
VBN0984,Evening,operations,1,2026-06-05T07:40:54.261158+00:00
VCF3273,Evening,operations,2,2026-06-05T07:40:54.261158+00:00
VCH3696,Evening,operations,1,2026-06-05T07:40:54.261158+00:00
VEC1686,Evening,operations,0,2026-06-05T07:40:54.261158+00:00
VHG3993,Evening,operations,2,2026-06-05T07:40:54.261158+00:00
VJB1699,Evening,operations,0,2026-06-05T07:40:54.261158+00:00
VKM1515,Evening,operations,0,2026-06-05T07:40:54.261158+00:00
VON3443,Evening,operations,0,2026-06-05T07:40:54.261158+00:00
VRB3401,Evening,operations,2,2026-06-05T07:40:54.261158+00:00
VTK2978,Evening,operations,1,2026-06-05T07:40:54.261158+00:00
VWB0990,Evening,operations,2,2026-06-05T07:40:54.261158+00:00
WAW0422,Evening,operations,0,2026-06-05T07:40:54.261158+00:00
WBE0967,Evening,operations,0,2026-06-05T07:40:54.261158+00:00
WBL2852,Evening,operations,0,2026-06-05T07:40:54.261158+00:00
WEV2867,Evening,operations,0,2026-06-05T07:40:54.261158+00:00
WHL3282,Evening,operations,2,2026-06-05T07:40:54.261158+00:00
WKF3444,Evening,operations,2,2026-06-05T07:40:54.261158+00:00
WMA2016,Evening,operations,0,2026-06-05T07:40:54.261158+00:00
WRM2803,Evening,operations,2,2026-06-05T07:40:54.261158+00:00
WSM2798,Evening,operations,0,2026-06-05T07:40:54.261158+00:00
WXM3698,Evening,operations,0,2026-06-05T07:40:54.261158+00:00
WYC3397,Evening,operations,0,2026-06-05T07:40:54.261158+00:00
WZR3948,Evening,operations,0,2026-06-05T07:40:54.261158+00:00
XAB3746,Evening,operations,0,2026-06-05T07:40:54.261158+00:00
XAL2816,Evening,operations,2,2026-06-05T07:40:54.261158+00:00
XFL1583,Evening,operations,0,2026-06-05T07:40:54.261158+00:00
XGB1528,Evening,operations,0,2026-06-05T07:40:54.261158+00:00
XSF3982,Evening,operations,2,2026-06-05T07:40:54.261158+00:00
XTB2372,Evening,operations,2,2026-06-05T07:40:54.261158+00:00
XTB3322,Evening,operations,0,2026-06-05T07:40:54.261158+00:00
YBP3978,Evening,operations,0,2026-06-05T07:40:54.261158+00:00
YHB2355,Evening,operations,2,2026-06-05T07:40:54.261158+00:00
YNW2855,Evening,operations,2,2026-06-05T07:40:54.261158+00:00
YSC1691,Evening,operations,2,2026-06-05T07:40:54.261158+00:00
ZDH2905,Evening,operations,0,2026-06-05T07:40:54.261158+00:00
ZMB3686,Evening,operations,0,2026-06-05T07:40:54.261158+00:00
ZNE3451,Evening,operations,2,2026-06-05T07:40:54.261158+00:00
ZNG3404,Evening,operations,0,2026-06-05T07:40:54.261158+00:00
ZVB2656,Evening,operations,0,2026-06-05T07:40:54.261158+00:00
AAG3799,Evening,sales,2,2026-06-05T07:40:54.261158+00:00
AAS3428,Evening,sales,2,2026-06-05T07:40:54.261158+00:00
ABD3426,Evening,sales,2,2026-06-05T07:40:54.261158+00:00
ABM3772,Evening,sales,2,2026-06-05T07:40:54.261158+00:00
ABM3776,Evening,sales,1,2026-06-05T07:40:54.261158+00:00
ACL2943,Evening,sales,1,2026-06-05T07:40:54.261158+00:00
ACM2278,Evening,sales,1,2026-06-05T07:40:54.261158+00:00
ADM0923,Evening,sales,2,2026-06-05T07:40:54.261158+00:00
ADS2950,Evening,sales,2,2026-06-05T07:40:54.261158+00:00
AFK3800,Evening,sales,1,2026-06-05T07:40:54.261158+00:00
AGM3372,Evening,sales,1,2026-06-05T07:40:54.261158+00:00
AGW1590,Evening,sales,0,2026-06-05T07:40:54.261158+00:00
AHM0959,Evening,sales,1,2026-06-05T07:40:54.261158+00:00
AIB3416,Evening,sales,1,2026-06-05T07:40:54.261158+00:00
AIJ0383,Evening,sales,1,2026-06-05T07:40:54.261158+00:00
AKC3739,Evening,sales,2,2026-06-05T07:40:54.261158+00:00
ALP2955,Evening,sales,1,2026-06-05T07:40:54.261158+00:00
ALS3440,Evening,sales,2,2026-06-05T07:40:54.261158+00:00
AMN0911,Evening,sales,2,2026-06-05T07:40:54.261158+00:00
APD0381,Evening,sales,1,2026-06-05T07:40:54.261158+00:00
ARH2262,Evening,sales,1,2026-06-05T07:40:54.261158+00:00
ARJ0912,Evening,sales,1,2026-06-05T07:40:54.261158+00:00
ASM3771,Evening,sales,1,2026-06-05T07:40:54.261158+00:00
ASP2895,Evening,sales,2,2026-06-05T07:40:54.261158+00:00
AVC2328,Evening,sales,1,2026-06-05T07:40:54.261158+00:00
AVS2317,Evening,sales,1,2026-06-05T07:40:54.261158+00:00
AWB2282,Evening,sales,1,2026-06-05T07:40:54.261158+00:00
BAC3730,Evening,sales,1,2026-06-05T07:40:54.261158+00:00
BAR3420,Evening,sales,1,2026-06-05T07:40:54.261158+00:00
BBC3733,Evening,sales,1,2026-06-05T07:40:54.261158+00:00
BBH3779,Evening,sales,1,2026-06-05T07:40:54.261158+00:00
BCB0909,Evening,sales,2,2026-06-05T07:40:54.261158+00:00
BCH1656,Evening,sales,1,2026-06-05T07:40:54.261158+00:00
BCM3794,Evening,sales,1,2026-06-05T07:40:54.261158+00:00
BCO2338,Evening,sales,1,2026-06-05T07:40:54.261158+00:00
BCS1604,Evening,sales,0,2026-06-05T07:40:54.261158+00:00
BJC3423,Evening,sales,2,2026-06-05T07:40:54.261158+00:00
BMF2337,Evening,sales,2,2026-06-05T07:40:54.261158+00:00
BMR1662,Evening,sales,2,2026-06-05T07:40:54.261158+00:00
BMS0925,Evening,sales,2,2026-06-05T07:40:54.261158+00:00
BNB3370,Evening,sales,1,2026-06-05T07:40:54.261158+00:00
BNL1652,Evening,sales,1,2026-06-05T07:40:54.261158+00:00
BRR2899,Evening,sales,1,2026-06-05T07:40:54.261158+00:00
BRW0963,Evening,sales,0,2026-06-05T07:40:54.261158+00:00
BSS2956,Evening,sales,2,2026-06-05T07:40:54.261158+00:00
BVB1673,Evening,sales,1,2026-06-05T07:40:54.261158+00:00
BWM2339,Evening,sales,2,2026-06-05T07:40:54.261158+00:00
BYF3784,Evening,sales,2,2026-06-05T07:40:54.261158+00:00
CAG1644,Evening,sales,1,2026-06-05T07:40:54.261158+00:00
CAR2900,Evening,sales,1,2026-06-05T07:40:54.261158+00:00
CBC0952,Evening,sales,1,2026-06-05T07:40:54.261158+00:00
CBG2875,Evening,sales,2,2026-06-05T07:40:54.261158+00:00
CBH0413,Evening,sales,1,2026-06-05T07:40:54.261158+00:00
CBJ3719,Evening,sales,1,2026-06-05T07:40:54.261158+00:00
CBM0410,Evening,sales,0,2026-06-05T07:40:54.261158+00:00
CBS0951,Evening,sales,0,2026-06-05T07:40:54.261158+00:00
CDB2947,Evening,sales,2,2026-06-05T07:40:54.261158+00:00
CDC3413,Evening,sales,2,2026-06-05T07:40:54.261158+00:00
CDP2892,Evening,sales,2,2026-06-05T07:40:54.261158+00:00
CEB3714,Evening,sales,2,2026-06-05T07:40:54.261158+00:00
CET3786,Evening,sales,2,2026-06-05T07:40:54.261158+00:00
CFP3418,Evening,sales,1,2026-06-05T07:40:54.261158+00:00
CHH2272,Evening,sales,1,2026-06-05T07:40:54.261158+00:00
CHL3430,Evening,sales,1,2026-06-05T07:40:54.261158+00:00
CHS2323,Evening,sales,2,2026-06-05T07:40:54.261158+00:00
CHW2893,Evening,sales,2,2026-06-05T07:40:54.261158+00:00
CID3774,Evening,sales,1,2026-06-05T07:40:54.261158+00:00
CIY1654,Evening,sales,2,2026-06-05T07:40:54.261158+00:00
CJH0382,Evening,sales,2,2026-06-05T07:40:54.261158+00:00
CJH2330,Evening,sales,2,2026-06-05T07:40:54.261158+00:00
CJM2961,Evening,sales,1,2026-06-05T07:40:54.261158+00:00
CJY2951,Evening,sales,1,2026-06-05T07:40:54.261158+00:00
CMH2342,Evening,sales,2,2026-06-05T07:40:54.261158+00:00
CMP2946,Evening,sales,2,2026-06-05T07:40:54.261158+00:00
CMS2897,Evening,sales,2,2026-06-05T07:40:54.261158+00:00
CQS2883,Evening,sales,2,2026-06-05T07:40:54.261158+00:00
CRT2273,Evening,sales,2,2026-06-05T07:40:54.261158+00:00
CSB1660,Evening,sales,2,2026-06-05T07:40:54.261158+00:00
CSP3434,Evening,sales,1,2026-06-05T07:40:54.261158+00:00
CTH0915,Evening,sales,2,2026-06-05T07:40:54.261158+00:00
CTK0947,Evening,sales,1,2026-06-05T07:40:54.261158+00:00
CUM2335,Evening,sales,2,2026-06-05T07:40:54.261158+00:00
CXK3433,Evening,sales,2,2026-06-05T07:40:54.261158+00:00
CZB3718,Evening,sales,2,2026-06-05T07:40:54.261158+00:00
DAM2954,Evening,sales,1,2026-06-05T07:40:54.261158+00:00
DAM3359,Evening,sales,1,2026-06-05T07:40:54.261158+00:00
DAS3775,Evening,sales,1,2026-06-05T07:40:54.261158+00:00
DBG3727,Evening,sales,1,2026-06-05T07:40:54.261158+00:00
DDF2937,Evening,sales,2,2026-06-05T07:40:54.261158+00:00
DDW3361,Evening,sales,2,2026-06-05T07:40:54.261158+00:00
DEL0913,Evening,sales,1,2026-06-05T07:40:54.261158+00:00
DGG3429,Evening,sales,1,2026-06-05T07:40:54.261158+00:00
DGN3358,Evening,sales,2,2026-06-05T07:40:54.261158+00:00
DHG0962,Evening,sales,1,2026-06-05T07:40:54.261158+00:00
DJF2329,Evening,sales,1,2026-06-05T07:40:54.261158+00:00
DKW1659,Evening,sales,2,2026-06-05T07:40:54.261158+00:00
DLC2903,Evening,sales,1,2026-06-05T07:40:54.261158+00:00
DPC3722,Evening,sales,1,2026-06-05T07:40:54.261158+00:00
DPF3360,Evening,sales,1,2026-06-05T07:40:54.261158+00:00
DSR3787,Evening,sales,2,2026-06-05T07:40:54.261158+00:00
DTL2891,Evening,sales,2,2026-06-05T07:40:54.261158+00:00
DWB3415,Evening,sales,1,2026-06-05T07:40:54.261158+00:00
DWF2268,Evening,sales,2,2026-06-05T07:40:54.261158+00:00
EAH1653,Evening,sales,1,2026-06-05T07:40:54.261158+00:00
EAH2882,Evening,sales,2,2026-06-05T07:40:54.261158+00:00
ECS3353,Evening,sales,1,2026-06-05T07:40:54.261158+00:00
EEH0965,Evening,sales,1,2026-06-05T07:40:54.261158+00:00
EGG3374,Evening,sales,1,2026-06-05T07:40:54.261158+00:00
EJG1655,Evening,sales,1,2026-06-05T07:40:54.261158+00:00
EJP2315,Evening,sales,2,2026-06-05T07:40:54.261158+00:00
EKS3724,Evening,sales,2,2026-06-05T07:40:54.261158+00:00
ENM2269,Evening,sales,2,2026-06-05T07:40:54.261158+00:00
ESB2888,Evening,sales,1,2026-06-05T07:40:54.261158+00:00
ETB0950,Evening,sales,1,2026-06-05T07:40:54.261158+00:00
FBD2277,Evening,sales,1,2026-06-05T07:40:54.261158+00:00
FBM3728,Evening,sales,1,2026-06-05T07:40:54.261158+00:00
FCM3792,Evening,sales,1,2026-06-05T07:40:54.261158+00:00
FFP2270,Evening,sales,2,2026-06-05T07:40:54.261158+00:00
FMR0920,Evening,sales,1,2026-06-05T07:40:54.261158+00:00
FRM3431,Evening,sales,1,2026-06-05T07:40:54.261158+00:00
FTF1665,Evening,sales,1,2026-06-05T07:40:54.261158+00:00
GAN1584,Evening,sales,0,2026-06-05T07:40:54.261158+00:00
GBC0907,Evening,sales,2,2026-06-05T07:40:54.261158+00:00
GDB2960,Evening,sales,2,2026-06-05T07:40:54.261158+00:00
GGM3737,Evening,sales,2,2026-06-05T07:40:54.261158+00:00
GIS1668,Evening,sales,2,2026-06-05T07:40:54.261158+00:00
GIT2266,Evening,sales,1,2026-06-05T07:40:54.261158+00:00
GJS3352,Evening,sales,2,2026-06-05T07:40:54.261158+00:00
GKG3414,Evening,sales,1,2026-06-05T07:40:54.261158+00:00
GMC0953,Evening,sales,1,2026-06-05T07:40:54.261158+00:00
GRL2886,Evening,sales,2,2026-06-05T07:40:54.261158+00:00
GRM3793,Evening,sales,2,2026-06-05T07:40:54.261158+00:00
GTH3729,Evening,sales,1,2026-06-05T07:40:54.261158+00:00
GWW3788,Evening,sales,1,2026-06-05T07:40:54.261158+00:00
HAP3738,Evening,sales,2,2026-06-05T07:40:54.261158+00:00
HCM2945,Evening,sales,1,2026-06-05T07:40:54.261158+00:00
HDB1666,Evening,sales,2,2026-06-05T07:40:54.261158+00:00
HGD1664,Evening,sales,2,2026-06-05T07:40:54.261158+00:00
HHS3357,Evening,sales,1,2026-06-05T07:40:54.261158+00:00
HJD3439,Evening,sales,2,2026-06-05T07:40:54.261158+00:00
HKR2901,Evening,sales,1,2026-06-05T07:40:54.261158+00:00
HMS3795,Evening,sales,1,2026-06-05T07:40:54.261158+00:00
HMV2340,Evening,sales,1,2026-06-05T07:40:54.261158+00:00
HYV1658,Evening,sales,2,2026-06-05T07:40:54.261158+00:00
IBC0377,Evening,sales,2,2026-06-05T07:40:54.261158+00:00
IDH2939,Evening,sales,1,2026-06-05T07:40:54.261158+00:00
IFC0958,Evening,sales,1,2026-06-05T07:40:54.261158+00:00
IGP2254,Evening,sales,2,2026-06-05T07:40:54.261158+00:00
IJM3356,Evening,sales,2,2026-06-05T07:40:54.261158+00:00
IKT0917,Evening,sales,2,2026-06-05T07:40:54.261158+00:00
IMP0960,Evening,sales,1,2026-06-05T07:40:54.261158+00:00
IPS0385,Evening,sales,1,2026-06-05T07:40:54.261158+00:00
ISS0949,Evening,sales,1,2026-06-05T07:40:54.261158+00:00
IUT3421,Evening,sales,1,2026-06-05T07:40:54.261158+00:00
JCH2963,Evening,sales,1,2026-06-05T07:40:54.261158+00:00
JCS0380,Evening,sales,1,2026-06-05T07:40:54.261158+00:00
JDB0956,Evening,sales,1,2026-06-05T07:40:54.261158+00:00
JDC3713,Evening,sales,2,2026-06-05T07:40:54.261158+00:00
JEL2887,Evening,sales,2,2026-06-05T07:40:54.261158+00:00
JFB0961,Evening,sales,1,2026-06-05T07:40:54.261158+00:00
JGR2327,Evening,sales,2,2026-06-05T07:40:54.261158+00:00
JJB1598,Evening,sales,0,2026-06-05T07:40:54.261158+00:00
JJH2332,Evening,sales,1,2026-06-05T07:40:54.261158+00:00
JJM3791,Evening,sales,2,2026-06-05T07:40:54.261158+00:00
JLG2952,Evening,sales,1,2026-06-05T07:40:54.261158+00:00
JMB1651,Evening,sales,2,2026-06-05T07:40:54.261158+00:00
JMF3362,Evening,sales,1,2026-06-05T07:40:54.261158+00:00
JMG3365,Evening,sales,2,2026-06-05T07:40:54.261158+00:00
JMR3367,Evening,sales,1,2026-06-05T07:40:54.261158+00:00
JNR2260,Evening,sales,1,2026-06-05T07:40:54.261158+00:00
JRF3424,Evening,sales,2,2026-06-05T07:40:54.261158+00:00
JRJ0919,Evening,sales,1,2026-06-05T07:40:54.261158+00:00
JSB2942,Evening,sales,1,2026-06-05T07:40:54.261158+00:00
JSG3377,Evening,sales,2,2026-06-05T07:40:54.261158+00:00
JUH3378,Evening,sales,2,2026-06-05T07:40:54.261158+00:00
JVZ3437,Evening,sales,1,2026-06-05T07:40:54.261158+00:00
JZE2902,Evening,sales,1,2026-06-05T07:40:54.261158+00:00
KAA2259,Evening,sales,1,2026-06-05T07:40:54.261158+00:00
KBM3734,Evening,sales,2,2026-06-05T07:40:54.261158+00:00
KBP0384,Evening,sales,2,2026-06-05T07:40:54.261158+00:00
KDT3773,Evening,sales,2,2026-06-05T07:40:54.261158+00:00
KEM2934,Evening,sales,2,2026-06-05T07:40:54.261158+00:00
KFB2257,Evening,sales,1,2026-06-05T07:40:54.261158+00:00
KIC2314,Evening,sales,1,2026-06-05T07:40:54.261158+00:00
KIG1594,Evening,sales,0,2026-06-05T07:40:54.261158+00:00
KKH2324,Evening,sales,2,2026-06-05T07:40:54.261158+00:00
KKS3790,Evening,sales,1,2026-06-05T07:40:54.261158+00:00
KLC3364,Evening,sales,1,2026-06-05T07:40:54.261158+00:00
KLD2255,Evening,sales,1,2026-06-05T07:40:54.261158+00:00
KMB3781,Evening,sales,1,2026-06-05T07:40:54.261158+00:00
KMS0954,Evening,sales,1,2026-06-05T07:40:54.261158+00:00
KNL0918,Evening,sales,1,2026-06-05T07:40:54.261158+00:00
KNS3380,Evening,sales,1,2026-06-05T07:40:54.261158+00:00
KOE0908,Evening,sales,2,2026-06-05T07:40:54.261158+00:00
KPN3783,Evening,sales,1,2026-06-05T07:40:54.261158+00:00
KPP2253,Evening,sales,1,2026-06-05T07:40:54.261158+00:00
KRC2935,Evening,sales,2,2026-06-05T07:40:54.261158+00:00
KSD1646,Evening,sales,1,2026-06-05T07:40:54.261158+00:00
KST0924,Evening,sales,1,2026-06-05T07:40:54.261158+00:00
KSV2881,Evening,sales,1,2026-06-05T07:40:54.261158+00:00
KTL3785,Evening,sales,1,2026-06-05T07:40:54.261158+00:00
KVA2944,Evening,sales,1,2026-06-05T07:40:54.261158+00:00
LBG1670,Evening,sales,1,2026-06-05T07:40:54.261158+00:00
LIW0379,Evening,sales,2,2026-06-05T07:40:54.261158+00:00
LKB2322,Evening,sales,1,2026-06-05T07:40:54.261158+00:00
LLG2958,Evening,sales,2,2026-06-05T07:40:54.261158+00:00
LMM3366,Evening,sales,1,2026-06-05T07:40:54.261158+00:00
LMW2320,Evening,sales,1,2026-06-05T07:40:54.261158+00:00
LOC0416,Evening,sales,1,2026-06-05T07:40:54.261158+00:00
LQC3780,Evening,sales,1,2026-06-05T07:40:54.261158+00:00
LSM0408,Evening,sales,1,2026-06-05T07:40:54.261158+00:00
LSN1672,Evening,sales,1,2026-06-05T07:40:54.261158+00:00
LYB3419,Evening,sales,2,2026-06-05T07:40:54.261158+00:00
MAC2962,Evening,sales,2,2026-06-05T07:40:54.261158+00:00
MBH3427,Evening,sales,1,2026-06-05T07:40:54.261158+00:00
MCH3354,Evening,sales,2,2026-06-05T07:40:54.261158+00:00
MFD2890,Evening,sales,2,2026-06-05T07:40:54.261158+00:00
MIC2325,Evening,sales,2,2026-06-05T07:40:54.261158+00:00
MJS3720,Evening,sales,1,2026-06-05T07:40:54.261158+00:00
MKN3375,Evening,sales,1,2026-06-05T07:40:54.261158+00:00
MKR2258,Evening,sales,2,2026-06-05T07:40:54.261158+00:00
MLF2319,Evening,sales,2,2026-06-05T07:40:54.261158+00:00
MLV3376,Evening,sales,2,2026-06-05T07:40:54.261158+00:00
MMH2878,Evening,sales,1,2026-06-05T07:40:54.261158+00:00
MMJ3368,Evening,sales,1,2026-06-05T07:40:54.261158+00:00
MNP0955,Evening,sales,1,2026-06-05T07:40:54.261158+00:00
MNT0922,Evening,sales,2,2026-06-05T07:40:54.261158+00:00
MNW2267,Evening,sales,2,2026-06-05T07:40:54.261158+00:00
MQR1657,Evening,sales,2,2026-06-05T07:40:54.261158+00:00
MRE3723,Evening,sales,1,2026-06-05T07:40:54.261158+00:00
MRS0409,Evening,sales,1,2026-06-05T07:40:54.261158+00:00
MXR3432,Evening,sales,2,2026-06-05T07:40:54.261158+00:00
MYW0914,Evening,sales,1,2026-06-05T07:40:54.261158+00:00
MZG2261,Evening,sales,1,2026-06-05T07:40:54.261158+00:00
NBR3731,Evening,sales,2,2026-06-05T07:40:54.261158+00:00
NCM3725,Evening,sales,2,2026-06-05T07:40:54.261158+00:00
NCS3715,Evening,sales,1,2026-06-05T07:40:54.261158+00:00
NDC0948,Evening,sales,1,2026-06-05T07:40:54.261158+00:00
NDK3436,Evening,sales,2,2026-06-05T07:40:54.261158+00:00
NEH3435,Evening,sales,1,2026-06-05T07:40:54.261158+00:00
NGR2884,Evening,sales,1,2026-06-05T07:40:54.261158+00:00
NGW2341,Evening,sales,1,2026-06-05T07:40:54.261158+00:00
NHP0412,Evening,sales,1,2026-06-05T07:40:54.261158+00:00
NRN2936,Evening,sales,1,2026-06-05T07:40:54.261158+00:00
NVH3726,Evening,sales,2,2026-06-05T07:40:54.261158+00:00
NWH2896,Evening,sales,2,2026-06-05T07:40:54.261158+00:00
NWV0966,Evening,sales,3,2026-06-05T07:40:54.261158+00:00
OEJ1648,Evening,sales,2,2026-06-05T07:40:54.261158+00:00
OHD2274,Evening,sales,2,2026-06-05T07:40:54.261158+00:00
OHG3736,Evening,sales,2,2026-06-05T07:40:54.261158+00:00
OKH3777,Evening,sales,1,2026-06-05T07:40:54.261158+00:00
OMP1671,Evening,sales,2,2026-06-05T07:40:54.261158+00:00
ORB2880,Evening,sales,1,2026-06-05T07:40:54.261158+00:00
PDJ3711,Evening,sales,2,2026-06-05T07:40:54.261158+00:00
PGS3797,Evening,sales,1,2026-06-05T07:40:54.261158+00:00
PLH0411,Evening,sales,1,2026-06-05T07:40:54.261158+00:00
PMT2264,Evening,sales,1,2026-06-05T07:40:54.261158+00:00
PPG2889,Evening,sales,2,2026-06-05T07:40:54.261158+00:00
QIS2940,Evening,sales,1,2026-06-05T07:40:54.261158+00:00
QNC3717,Evening,sales,1,2026-06-05T07:40:54.261158+00:00
RAF3369,Evening,sales,1,2026-06-05T07:40:54.261158+00:00
RCH3740,Evening,sales,1,2026-06-05T07:40:54.261158+00:00
RDB1645,Evening,sales,2,2026-06-05T07:40:54.261158+00:00
RDC0378,Evening,sales,2,2026-06-05T07:40:54.261158+00:00
RDW0957,Evening,sales,1,2026-06-05T07:40:54.261158+00:00
REL3735,Evening,sales,1,2026-06-05T07:40:54.261158+00:00
RFB2959,Evening,sales,1,2026-06-05T07:40:54.261158+00:00
RHG1647,Evening,sales,2,2026-06-05T07:40:54.261158+00:00
RIE2876,Evening,sales,1,2026-06-05T07:40:54.261158+00:00
RJH3796,Evening,sales,1,2026-06-05T07:40:54.261158+00:00
RJW2318,Evening,sales,1,2026-06-05T07:40:54.261158+00:00
RKH2877,Evening,sales,1,2026-06-05T07:40:54.261158+00:00
RKJ3379,Evening,sales,1,2026-06-05T07:40:54.261158+00:00
RMB2275,Evening,sales,1,2026-06-05T07:40:54.261158+00:00
RNC3417,Evening,sales,1,2026-06-05T07:40:54.261158+00:00
ROH3778,Evening,sales,1,2026-06-05T07:40:54.261158+00:00
RPH2326,Evening,sales,1,2026-06-05T07:40:54.261158+00:00
RRM3789,Evening,sales,1,2026-06-05T07:40:54.261158+00:00
RSA2941,Evening,sales,1,2026-06-05T07:40:54.261158+00:00
RXN2265,Evening,sales,1,2026-06-05T07:40:54.261158+00:00
SAM3782,Evening,sales,1,2026-06-05T07:40:54.261158+00:00
SBT2281,Evening,sales,1,2026-06-05T07:40:54.261158+00:00
SCD2333,Evening,sales,2,2026-06-05T07:40:54.261158+00:00
SCH3716,Evening,sales,1,2026-06-05T07:40:54.261158+00:00
SCJ2279,Evening,sales,2,2026-06-05T07:40:54.261158+00:00
SFC2336,Evening,sales,2,2026-06-05T07:40:54.261158+00:00
SIM3373,Evening,sales,1,2026-06-05T07:40:54.261158+00:00
SJF3798,Evening,sales,2,2026-06-05T07:40:54.261158+00:00
SJL3355,Evening,sales,1,2026-06-05T07:40:54.261158+00:00
SJY3732,Evening,sales,2,2026-06-05T07:40:54.261158+00:00
SMC2898,Evening,sales,1,2026-06-05T07:40:54.261158+00:00
SPP2313,Evening,sales,1,2026-06-05T07:40:54.261158+00:00
SQC2334,Evening,sales,1,2026-06-05T07:40:54.261158+00:00
SRB2276,Evening,sales,1,2026-06-05T07:40:54.261158+00:00
SSH1649,Evening,sales,2,2026-06-05T07:40:54.261158+00:00
SSL2271,Evening,sales,2,2026-06-05T07:40:54.261158+00:00
SST1661,Evening,sales,2,2026-06-05T07:40:54.261158+00:00
SXR0964,Evening,sales,1,2026-06-05T07:40:54.261158+00:00
SYF1650,Evening,sales,1,2026-06-05T07:40:54.261158+00:00
TAC3425,Evening,sales,1,2026-06-05T07:40:54.261158+00:00
TBC2256,Evening,sales,1,2026-06-05T07:40:54.261158+00:00
TGH3351,Evening,sales,2,2026-06-05T07:40:54.261158+00:00
THF2879,Evening,sales,1,2026-06-05T07:40:54.261158+00:00
THR3371,Evening,sales,2,2026-06-05T07:40:54.261158+00:00
TJT3412,Evening,sales,1,2026-06-05T07:40:54.261158+00:00
TOS3712,Evening,sales,2,2026-06-05T07:40:54.261158+00:00
TPF1663,Evening,sales,2,2026-06-05T07:40:54.261158+00:00
TSD2948,Evening,sales,2,2026-06-05T07:40:54.261158+00:00
TZG2263,Evening,sales,2,2026-06-05T07:40:54.261158+00:00
UMF2894,Evening,sales,2,2026-06-05T07:40:54.261158+00:00
UOM3363,Evening,sales,2,2026-06-05T07:40:54.261158+00:00
URC2874,Evening,sales,2,2026-06-05T07:40:54.261158+00:00
VHM2280,Evening,sales,1,2026-06-05T07:40:54.261158+00:00
VKM2949,Evening,sales,2,2026-06-05T07:40:54.261158+00:00
VND1667,Evening,sales,2,2026-06-05T07:40:54.261158+00:00
VNG0916,Evening,sales,2,2026-06-05T07:40:54.261158+00:00
WAF3438,Evening,sales,1,2026-06-05T07:40:54.261158+00:00
WBB2321,Evening,sales,1,2026-06-05T07:40:54.261158+00:00
WDH0910,Evening,sales,1,2026-06-05T07:40:54.261158+00:00
WEC3721,Evening,sales,1,2026-06-05T07:40:54.261158+00:00
WFN0926,Evening,sales,1,2026-06-05T07:40:54.261158+00:00
WHH2938,Evening,sales,1,2026-06-05T07:40:54.261158+00:00
WRW2331,Evening,sales,2,2026-06-05T07:40:54.261158+00:00
WTG3411,Evening,sales,2,2026-06-05T07:40:54.261158+00:00
WVM1669,Evening,sales,2,2026-06-05T07:40:54.261158+00:00
XAL0414,Evening,sales,1,2026-06-05T07:40:54.261158+00:00
XCG2316,Evening,sales,1,2026-06-05T07:40:54.261158+00:00
XWM0415,Evening,sales,1,2026-06-05T07:40:54.261158+00:00
YCA2885,Evening,sales,1,2026-06-05T07:40:54.261158+00:00
YMB2953,Evening,sales,1,2026-06-05T07:40:54.261158+00:00
ZBH3422,Evening,sales,1,2026-06-05T07:40:54.261158+00:00
ZGP2957,Evening,sales,2,2026-06-05T07:40:54.261158+00:00
ZNA0921,Evening,sales,1,2026-06-05T07:40:54.261158+00:00
AAH0721,Evening,research,1,2026-06-05T07:40:54.261158+00:00
AAP0352,Evening,research,1,2026-06-05T07:40:54.261158+00:00
AAS0144,Evening,research,1,2026-06-05T07:40:54.261158+00:00
ABH2671,Evening,research,1,2026-06-05T07:40:54.261158+00:00
ACB3123,Evening,research,0,2026-06-05T07:40:54.261158+00:00
ACH1910,Evening,research,2,2026-06-05T07:40:54.261158+00:00
AGL3519,Evening,research,1,2026-06-05T07:40:54.261158+00:00
AIC1071,Evening,research,1,2026-06-05T07:40:54.261158+00:00
AJC0722,Evening,research,1,2026-06-05T07:40:54.261158+00:00
AJH3517,Evening,research,1,2026-06-05T07:40:54.261158+00:00
AJS3899,Evening,research,2,2026-06-05T07:40:54.261158+00:00
ALD3508,Evening,research,2,2026-06-05T07:40:54.261158+00:00
ALS2669,Evening,research,1,2026-06-05T07:40:54.261158+00:00
AMM3906,Evening,research,1,2026-06-05T07:40:54.261158+00:00
APA1788,Evening,research,2,2026-06-05T07:40:54.261158+00:00
APS3553,Evening,research,2,2026-06-05T07:40:54.261158+00:00
ARG3554,Evening,research,1,2026-06-05T07:40:54.261158+00:00
ARL2672,Evening,research,1,2026-06-05T07:40:54.261158+00:00
ARS3506,Evening,research,2,2026-06-05T07:40:54.261158+00:00
ASH0142,Evening,research,2,2026-06-05T07:40:54.261158+00:00
ASK0599,Evening,research,1,2026-06-05T07:40:54.261158+00:00
ATC0218,Evening,research,1,2026-06-05T07:40:54.261158+00:00
ATH0720,Evening,research,1,2026-06-05T07:40:54.261158+00:00
ATR2560,Evening,research,1,2026-06-05T07:40:54.261158+00:00
AVH3584,Evening,research,1,2026-06-05T07:40:54.261158+00:00
AYP3586,Evening,research,2,2026-06-05T07:40:54.261158+00:00
BBH3587,Evening,research,2,2026-06-05T07:40:54.261158+00:00
BBW0594,Evening,research,2,2026-06-05T07:40:54.261158+00:00
BCB2676,Evening,research,1,2026-06-05T07:40:54.261158+00:00
BDA1906,Evening,research,2,2026-06-05T07:40:54.261158+00:00
BDH0472,Evening,research,1,2026-06-05T07:40:54.261158+00:00
BDL1065,Evening,research,1,2026-06-05T07:40:54.261158+00:00
BHD0598,Evening,research,2,2026-06-05T07:40:54.261158+00:00
BHS1917,Evening,research,2,2026-06-05T07:40:54.261158+00:00
BLL3585,Evening,research,2,2026-06-05T07:40:54.261158+00:00
BMH1069,Evening,research,2,2026-06-05T07:40:54.261158+00:00
BNH3516,Evening,research,2,2026-06-05T07:40:54.261158+00:00
BQW1904,Evening,research,2,2026-06-05T07:40:54.261158+00:00
BRM0143,Evening,research,1,2026-06-05T07:40:54.261158+00:00
BRW3552,Evening,research,2,2026-06-05T07:40:54.261158+00:00
BSS3551,Evening,research,2,2026-06-05T07:40:54.261158+00:00
BXT2678,Evening,research,1,2026-06-05T07:40:54.261158+00:00
CBG1074,Evening,research,2,2026-06-05T07:40:54.261158+00:00
CCW3901,Evening,research,2,2026-06-05T07:40:54.261158+00:00
CHH3583,Evening,research,1,2026-06-05T07:40:54.261158+00:00
CJM3543,Evening,research,2,2026-06-05T07:40:54.261158+00:00
CKB0596,Evening,research,2,2026-06-05T07:40:54.261158+00:00
CMM1068,Evening,research,1,2026-06-05T07:40:54.261158+00:00
CRC0595,Evening,research,1,2026-06-05T07:40:54.261158+00:00
CRP1915,Evening,research,2,2026-06-05T07:40:54.261158+00:00
CSM1212,Evening,research,2,2026-06-05T07:40:54.261158+00:00
CWA2554,Evening,research,1,2026-06-05T07:40:54.261158+00:00
DAD1785,Evening,research,1,2026-06-05T07:40:54.261158+00:00
DBC1073,Evening,research,2,2026-06-05T07:40:54.261158+00:00
DBF3582,Evening,research,2,2026-06-05T07:40:54.261158+00:00
DBG0477,Evening,research,2,2026-06-05T07:40:54.261158+00:00
DBT0141,Evening,research,2,2026-06-05T07:40:54.261158+00:00
DLG2673,Evening,research,1,2026-06-05T07:40:54.261158+00:00
DNB3545,Evening,research,2,2026-06-05T07:40:54.261158+00:00
DNM3903,Evening,research,2,2026-06-05T07:40:54.261158+00:00
DRB1780,Evening,research,1,2026-06-05T07:40:54.261158+00:00
DRW1207,Evening,research,1,2026-06-05T07:40:54.261158+00:00
DSF2557,Evening,research,1,2026-06-05T07:40:54.261158+00:00
DTC2566,Evening,research,2,2026-06-05T07:40:54.261158+00:00
DTW3549,Evening,research,1,2026-06-05T07:40:54.261158+00:00
EAH3550,Evening,research,1,2026-06-05T07:40:54.261158+00:00
EAL3873,Evening,research,0,2026-06-05T07:40:54.261158+00:00
EBD2562,Evening,research,2,2026-06-05T07:40:54.261158+00:00
EID1076,Evening,research,1,2026-06-05T07:40:54.261158+00:00
EIH0064,Evening,research,2,2026-06-05T07:40:54.261158+00:00
EJL1075,Evening,research,2,2026-06-05T07:40:54.261158+00:00
EMR3880,Evening,research,2,2026-06-05T07:40:54.261158+00:00
EPC3889,Evening,research,1,2026-06-05T07:40:54.261158+00:00
EPM3878,Evening,research,2,2026-06-05T07:40:54.261158+00:00
ERG3905,Evening,research,2,2026-06-05T07:40:54.261158+00:00
EZB3892,Evening,research,2,2026-06-05T07:40:54.261158+00:00
FBY1064,Evening,research,1,2026-06-05T07:40:54.261158+00:00
FDD3893,Evening,research,2,2026-06-05T07:40:54.261158+00:00
GAB1206,Evening,research,2,2026-06-05T07:40:54.261158+00:00
GAP0715,Evening,research,2,2026-06-05T07:40:54.261158+00:00
GCL1782,Evening,research,2,2026-06-05T07:40:54.261158+00:00
GDH3546,Evening,research,1,2026-06-05T07:40:54.261158+00:00
GDR1066,Evening,research,1,2026-06-05T07:40:54.261158+00:00
GJM0065,Evening,research,1,2026-06-05T07:40:54.261158+00:00
GLR3888,Evening,research,1,2026-06-05T07:40:54.261158+00:00
GMC1209,Evening,research,1,2026-06-05T07:40:54.261158+00:00
GMF1213,Evening,research,2,2026-06-05T07:40:54.261158+00:00
GNT0221,Evening,research,1,2026-06-05T07:40:54.261158+00:00
GNW3891,Evening,research,1,2026-06-05T07:40:54.261158+00:00
GPL1911,Evening,research,1,2026-06-05T07:40:54.261158+00:00
GUC0473,Evening,research,2,2026-06-05T07:40:54.261158+00:00
HAG3196,Evening,research,0,2026-06-05T07:40:54.261158+00:00
HAH3895,Evening,research,1,2026-06-05T07:40:54.261158+00:00
HJB0220,Evening,research,1,2026-06-05T07:40:54.261158+00:00
HKT1778,Evening,research,2,2026-06-05T07:40:54.261158+00:00
HMC0592,Evening,research,2,2026-06-05T07:40:54.261158+00:00
HNG1909,Evening,research,1,2026-06-05T07:40:54.261158+00:00
HQF1912,Evening,research,2,2026-06-05T07:40:54.261158+00:00
HRL2565,Evening,research,1,2026-06-05T07:40:54.261158+00:00
HWC3907,Evening,research,1,2026-06-05T07:40:54.261158+00:00
IAC3581,Evening,research,1,2026-06-05T07:40:54.261158+00:00
IBW1779,Evening,research,1,2026-06-05T07:40:54.261158+00:00
IDC2568,Evening,research,2,2026-06-05T07:40:54.261158+00:00
IDW1211,Evening,research,1,2026-06-05T07:40:54.261158+00:00
IEG3509,Evening,research,1,2026-06-05T07:40:54.261158+00:00
IGP1784,Evening,research,2,2026-06-05T07:40:54.261158+00:00
IJC3881,Evening,research,2,2026-06-05T07:40:54.261158+00:00
IKC1205,Evening,research,2,2026-06-05T07:40:54.261158+00:00
JAS1907,Evening,research,1,2026-06-05T07:40:54.261158+00:00
JBC1916,Evening,research,1,2026-06-05T07:40:54.261158+00:00
JBH2559,Evening,research,1,2026-06-05T07:40:54.261158+00:00
JCP3883,Evening,research,2,2026-06-05T07:40:54.261158+00:00
JEV3132,Evening,research,0,2026-06-05T07:40:54.261158+00:00
JFL2674,Evening,research,1,2026-06-05T07:40:54.261158+00:00
JGM3588,Evening,research,1,2026-06-05T07:40:54.261158+00:00
JHC3520,Evening,research,1,2026-06-05T07:40:54.261158+00:00
JHK3122,Evening,research,0,2026-06-05T07:40:54.261158+00:00
JIB1218,Evening,research,1,2026-06-05T07:40:54.261158+00:00
JJS3884,Evening,research,1,2026-06-05T07:40:54.261158+00:00
JLL1204,Evening,research,2,2026-06-05T07:40:54.261158+00:00
JSH1070,Evening,research,1,2026-06-05T07:40:54.261158+00:00
JSN1905,Evening,research,1,2026-06-05T07:40:54.261158+00:00
JTH0719,Evening,research,1,2026-06-05T07:40:54.261158+00:00
JTJ0597,Evening,research,2,2026-06-05T07:40:54.261158+00:00
KAL1210,Evening,research,1,2026-06-05T07:40:54.261158+00:00
KAS2029,Evening,research,0,2026-06-05T07:40:54.261158+00:00
KAW3589,Evening,research,2,2026-06-05T07:40:54.261158+00:00
KCR0468,Evening,research,1,2026-06-05T07:40:54.261158+00:00
KEM1208,Evening,research,2,2026-06-05T07:40:54.261158+00:00
KLG0439,Evening,research,1,2026-06-05T07:40:54.261158+00:00
KLM0714,Evening,research,1,2026-06-05T07:40:54.261158+00:00
KLM1357,Evening,research,3,2026-06-05T07:40:54.261158+00:00
KLP3864,Evening,research,0,2026-06-05T07:40:54.261158+00:00
KNH0316,Evening,research,1,2026-06-05T07:40:54.261158+00:00
KPS3882,Evening,research,2,2026-06-05T07:40:54.261158+00:00
KTC0474,Evening,research,2,2026-06-05T07:40:54.261158+00:00
KTW3547,Evening,research,2,2026-06-05T07:40:54.261158+00:00
LCF1216,Evening,research,2,2026-06-05T07:40:54.261158+00:00
LCH1789,Evening,research,1,2026-06-05T07:40:54.261158+00:00
LCW3879,Evening,research,1,2026-06-05T07:40:54.261158+00:00
LEM1913,Evening,research,1,2026-06-05T07:40:54.261158+00:00
LMB1077,Evening,research,2,2026-06-05T07:40:54.261158+00:00
LMJ1783,Evening,research,1,2026-06-05T07:40:54.261158+00:00
LVH1790,Evening,research,1,2026-06-05T07:40:54.261158+00:00
MAG2667,Evening,research,1,2026-06-05T07:40:54.261158+00:00
MBH0476,Evening,research,1,2026-06-05T07:40:54.261158+00:00
MBS3902,Evening,research,1,2026-06-05T07:40:54.261158+00:00
MCB0591,Evening,research,2,2026-06-05T07:40:54.261158+00:00
MCR3885,Evening,research,1,2026-06-05T07:40:54.261158+00:00
MCS1078,Evening,research,1,2026-06-05T07:40:54.261158+00:00
MCT1067,Evening,research,1,2026-06-05T07:40:54.261158+00:00
MDM3580,Evening,research,2,2026-06-05T07:40:54.261158+00:00
MEA3886,Evening,research,2,2026-06-05T07:40:54.261158+00:00
MJD0469,Evening,research,1,2026-06-05T07:40:54.261158+00:00
MLB1214,Evening,research,1,2026-06-05T07:40:54.261158+00:00
MNR1903,Evening,research,2,2026-06-05T07:40:54.261158+00:00
MOB1914,Evening,research,1,2026-06-05T07:40:54.261158+00:00
MQS3541,Evening,research,1,2026-06-05T07:40:54.261158+00:00
MTP2675,Evening,research,1,2026-06-05T07:40:54.261158+00:00
MVS1908,Evening,research,1,2026-06-05T07:40:54.261158+00:00
NCS3577,Evening,research,1,2026-06-05T07:40:54.261158+00:00
NGB0066,Evening,research,2,2026-06-05T07:40:54.261158+00:00
NMV2556,Evening,research,1,2026-06-05T07:40:54.261158+00:00
NNJ1215,Evening,research,1,2026-06-05T07:40:54.261158+00:00
OCD3513,Evening,research,2,2026-06-05T07:40:54.261158+00:00
OLR2564,Evening,research,1,2026-06-05T07:40:54.261158+00:00
OMB3507,Evening,research,2,2026-06-05T07:40:54.261158+00:00
OQL3890,Evening,research,1,2026-06-05T07:40:54.261158+00:00
OWC2563,Evening,research,1,2026-06-05T07:40:54.261158+00:00
PEC0475,Evening,research,1,2026-06-05T07:40:54.261158+00:00
QBH3579,Evening,research,1,2026-06-05T07:40:54.261158+00:00
QJA3887,Evening,research,1,2026-06-05T07:40:54.261158+00:00
RCH2447,Evening,research,0,2026-06-05T07:40:54.261158+00:00
REC2555,Evening,research,2,2026-06-05T07:40:54.261158+00:00
REJ2666,Evening,research,1,2026-06-05T07:40:54.261158+00:00
RJH0219,Evening,research,2,2026-06-05T07:40:54.261158+00:00
RJO1791,Evening,research,2,2026-06-05T07:40:54.261158+00:00
RKA2561,Evening,research,1,2026-06-05T07:40:54.261158+00:00
RLR0365,Evening,research,1,2026-06-05T07:40:54.261158+00:00
RMP3510,Evening,research,1,2026-06-05T07:40:54.261158+00:00
RPG0403,Evening,research,2,2026-06-05T07:40:54.261158+00:00
RRH3057,Evening,research,0,2026-06-05T07:40:54.261158+00:00
SAM2567,Evening,research,1,2026-06-05T07:40:54.261158+00:00
SBK3515,Evening,research,1,2026-06-05T07:40:54.261158+00:00
SCC0067,Evening,research,1,2026-06-05T07:40:54.261158+00:00
SES2670,Evening,research,1,2026-06-05T07:40:54.261158+00:00
SFE0723,Evening,research,1,2026-06-05T07:40:54.261158+00:00
SHB3512,Evening,research,2,2026-06-05T07:40:54.261158+00:00
SHT3548,Evening,research,2,2026-06-05T07:40:54.261158+00:00
SIS3576,Evening,research,2,2026-06-05T07:40:54.261158+00:00
SJC3900,Evening,research,2,2026-06-05T07:40:54.261158+00:00
SRH3590,Evening,research,2,2026-06-05T07:40:54.261158+00:00
SSM3894,Evening,research,1,2026-06-05T07:40:54.261158+00:00
STR3896,Evening,research,1,2026-06-05T07:40:54.261158+00:00
SUG0718,Evening,research,1,2026-06-05T07:40:54.261158+00:00
SXO3514,Evening,research,2,2026-06-05T07:40:54.261158+00:00
TAW2664,Evening,research,2,2026-06-05T07:40:54.261158+00:00
TEF3555,Evening,research,1,2026-06-05T07:40:54.261158+00:00
THM2665,Evening,research,1,2026-06-05T07:40:54.261158+00:00
TJB3511,Evening,research,1,2026-06-05T07:40:54.261158+00:00
TJS3067,Evening,research,0,2026-06-05T07:40:54.261158+00:00
TLW2668,Evening,research,1,2026-06-05T07:40:54.261158+00:00
TTB0471,Evening,research,1,2026-06-05T07:40:54.261158+00:00
TWF1072,Evening,research,1,2026-06-05T07:40:54.261158+00:00
TZM0716,Evening,research,1,2026-06-05T07:40:54.261158+00:00
USD0600,Evening,research,2,2026-06-05T07:40:54.261158+00:00
VDI1217,Evening,research,2,2026-06-05T07:40:54.261158+00:00
WBA1786,Evening,research,1,2026-06-05T07:40:54.261158+00:00
WDD2677,Evening,research,1,2026-06-05T07:40:54.261158+00:00
WEB3897,Evening,research,1,2026-06-05T07:40:54.261158+00:00
WJC0470,Evening,research,1,2026-06-05T07:40:54.261158+00:00
WJH0717,Evening,research,1,2026-06-05T07:40:54.261158+00:00
WJR3544,Evening,research,1,2026-06-05T07:40:54.261158+00:00
WKH1787,Evening,research,2,2026-06-05T07:40:54.261158+00:00
WMM3904,Evening,research,2,2026-06-05T07:40:54.261158+00:00
XCL1792,Evening,research,2,2026-06-05T07:40:54.261158+00:00
YDM3898,Evening,research,2,2026-06-05T07:40:54.261158+00:00
YFP2558,Evening,research,1,2026-06-05T07:40:54.261158+00:00
YHD0593,Evening,research,1,2026-06-05T07:40:54.261158+00:00
YKM3542,Evening,research,2,2026-06-05T07:40:54.261158+00:00
YYD3518,Evening,research,1,2026-06-05T07:40:54.261158+00:00
ZAR0404,Evening,research,2,2026-06-05T07:40:54.261158+00:00
ZCE3578,Evening,research,1,2026-06-05T07:40:54.261158+00:00
ZCM1781,Evening,research,1,2026-06-05T07:40:54.261158+00:00
AAM0138,Evening,admin_staff,0,2026-06-05T07:40:54.261158+00:00
ACS0128,Evening,admin_staff,0,2026-06-05T07:40:54.261158+00:00
ADB0350,Evening,admin_staff,0,2026-06-05T07:40:54.261158+00:00
AGC0445,Evening,admin_staff,1,2026-06-05T07:40:54.261158+00:00
AGM0133,Evening,admin_staff,3,2026-06-05T07:40:54.261158+00:00
AGS0063,Evening,admin_staff,1,2026-06-05T07:40:54.261158+00:00
AHB0648,Evening,admin_staff,1,2026-06-05T07:40:54.261158+00:00
AJV0176,Evening,admin_staff,0,2026-06-05T07:40:54.261158+00:00
AKD0272,Evening,admin_staff,1,2026-06-05T07:40:54.261158+00:00
APM0190,Evening,admin_staff,0,2026-06-05T07:40:54.261158+00:00
ARG0441,Evening,admin_staff,1,2026-06-05T07:40:54.261158+00:00
ASC0177,Evening,admin_staff,1,2026-06-05T07:40:54.261158+00:00
BEH0103,Evening,admin_staff,2,2026-06-05T07:40:54.261158+00:00
BKA0175,Evening,admin_staff,1,2026-06-05T07:40:54.261158+00:00
BMN0178,Evening,admin_staff,2,2026-06-05T07:40:54.261158+00:00
BNK0087,Evening,admin_staff,1,2026-06-05T07:40:54.261158+00:00
BTV0644,Evening,admin_staff,1,2026-06-05T07:40:54.261158+00:00
CER0228,Evening,admin_staff,1,2026-06-05T07:40:54.261158+00:00
CHC0252,Evening,admin_staff,2,2026-06-05T07:40:54.261158+00:00
CHY0083,Evening,admin_staff,0,2026-06-05T07:40:54.261158+00:00
CJW0376,Evening,admin_staff,3,2026-06-05T07:40:54.261158+00:00
CKM0405,Evening,admin_staff,1,2026-06-05T07:40:54.261158+00:00
CMT0267,Evening,admin_staff,3,2026-06-05T07:40:54.261158+00:00
DAR0388,Evening,admin_staff,2,2026-06-05T07:40:54.261158+00:00
DHK0367,Evening,admin_staff,0,2026-06-05T07:40:54.261158+00:00
DKR0027,Evening,admin_staff,3,2026-06-05T07:40:54.261158+00:00
DSB0245,Evening,admin_staff,0,2026-06-05T07:40:54.261158+00:00
EHD0024,Evening,admin_staff,0,2026-06-05T07:40:54.261158+00:00
ELB0033,Evening,admin_staff,1,2026-06-05T07:40:54.261158+00:00
EUH0257,Evening,admin_staff,3,2026-06-05T07:40:54.261158+00:00
FAJ0523,Evening,admin_staff,2,2026-06-05T07:40:54.261158+00:00
FMN0013,Evening,admin_staff,1,2026-06-05T07:40:54.261158+00:00
FZM0318,Evening,admin_staff,1,2026-06-05T07:40:54.261158+00:00
GDH0108,Evening,admin_staff,3,2026-06-05T07:40:54.261158+00:00
GJS0160,Evening,admin_staff,1,2026-06-05T07:40:54.261158+00:00
GKN0168,Evening,admin_staff,0,2026-06-05T07:40:54.261158+00:00
GLB0419,Evening,admin_staff,0,2026-06-05T07:40:54.261158+00:00
GRP0277,Evening,admin_staff,1,2026-06-05T07:40:54.261158+00:00
GSC0530,Evening,admin_staff,2,2026-06-05T07:40:54.261158+00:00
HHK0652,Evening,admin_staff,0,2026-06-05T07:40:54.261158+00:00
HMR0098,Evening,admin_staff,2,2026-06-05T07:40:54.261158+00:00
HQB0118,Evening,admin_staff,0,2026-06-05T07:40:54.261158+00:00
HWP0364,Evening,admin_staff,0,2026-06-05T07:40:54.261158+00:00
HZD0429,Evening,admin_staff,3,2026-06-05T07:40:54.261158+00:00
ISH0079,Evening,admin_staff,1,2026-06-05T07:40:54.261158+00:00
JBI0654,Evening,admin_staff,0,2026-06-05T07:40:54.261158+00:00
JBP0651,Evening,admin_staff,0,2026-06-05T07:40:54.261158+00:00
JCP0028,Evening,admin_staff,1,2026-06-05T07:40:54.261158+00:00
JRB0025,Evening,admin_staff,0,2026-06-05T07:40:54.261158+00:00
JYB0262,Evening,admin_staff,1,2026-06-05T07:40:54.261158+00:00
KCO0287,Evening,admin_staff,3,2026-06-05T07:40:54.261158+00:00
KDC0444,Evening,admin_staff,1,2026-06-05T07:40:54.261158+00:00
KJB0354,Evening,admin_staff,1,2026-06-05T07:40:54.261158+00:00
KQW0164,Evening,admin_staff,1,2026-06-05T07:40:54.261158+00:00
LBG0407,Evening,admin_staff,0,2026-06-05T07:40:54.261158+00:00
LED0656,Evening,admin_staff,3,2026-06-05T07:40:54.261158+00:00
LGL0649,Evening,admin_staff,0,2026-06-05T07:40:54.261158+00:00
LWH0180,Evening,admin_staff,0,2026-06-05T07:40:54.261158+00:00
LXS0332,Evening,admin_staff,0,2026-06-05T07:40:54.261158+00:00
MAH0438,Evening,admin_staff,0,2026-06-05T07:40:54.261158+00:00
MAP0215,Evening,admin_staff,1,2026-06-05T07:40:54.261158+00:00
MBH0527,Evening,admin_staff,2,2026-06-05T07:40:54.261158+00:00
MDG0657,Evening,admin_staff,0,2026-06-05T07:40:54.261158+00:00
MFW0646,Evening,admin_staff,0,2026-06-05T07:40:54.261158+00:00
MGB0326,Evening,admin_staff,3,2026-06-05T07:40:54.261158+00:00
MKM0647,Evening,admin_staff,3,2026-06-05T07:40:54.261158+00:00
MMB0185,Evening,admin_staff,0,2026-06-05T07:40:54.261158+00:00
MMS0241,Evening,admin_staff,1,2026-06-05T07:40:54.261158+00:00
MNC0433,Evening,admin_staff,0,2026-06-05T07:40:54.261158+00:00
NBP0217,Evening,admin_staff,1,2026-06-05T07:40:54.261158+00:00
NSC0237,Evening,admin_staff,0,2026-06-05T07:40:54.261158+00:00
ODB0151,Evening,admin_staff,3,2026-06-05T07:40:54.261158+00:00
ODC0002,Evening,admin_staff,0,2026-06-05T07:40:54.261158+00:00
QCD0386,Evening,admin_staff,3,2026-06-05T07:40:54.261158+00:00
RAP0653,Evening,admin_staff,0,2026-06-05T07:40:54.261158+00:00
RCL0068,Evening,admin_staff,0,2026-06-05T07:40:54.261158+00:00
REB0123,Evening,admin_staff,1,2026-06-05T07:40:54.261158+00:00
RJA0402,Evening,admin_staff,1,2026-06-05T07:40:54.261158+00:00
RLH0358,Evening,admin_staff,0,2026-06-05T07:40:54.261158+00:00
RPC0205,Evening,admin_staff,2,2026-06-05T07:40:54.261158+00:00
RPW0026,Evening,admin_staff,0,2026-06-05T07:40:54.261158+00:00
SAC0374,Evening,admin_staff,0,2026-06-05T07:40:54.261158+00:00
SCJ0179,Evening,admin_staff,1,2026-06-05T07:40:54.261158+00:00
SGR0658,Evening,admin_staff,0,2026-06-05T07:40:54.261158+00:00
SJS0323,Evening,admin_staff,3,2026-06-05T07:40:54.261158+00:00
SKK0282,Evening,admin_staff,3,2026-06-05T07:40:54.261158+00:00
SOD0442,Evening,admin_staff,1,2026-06-05T07:40:54.261158+00:00
TKO0417,Evening,admin_staff,3,2026-06-05T07:40:54.261158+00:00
TKP0210,Evening,admin_staff,3,2026-06-05T07:40:54.261158+00:00
VKE0655,Evening,admin_staff,1,2026-06-05T07:40:54.261158+00:00
VSC0775,Evening,admin_staff,2,2026-06-05T07:40:54.261158+00:00
VTL0314,Evening,admin_staff,1,2026-06-05T07:40:54.261158+00:00
WDL0140,Evening,admin_staff,0,2026-06-05T07:40:54.261158+00:00
WNR0091,Evening,admin_staff,0,2026-06-05T07:40:54.261158+00:00
WWS0645,Evening,admin_staff,0,2026-06-05T07:40:54.261158+00:00
YCL0650,Evening,admin_staff,0,2026-06-05T07:40:54.261158+00:00
YSH0145,Evening,admin_staff,0,2026-06-05T07:40:54.261158+00:00
AAV3669,Evening,logistics,0,2026-06-05T07:40:54.261158+00:00
ABB0300,Evening,logistics,1,2026-06-05T07:40:54.261158+00:00
ACM3964,Evening,logistics,1,2026-06-05T07:40:54.261158+00:00
ADP3667,Evening,logistics,1,2026-06-05T07:40:54.261158+00:00
ADW2832,Evening,logistics,0,2026-06-05T07:40:54.261158+00:00
AFF1492,Evening,logistics,0,2026-06-05T07:40:54.261158+00:00
AGB3303,Evening,logistics,0,2026-06-05T07:40:54.261158+00:00
AGG3958,Evening,logistics,1,2026-06-05T07:40:54.261158+00:00
AID2774,Evening,logistics,1,2026-06-05T07:40:54.261158+00:00
AJO2788,Evening,logistics,0,2026-06-05T07:40:54.261158+00:00
AKH1534,Evening,logistics,0,2026-06-05T07:40:54.261158+00:00
ALH1494,Evening,logistics,0,2026-06-05T07:40:54.261158+00:00
AME1490,Evening,logistics,3,2026-06-05T07:40:54.261158+00:00
AOP1542,Evening,logistics,0,2026-06-05T07:40:54.261158+00:00
APP3678,Evening,logistics,1,2026-06-05T07:40:54.261158+00:00
AYA3962,Evening,logistics,1,2026-06-05T07:40:54.261158+00:00
AYD2775,Evening,logistics,0,2026-06-05T07:40:54.261158+00:00
BCO0877,Evening,logistics,0,2026-06-05T07:40:54.261158+00:00
BDM3662,Evening,logistics,0,2026-06-05T07:40:54.261158+00:00
BIT2790,Evening,logistics,0,2026-06-05T07:40:54.261158+00:00
BKF1545,Evening,logistics,1,2026-06-05T07:40:54.261158+00:00
BKF2204,Evening,logistics,1,2026-06-05T07:40:54.261158+00:00
BKR3302,Evening,logistics,0,2026-06-05T07:40:54.261158+00:00
BNC1497,Evening,logistics,2,2026-06-05T07:40:54.261158+00:00
BRD3314,Evening,logistics,0,2026-06-05T07:40:54.261158+00:00
BRG3267,Evening,logistics,3,2026-06-05T07:40:54.261158+00:00
BRM0843,Evening,logistics,1,2026-06-05T07:40:54.261158+00:00
BSV1499,Evening,logistics,0,2026-06-05T07:40:54.261158+00:00
BVD3974,Evening,logistics,0,2026-06-05T07:40:54.261158+00:00
BYC3970,Evening,logistics,1,2026-06-05T07:40:54.261158+00:00
CCM2207,Evening,logistics,0,2026-06-05T07:40:54.261158+00:00
CDS2792,Evening,logistics,0,2026-06-05T07:40:54.261158+00:00
CDW0886,Evening,logistics,0,2026-06-05T07:40:54.261158+00:00
CGB2215,Evening,logistics,1,2026-06-05T07:40:54.261158+00:00
CJJ1491,Evening,logistics,0,2026-06-05T07:40:54.261158+00:00
CJM3315,Evening,logistics,1,2026-06-05T07:40:54.261158+00:00
CLM2776,Evening,logistics,0,2026-06-05T07:40:54.261158+00:00
CMM3674,Evening,logistics,0,2026-06-05T07:40:54.261158+00:00
CMW0437,Evening,logistics,0,2026-06-05T07:40:54.261158+00:00
CSV3305,Evening,logistics,0,2026-06-05T07:40:54.261158+00:00
CTH2220,Evening,logistics,1,2026-06-05T07:40:54.261158+00:00
DAM2837,Evening,logistics,0,2026-06-05T07:40:54.261158+00:00
DBG3320,Evening,logistics,1,2026-06-05T07:40:54.261158+00:00
DBS0880,Evening,logistics,1,2026-06-05T07:40:54.261158+00:00
DBW3679,Evening,logistics,1,2026-06-05T07:40:54.261158+00:00
DCG2203,Evening,logistics,0,2026-06-05T07:40:54.261158+00:00
DHL2219,Evening,logistics,1,2026-06-05T07:40:54.261158+00:00
DIP3310,Evening,logistics,0,2026-06-05T07:40:54.261158+00:00
DLM2826,Evening,logistics,1,2026-06-05T07:40:54.261158+00:00
DMR0336,Evening,logistics,1,2026-06-05T07:40:54.261158+00:00
DND3309,Evening,logistics,1,2026-06-05T07:40:54.261158+00:00
DRF1498,Evening,logistics,0,2026-06-05T07:40:54.261158+00:00
DRF3306,Evening,logistics,0,2026-06-05T07:40:54.261158+00:00
DSC2208,Evening,logistics,0,2026-06-05T07:40:54.261158+00:00
DWY3973,Evening,logistics,0,2026-06-05T07:40:54.261158+00:00
EGD3972,Evening,logistics,1,2026-06-05T07:40:54.261158+00:00
ENH3969,Evening,logistics,0,2026-06-05T07:40:54.261158+00:00
EPH2834,Evening,logistics,1,2026-06-05T07:40:54.261158+00:00
EPW3971,Evening,logistics,1,2026-06-05T07:40:54.261158+00:00
ESS3318,Evening,logistics,0,2026-06-05T07:40:54.261158+00:00
EWA1486,Evening,logistics,0,2026-06-05T07:40:54.261158+00:00
FCK3307,Evening,logistics,0,2026-06-05T07:40:54.261158+00:00
FCS2824,Evening,logistics,0,2026-06-05T07:40:54.261158+00:00
FDH0299,Evening,logistics,0,2026-06-05T07:40:54.261158+00:00
FGG3666,Evening,logistics,1,2026-06-05T07:40:54.261158+00:00
FKD2779,Evening,logistics,1,2026-06-05T07:40:54.261158+00:00
FKR3316,Evening,logistics,0,2026-06-05T07:40:54.261158+00:00
FVR0881,Evening,logistics,0,2026-06-05T07:40:54.261158+00:00
GCS2218,Evening,logistics,0,2026-06-05T07:40:54.261158+00:00
GDM3960,Evening,logistics,1,2026-06-05T07:40:54.261158+00:00
GEB3975,Evening,logistics,0,2026-06-05T07:40:54.261158+00:00
GGB3663,Evening,logistics,0,2026-06-05T07:40:54.261158+00:00
GIH0882,Evening,logistics,1,2026-06-05T07:40:54.261158+00:00
GJB0850,Evening,logistics,0,2026-06-05T07:40:54.261158+00:00
GJM0838,Evening,logistics,0,2026-06-05T07:40:54.261158+00:00
GSS0841,Evening,logistics,1,2026-06-05T07:40:54.261158+00:00
GWM3260,Evening,logistics,3,2026-06-05T07:40:54.261158+00:00
HAG3665,Evening,logistics,0,2026-06-05T07:40:54.261158+00:00
HBC1540,Evening,logistics,0,2026-06-05T07:40:54.261158+00:00
HCR3675,Evening,logistics,0,2026-06-05T07:40:54.261158+00:00
HMM2841,Evening,logistics,0,2026-06-05T07:40:54.261158+00:00
HMS2212,Evening,logistics,1,2026-06-05T07:40:54.261158+00:00
HNB3661,Evening,logistics,1,2026-06-05T07:40:54.261158+00:00
HOE0301,Evening,logistics,0,2026-06-05T07:40:54.261158+00:00
HSS3959,Evening,logistics,1,2026-06-05T07:40:54.261158+00:00
HTR1551,Evening,logistics,1,2026-06-05T07:40:54.261158+00:00
IHH2831,Evening,logistics,0,2026-06-05T07:40:54.261158+00:00
IJC1553,Evening,logistics,0,2026-06-05T07:40:54.261158+00:00
ILK3668,Evening,logistics,1,2026-06-05T07:40:54.261158+00:00
ING2221,Evening,logistics,1,2026-06-05T07:40:54.261158+00:00
IRP3916,Evening,logistics,3,2026-06-05T07:40:54.261158+00:00
ITK2781,Evening,logistics,0,2026-06-05T07:40:54.261158+00:00
IWW3319,Evening,logistics,0,2026-06-05T07:40:54.261158+00:00
JAD3672,Evening,logistics,0,2026-06-05T07:40:54.261158+00:00
JBB0847,Evening,logistics,1,2026-06-05T07:40:54.261158+00:00
JBO2839,Evening,logistics,1,2026-06-05T07:40:54.261158+00:00
JCR1536,Evening,logistics,0,2026-06-05T07:40:54.261158+00:00
JDH1550,Evening,logistics,0,2026-06-05T07:40:54.261158+00:00
JDR0436,Evening,logistics,0,2026-06-05T07:40:54.261158+00:00
JEH2787,Evening,logistics,1,2026-06-05T07:40:54.261158+00:00
JFO2840,Evening,logistics,1,2026-06-05T07:40:54.261158+00:00
JIR2827,Evening,logistics,0,2026-06-05T07:40:54.261158+00:00
JJE1552,Evening,logistics,1,2026-06-05T07:40:54.261158+00:00
JKH3673,Evening,logistics,1,2026-06-05T07:40:54.261158+00:00
JMM0848,Evening,logistics,0,2026-06-05T07:40:54.261158+00:00
JSB1535,Evening,logistics,0,2026-06-05T07:40:54.261158+00:00
JSC3976,Evening,logistics,0,2026-06-05T07:40:54.261158+00:00
JSW0872,Evening,logistics,0,2026-06-05T07:40:54.261158+00:00
JTM0878,Evening,logistics,1,2026-06-05T07:40:54.261158+00:00
KAD0884,Evening,logistics,0,2026-06-05T07:40:54.261158+00:00
KAP0844,Evening,logistics,0,2026-06-05T07:40:54.261158+00:00
KBC1485,Evening,logistics,3,2026-06-05T07:40:54.261158+00:00
KCT3965,Evening,logistics,0,2026-06-05T07:40:54.261158+00:00
KDC1487,Evening,logistics,0,2026-06-05T07:40:54.261158+00:00
KDF0876,Evening,logistics,1,2026-06-05T07:40:54.261158+00:00
KDM2836,Evening,logistics,0,2026-06-05T07:40:54.261158+00:00
KNS2828,Evening,logistics,0,2026-06-05T07:40:54.261158+00:00
KRN2211,Evening,logistics,0,2026-06-05T07:40:54.261158+00:00
KSJ0840,Evening,logistics,1,2026-06-05T07:40:54.261158+00:00
KTL2843,Evening,logistics,0,2026-06-05T07:40:54.261158+00:00
KTR3308,Evening,logistics,0,2026-06-05T07:40:54.261158+00:00
KWD3977,Evening,logistics,0,2026-06-05T07:40:54.261158+00:00
KWR1544,Evening,logistics,1,2026-06-05T07:40:54.261158+00:00
LAF2213,Evening,logistics,1,2026-06-05T07:40:54.261158+00:00
LCR1537,Evening,logistics,0,2026-06-05T07:40:54.261158+00:00
LCT2783,Evening,logistics,0,2026-06-05T07:40:54.261158+00:00
LDB3304,Evening,logistics,1,2026-06-05T07:40:54.261158+00:00
LGF1503,Evening,logistics,0,2026-06-05T07:40:54.261158+00:00
LKF0335,Evening,logistics,0,2026-06-05T07:40:54.261158+00:00
LMA3676,Evening,logistics,0,2026-06-05T07:40:54.261158+00:00
LMZ1501,Evening,logistics,0,2026-06-05T07:40:54.261158+00:00
LRW1502,Evening,logistics,0,2026-06-05T07:40:54.261158+00:00
LSL0337,Evening,logistics,0,2026-06-05T07:40:54.261158+00:00
LTO2217,Evening,logistics,0,2026-06-05T07:40:54.261158+00:00
LUG2205,Evening,logistics,1,2026-06-05T07:40:54.261158+00:00
LXC0839,Evening,logistics,1,2026-06-05T07:40:54.261158+00:00
MAL0434,Evening,logistics,0,2026-06-05T07:40:54.261158+00:00
MCK0435,Evening,logistics,1,2026-06-05T07:40:54.261158+00:00
MCQ1546,Evening,logistics,1,2026-06-05T07:40:54.261158+00:00
MCS3301,Evening,logistics,1,2026-06-05T07:40:54.261158+00:00
MHB0845,Evening,logistics,0,2026-06-05T07:40:54.261158+00:00
MSB2786,Evening,logistics,1,2026-06-05T07:40:54.261158+00:00
MSF3311,Evening,logistics,0,2026-06-05T07:40:54.261158+00:00
MSH2210,Evening,logistics,0,2026-06-05T07:40:54.261158+00:00
MTW3317,Evening,logistics,1,2026-06-05T07:40:54.261158+00:00
NAK2784,Evening,logistics,0,2026-06-05T07:40:54.261158+00:00
NJM0440,Evening,logistics,0,2026-06-05T07:40:54.261158+00:00
NJM3961,Evening,logistics,0,2026-06-05T07:40:54.261158+00:00
NMS1493,Evening,logistics,0,2026-06-05T07:40:54.261158+00:00
NNF3968,Evening,logistics,1,2026-06-05T07:40:54.261158+00:00
OAP2825,Evening,logistics,0,2026-06-05T07:40:54.261158+00:00
OCS1541,Evening,logistics,0,2026-06-05T07:40:54.261158+00:00
OJB1538,Evening,logistics,1,2026-06-05T07:40:54.261158+00:00
ORM1484,Evening,logistics,3,2026-06-05T07:40:54.261158+00:00
OVM1496,Evening,logistics,0,2026-06-05T07:40:54.261158+00:00
PAB0879,Evening,logistics,1,2026-06-05T07:40:54.261158+00:00
PHB2209,Evening,logistics,0,2026-06-05T07:40:54.261158+00:00
QCN2206,Evening,logistics,1,2026-06-05T07:40:54.261158+00:00
RCB0302,Evening,logistics,0,2026-06-05T07:40:54.261158+00:00
RCW2838,Evening,logistics,0,2026-06-05T07:40:54.261158+00:00
REF3266,Evening,logistics,3,2026-06-05T07:40:54.261158+00:00
RHR2835,Evening,logistics,0,2026-06-05T07:40:54.261158+00:00
RJS0846,Evening,logistics,0,2026-06-05T07:40:54.261158+00:00
RLH1548,Evening,logistics,1,2026-06-05T07:40:54.261158+00:00
RMB0885,Evening,logistics,1,2026-06-05T07:40:54.261158+00:00
RML2789,Evening,logistics,0,2026-06-05T07:40:54.261158+00:00
ROR3967,Evening,logistics,1,2026-06-05T07:40:54.261158+00:00
RPS3617,Evening,logistics,3,2026-06-05T07:40:54.261158+00:00
RSS0875,Evening,logistics,0,2026-06-05T07:40:54.261158+00:00
RTM0849,Evening,logistics,1,2026-06-05T07:40:54.261158+00:00
RTN3680,Evening,logistics,1,2026-06-05T07:40:54.261158+00:00
RVB0303,Evening,logistics,1,2026-06-05T07:40:54.261158+00:00
RWH3312,Evening,logistics,0,2026-06-05T07:40:54.261158+00:00
SAC3963,Evening,logistics,1,2026-06-05T07:40:54.261158+00:00
SCP3664,Evening,logistics,1,2026-06-05T07:40:54.261158+00:00
SDC2793,Evening,logistics,0,2026-06-05T07:40:54.261158+00:00
SGV2780,Evening,logistics,0,2026-06-05T07:40:54.261158+00:00
SKS0339,Evening,logistics,1,2026-06-05T07:40:54.261158+00:00
SMH2222,Evening,logistics,1,2026-06-05T07:40:54.261158+00:00
SMR0338,Evening,logistics,0,2026-06-05T07:40:54.261158+00:00
SWO3258,Evening,logistics,3,2026-06-05T07:40:54.261158+00:00
TAM1488,Evening,logistics,0,2026-06-05T07:40:54.261158+00:00
TBB1547,Evening,logistics,0,2026-06-05T07:40:54.261158+00:00
TCH2216,Evening,logistics,1,2026-06-05T07:40:54.261158+00:00
TGC1489,Evening,logistics,0,2026-06-05T07:40:54.261158+00:00
TGW2782,Evening,logistics,0,2026-06-05T07:40:54.261158+00:00
TKM1539,Evening,logistics,0,2026-06-05T07:40:54.261158+00:00
TKS1549,Evening,logistics,1,2026-06-05T07:40:54.261158+00:00
TWM0837,Evening,logistics,1,2026-06-05T07:40:54.261158+00:00
TZM0851,Evening,logistics,1,2026-06-05T07:40:54.261158+00:00
UAS2829,Evening,logistics,0,2026-06-05T07:40:54.261158+00:00
UME2842,Evening,logistics,1,2026-06-05T07:40:54.261158+00:00
UMS0883,Evening,logistics,1,2026-06-05T07:40:54.261158+00:00
UXC1495,Evening,logistics,3,2026-06-05T07:40:54.261158+00:00
VAC3966,Evening,logistics,0,2026-06-05T07:40:54.261158+00:00
VEB3671,Evening,logistics,1,2026-06-05T07:40:54.261158+00:00
VMW1500,Evening,logistics,0,2026-06-05T07:40:54.261158+00:00
WAC3677,Evening,logistics,0,2026-06-05T07:40:54.261158+00:00
WAH2778,Evening,logistics,1,2026-06-05T07:40:54.261158+00:00
WAS2214,Evening,logistics,1,2026-06-05T07:40:54.261158+00:00
WFH2830,Evening,logistics,0,2026-06-05T07:40:54.261158+00:00
WHW2777,Evening,logistics,1,2026-06-05T07:40:54.261158+00:00
WIB3670,Evening,logistics,0,2026-06-05T07:40:54.261158+00:00
WMM0873,Evening,logistics,0,2026-06-05T07:40:54.261158+00:00
WNC0874,Evening,logistics,1,2026-06-05T07:40:54.261158+00:00
XPW2833,Evening,logistics,1,2026-06-05T07:40:54.261158+00:00
YHH2785,Evening,logistics,0,2026-06-05T07:40:54.261158+00:00
YJP2791,Evening,logistics,0,2026-06-05T07:40:54.261158+00:00
YRW0842,Evening,logistics,1,2026-06-05T07:40:54.261158+00:00
ZDC3269,Evening,logistics,3,2026-06-05T07:40:54.261158+00:00
ZMH1543,Evening,logistics,0,2026-06-05T07:40:54.261158+00:00
ZNB3313,Evening,logistics,0,2026-06-05T07:40:54.261158+00:00
ACH0008,Evening,management,1,2026-06-05T07:40:54.261158+00:00
ADG1737,Evening,management,3,2026-06-05T07:40:54.261158+00:00
ARC1725,Evening,management,0,2026-06-05T07:40:54.261158+00:00
ASD0993,Evening,management,1,2026-06-05T07:40:54.261158+00:00
ASG0072,Evening,management,1,2026-06-05T07:40:54.261158+00:00
ATD0146,Evening,management,0,2026-06-05T07:40:54.261158+00:00
BHE1709,Evening,management,3,2026-06-05T07:40:54.261158+00:00
BHM0430,Evening,management,3,2026-06-05T07:40:54.261158+00:00
BMB0007,Evening,management,3,2026-06-05T07:40:54.261158+00:00
BNS2384,Evening,management,3,2026-06-05T07:40:54.261158+00:00
BVC0009,Evening,management,3,2026-06-05T07:40:54.261158+00:00
BWJ0136,Evening,management,3,2026-06-05T07:40:54.261158+00:00
CAR0992,Evening,management,2,2026-06-05T07:40:54.261158+00:00
CBA1023,Evening,management,3,2026-06-05T07:40:54.261158+00:00
CCH1724,Evening,management,3,2026-06-05T07:40:54.261158+00:00
CGM0035,Evening,management,3,2026-06-05T07:40:54.261158+00:00
CIS3471,Evening,management,3,2026-06-05T07:40:54.261158+00:00
CKB0169,Evening,management,1,2026-06-05T07:40:54.261158+00:00
CMS0010,Evening,management,3,2026-06-05T07:40:54.261158+00:00
CNF0212,Evening,management,1,2026-06-05T07:40:54.261158+00:00
COW3840,Evening,management,3,2026-06-05T07:40:54.261158+00:00
CRL3842,Evening,management,0,2026-06-05T07:40:54.261158+00:00
CSG0135,Evening,management,1,2026-06-05T07:40:54.261158+00:00
CUL3015,Evening,management,1,2026-06-05T07:40:54.261158+00:00
DCB0401,Evening,management,0,2026-06-05T07:40:54.261158+00:00
DER0400,Evening,management,1,2026-06-05T07:40:54.261158+00:00
DJC0073,Evening,management,1,2026-06-05T07:40:54.261158+00:00
DTT1716,Evening,management,1,2026-06-05T07:40:54.261158+00:00
DWC2994,Evening,management,1,2026-06-05T07:40:54.261158+00:00
FDT0213,Evening,management,1,2026-06-05T07:40:54.261158+00:00
FGN0375,Evening,management,1,2026-06-05T07:40:54.261158+00:00
FMC1002,Evening,management,1,2026-06-05T07:40:54.261158+00:00
FTS0246,Evening,management,2,2026-06-05T07:40:54.261158+00:00
GIB0207,Evening,management,3,2026-06-05T07:40:54.261158+00:00
GKL0006,Evening,management,2,2026-06-05T07:40:54.261158+00:00
GLF0226,Evening,management,1,2026-06-05T07:40:54.261158+00:00
GNH1735,Evening,management,1,2026-06-05T07:40:54.261158+00:00
GWC0137,Evening,management,1,2026-06-05T07:40:54.261158+00:00
HCS2401,Evening,management,1,2026-06-05T07:40:54.261158+00:00
HIS1706,Evening,management,2,2026-06-05T07:40:54.261158+00:00
HJB0286,Evening,management,0,2026-06-05T07:40:54.261158+00:00
HUM0431,Evening,management,1,2026-06-05T07:40:54.261158+00:00
IIW0399,Evening,management,1,2026-06-05T07:40:54.261158+00:00
IKH3472,Evening,management,3,2026-06-05T07:40:54.261158+00:00
ISM0130,Evening,management,1,2026-06-05T07:40:54.261158+00:00
JAF0209,Evening,management,3,2026-06-05T07:40:54.261158+00:00
JCS2391,Evening,management,1,2026-06-05T07:40:54.261158+00:00
JLA0030,Evening,management,0,2026-06-05T07:40:54.261158+00:00
JMS0149,Evening,management,1,2026-06-05T07:40:54.261158+00:00
JPJ0227,Evening,management,1,2026-06-05T07:40:54.261158+00:00
JSB0320,Evening,management,1,2026-06-05T07:40:54.261158+00:00
JSN0214,Evening,management,3,2026-06-05T07:40:54.261158+00:00
KAM0005,Evening,management,1,2026-06-05T07:40:54.261158+00:00
KEO0131,Evening,management,3,2026-06-05T07:40:54.261158+00:00
KIC1000,Evening,management,1,2026-06-05T07:40:54.261158+00:00
KSF0134,Evening,management,0,2026-06-05T07:40:54.261158+00:00
KSW0206,Evening,management,3,2026-06-05T07:40:54.261158+00:00
LMH3831,Evening,management,3,2026-06-05T07:40:54.261158+00:00
LRS2996,Evening,management,3,2026-06-05T07:40:54.261158+00:00
LSL0001,Evening,management,3,2026-06-05T07:40:54.261158+00:00
MCM2375,Evening,management,3,2026-06-05T07:40:54.261158+00:00
MDH0211,Evening,management,3,2026-06-05T07:40:54.261158+00:00
MFL0355,Evening,management,3,2026-06-05T07:40:54.261158+00:00
MHH0034,Evening,management,3,2026-06-05T07:40:54.261158+00:00
MNC3485,Evening,management,3,2026-06-05T07:40:54.261158+00:00
NHH1704,Evening,management,1,2026-06-05T07:40:54.261158+00:00
NPK0369,Evening,management,0,2026-06-05T07:40:54.261158+00:00
OAS0991,Evening,management,0,2026-06-05T07:40:54.261158+00:00
OAW3013,Evening,management,1,2026-06-05T07:40:54.261158+00:00
OEN0432,Evening,management,0,2026-06-05T07:40:54.261158+00:00
OGD0015,Evening,management,1,2026-06-05T07:40:54.261158+00:00
OIP0988,Evening,management,0,2026-06-05T07:40:54.261158+00:00
PNL0018,Evening,management,1,2026-06-05T07:40:54.261158+00:00
RAS0223,Evening,management,1,2026-06-05T07:40:54.261158+00:00
RCF0054,Evening,management,3,2026-06-05T07:40:54.261158+00:00
REC0283,Evening,management,3,2026-06-05T07:40:54.261158+00:00
ROR3483,Evening,management,1,2026-06-05T07:40:54.261158+00:00
RWN1705,Evening,management,1,2026-06-05T07:40:54.261158+00:00
SDW0370,Evening,management,0,2026-06-05T07:40:54.261158+00:00
SGC1001,Evening,management,3,2026-06-05T07:40:54.261158+00:00
SRS0129,Evening,management,3,2026-06-05T07:40:54.261158+00:00
SZB0321,Evening,management,1,2026-06-05T07:40:54.261158+00:00
TCG0016,Evening,management,1,2026-06-05T07:40:54.261158+00:00
TCM2403,Evening,management,1,2026-06-05T07:40:54.261158+00:00
TDH0989,Evening,management,1,2026-06-05T07:40:54.261158+00:00
THB0987,Evening,management,3,2026-06-05T07:40:54.261158+00:00
TLK0003,Evening,management,3,2026-06-05T07:40:54.261158+00:00
TNR0319,Evening,management,0,2026-06-05T07:40:54.261158+00:00
UCG0322,Evening,management,1,2026-06-05T07:40:54.261158+00:00
UMB0055,Evening,management,3,2026-06-05T07:40:54.261158+00:00
WKG0150,Evening,management,0,2026-06-05T07:40:54.261158+00:00
WLG0406,Evening,management,1,2026-06-05T07:40:54.261158+00:00
XAR1011,Evening,management,3,2026-06-05T07:40:54.261158+00:00
XBH0357,Evening,management,0,2026-06-05T07:40:54.261158+00:00
XHR2377,Evening,management,0,2026-06-05T07:40:54.261158+00:00
YBJ0071,Evening,management,3,2026-06-05T07:40:54.261158+00:00
YKW3832,Evening,management,3,2026-06-05T07:40:54.261158+00:00
ZBW0132,Evening,management,1,2026-06-05T07:40:54.261158+00:00
ZCS0012,Evening,management,1,2026-06-05T07:40:54.261158+00:00
ZCT1009,Evening,management,1,2026-06-05T07:40:54.261158+00:00
ZJA2373,Evening,management,0,2026-06-05T07:40:54.261158+00:00
ACW0464,Evening,it_admin,1,2026-06-05T07:40:54.261158+00:00
ADB3853,Evening,it_admin,3,2026-06-05T07:40:54.261158+00:00
ADS2428,Evening,it_admin,1,2026-06-05T07:40:54.261158+00:00
AFH1757,Evening,it_admin,0,2026-06-05T07:40:54.261158+00:00
AGM3504,Evening,it_admin,0,2026-06-05T07:40:54.261158+00:00
AKH0454,Evening,it_admin,3,2026-06-05T07:40:54.261158+00:00
AKS3496,Evening,it_admin,0,2026-06-05T07:40:54.261158+00:00
ALC1060,Evening,it_admin,1,2026-06-05T07:40:54.261158+00:00
ANL3024,Evening,it_admin,2,2026-06-05T07:40:54.261158+00:00
APC3043,Evening,it_admin,1,2026-06-05T07:40:54.261158+00:00
APP1054,Evening,it_admin,1,2026-06-05T07:40:54.261158+00:00
AVP3044,Evening,it_admin,1,2026-06-05T07:40:54.261158+00:00
BBH1056,Evening,it_admin,1,2026-06-05T07:40:54.261158+00:00
BCC0456,Evening,it_admin,3,2026-06-05T07:40:54.261158+00:00
BCG1029,Evening,it_admin,3,2026-06-05T07:40:54.261158+00:00
BGB3045,Evening,it_admin,1,2026-06-05T07:40:54.261158+00:00
BKW1032,Evening,it_admin,3,2026-06-05T07:40:54.261158+00:00
BLY1039,Evening,it_admin,3,2026-06-05T07:40:54.261158+00:00
BMH0457,Evening,it_admin,0,2026-06-05T07:40:54.261158+00:00
BMM0462,Evening,it_admin,1,2026-06-05T07:40:54.261158+00:00
BOH1751,Evening,it_admin,0,2026-06-05T07:40:54.261158+00:00
BPD2437,Evening,it_admin,1,2026-06-05T07:40:54.261158+00:00
BPN3051,Evening,it_admin,1,2026-06-05T07:40:54.261158+00:00
CAC1777,Evening,it_admin,2,2026-06-05T07:40:54.261158+00:00
CAG2442,Evening,it_admin,1,2026-06-05T07:40:54.261158+00:00
CAG3049,Evening,it_admin,1,2026-06-05T07:40:54.261158+00:00
CAM3050,Evening,it_admin,1,2026-06-05T07:40:54.261158+00:00
CBW2427,Evening,it_admin,1,2026-06-05T07:40:54.261158+00:00
CCB3055,Evening,it_admin,1,2026-06-05T07:40:54.261158+00:00
CCL1770,Evening,it_admin,2,2026-06-05T07:40:54.261158+00:00
CHB1062,Evening,it_admin,1,2026-06-05T07:40:54.261158+00:00
CIS3505,Evening,it_admin,0,2026-06-05T07:40:54.261158+00:00
CKD3861,Evening,it_admin,0,2026-06-05T07:40:54.261158+00:00
CMB3499,Evening,it_admin,0,2026-06-05T07:40:54.261158+00:00
CND3037,Evening,it_admin,1,2026-06-05T07:40:54.261158+00:00
CNR1031,Evening,it_admin,0,2026-06-05T07:40:54.261158+00:00
COB0461,Evening,it_admin,1,2026-06-05T07:40:54.261158+00:00
CQA3849,Evening,it_admin,3,2026-06-05T07:40:54.261158+00:00
CRH3848,Evening,it_admin,3,2026-06-05T07:40:54.261158+00:00
CSM3502,Evening,it_admin,0,2026-06-05T07:40:54.261158+00:00
CWH0038,Evening,it_admin,0,2026-06-05T07:40:54.261158+00:00
CWR0043,Evening,it_admin,1,2026-06-05T07:40:54.261158+00:00
DDH1041,Evening,it_admin,0,2026-06-05T07:40:54.261158+00:00
DHS2419,Evening,it_admin,2,2026-06-05T07:40:54.261158+00:00
DIW1749,Evening,it_admin,0,2026-06-05T07:40:54.261158+00:00
DLM2440,Evening,it_admin,1,2026-06-05T07:40:54.261158+00:00
DMC1766,Evening,it_admin,2,2026-06-05T07:40:54.261158+00:00
DNS1758,Evening,it_admin,2,2026-06-05T07:40:54.261158+00:00
DNS1768,Evening,it_admin,2,2026-06-05T07:40:54.261158+00:00
DXM2433,Evening,it_admin,1,2026-06-05T07:40:54.261158+00:00
EHD1744,Evening,it_admin,0,2026-06-05T07:40:54.261158+00:00
EIR1046,Evening,it_admin,1,2026-06-05T07:40:54.261158+00:00
ENS1748,Evening,it_admin,0,2026-06-05T07:40:54.261158+00:00
EPI3052,Evening,it_admin,1,2026-06-05T07:40:54.261158+00:00
EUC1051,Evening,it_admin,1,2026-06-05T07:40:54.261158+00:00
FDD1052,Evening,it_admin,1,2026-06-05T07:40:54.261158+00:00
FZB3046,Evening,it_admin,1,2026-06-05T07:40:54.261158+00:00
GAH1760,Evening,it_admin,2,2026-06-05T07:40:54.261158+00:00
GCN1743,Evening,it_admin,3,2026-06-05T07:40:54.261158+00:00
GCP2425,Evening,it_admin,1,2026-06-05T07:40:54.261158+00:00
GFK3498,Evening,it_admin,0,2026-06-05T07:40:54.261158+00:00
GLC3495,Evening,it_admin,0,2026-06-05T07:40:54.261158+00:00
GVC0049,Evening,it_admin,1,2026-06-05T07:40:54.261158+00:00
HBB1759,Evening,it_admin,2,2026-06-05T07:40:54.261158+00:00
HBC3497,Evening,it_admin,0,2026-06-05T07:40:54.261158+00:00
HHG1038,Evening,it_admin,3,2026-06-05T07:40:54.261158+00:00
HQB3494,Evening,it_admin,0,2026-06-05T07:40:54.261158+00:00
HTC1750,Evening,it_admin,3,2026-06-05T07:40:54.261158+00:00
HYF1048,Evening,it_admin,1,2026-06-05T07:40:54.261158+00:00
IBM1752,Evening,it_admin,0,2026-06-05T07:40:54.261158+00:00
IDB1059,Evening,it_admin,1,2026-06-05T07:40:54.261158+00:00
IIW0036,Evening,it_admin,3,2026-06-05T07:40:54.261158+00:00
IKP1047,Evening,it_admin,1,2026-06-05T07:40:54.261158+00:00
INL3041,Evening,it_admin,1,2026-06-05T07:40:54.261158+00:00
JAY3851,Evening,it_admin,3,2026-06-05T07:40:54.261158+00:00
JBT1035,Evening,it_admin,0,2026-06-05T07:40:54.261158+00:00
JBW3852,Evening,it_admin,3,2026-06-05T07:40:54.261158+00:00
JCB3054,Evening,it_admin,1,2026-06-05T07:40:54.261158+00:00
JDM1042,Evening,it_admin,3,2026-06-05T07:40:54.261158+00:00
JFG1049,Evening,it_admin,1,2026-06-05T07:40:54.261158+00:00
JGN1767,Evening,it_admin,2,2026-06-05T07:40:54.261158+00:00
JJB0042,Evening,it_admin,1,2026-06-05T07:40:54.261158+00:00
JPS2432,Evening,it_admin,1,2026-06-05T07:40:54.261158+00:00
JRR0459,Evening,it_admin,1,2026-06-05T07:40:54.261158+00:00
JTV1040,Evening,it_admin,3,2026-06-05T07:40:54.261158+00:00
JVC2443,Evening,it_admin,1,2026-06-05T07:40:54.261158+00:00
JYM3047,Evening,it_admin,1,2026-06-05T07:40:54.261158+00:00
KAC1774,Evening,it_admin,2,2026-06-05T07:40:54.261158+00:00
KAP2430,Evening,it_admin,1,2026-06-05T07:40:54.261158+00:00
KBB0460,Evening,it_admin,1,2026-06-05T07:40:54.261158+00:00
KCC2434,Evening,it_admin,1,2026-06-05T07:40:54.261158+00:00
KCF0450,Evening,it_admin,3,2026-06-05T07:40:54.261158+00:00
KEF1057,Evening,it_admin,1,2026-06-05T07:40:54.261158+00:00
KHP1043,Evening,it_admin,3,2026-06-05T07:40:54.261158+00:00
KMB1761,Evening,it_admin,2,2026-06-05T07:40:54.261158+00:00
KOE1033,Evening,it_admin,0,2026-06-05T07:40:54.261158+00:00
KRL0467,Evening,it_admin,1,2026-06-05T07:40:54.261158+00:00
KSM1772,Evening,it_admin,2,2026-06-05T07:40:54.261158+00:00
LAV1050,Evening,it_admin,1,2026-06-05T07:40:54.261158+00:00
LBB0453,Evening,it_admin,0,2026-06-05T07:40:54.261158+00:00
LCS3042,Evening,it_admin,1,2026-06-05T07:40:54.261158+00:00
LCW0047,Evening,it_admin,1,2026-06-05T07:40:54.261158+00:00
LEB1764,Evening,it_admin,2,2026-06-05T07:40:54.261158+00:00
LEC3857,Evening,it_admin,0,2026-06-05T07:40:54.261158+00:00
LGR1036,Evening,it_admin,3,2026-06-05T07:40:54.261158+00:00
LMG1061,Evening,it_admin,1,2026-06-05T07:40:54.261158+00:00
LOP1055,Evening,it_admin,1,2026-06-05T07:40:54.261158+00:00
LOR1044,Evening,it_admin,1,2026-06-05T07:40:54.261158+00:00
LRK2426,Evening,it_admin,1,2026-06-05T07:40:54.261158+00:00
MAB1775,Evening,it_admin,2,2026-06-05T07:40:54.261158+00:00
MCW3493,Evening,it_admin,3,2026-06-05T07:40:54.261158+00:00
MDG2418,Evening,it_admin,2,2026-06-05T07:40:54.261158+00:00
MEM1745,Evening,it_admin,0,2026-06-05T07:40:54.261158+00:00
MFB0040,Evening,it_admin,0,2026-06-05T07:40:54.261158+00:00
MGG1756,Evening,it_admin,0,2026-06-05T07:40:54.261158+00:00
MJK0037,Evening,it_admin,0,2026-06-05T07:40:54.261158+00:00
MLP3859,Evening,it_admin,3,2026-06-05T07:40:54.261158+00:00
MND1058,Evening,it_admin,1,2026-06-05T07:40:54.261158+00:00
MTG0463,Evening,it_admin,1,2026-06-05T07:40:54.261158+00:00
MTS0465,Evening,it_admin,1,2026-06-05T07:40:54.261158+00:00
MWK3854,Evening,it_admin,0,2026-06-05T07:40:54.261158+00:00
NCT3492,Evening,it_admin,0,2026-06-05T07:40:54.261158+00:00
NFP2441,Evening,it_admin,1,2026-06-05T07:40:54.261158+00:00
NRE1755,Evening,it_admin,0,2026-06-05T07:40:54.261158+00:00
NSC3036,Evening,it_admin,1,2026-06-05T07:40:54.261158+00:00
NWO3501,Evening,it_admin,3,2026-06-05T07:40:54.261158+00:00
OHM1030,Evening,it_admin,0,2026-06-05T07:40:54.261158+00:00
PCS1747,Evening,it_admin,0,2026-06-05T07:40:54.261158+00:00
PDK3856,Evening,it_admin,0,2026-06-05T07:40:54.261158+00:00
PGF3491,Evening,it_admin,0,2026-06-05T07:40:54.261158+00:00
PLJ1771,Evening,it_admin,2,2026-06-05T07:40:54.261158+00:00
PRH2431,Evening,it_admin,1,2026-06-05T07:40:54.261158+00:00
PTO1063,Evening,it_admin,1,2026-06-05T07:40:54.261158+00:00
QAH0048,Evening,it_admin,1,2026-06-05T07:40:54.261158+00:00
QGH0041,Evening,it_admin,1,2026-06-05T07:40:54.261158+00:00
QJF3038,Evening,it_admin,1,2026-06-05T07:40:54.261158+00:00
RAB0455,Evening,it_admin,0,2026-06-05T07:40:54.261158+00:00
RBG3850,Evening,it_admin,0,2026-06-05T07:40:54.261158+00:00
RCB2424,Evening,it_admin,1,2026-06-05T07:40:54.261158+00:00
RCF0044,Evening,it_admin,1,2026-06-05T07:40:54.261158+00:00
REK1037,Evening,it_admin,3,2026-06-05T07:40:54.261158+00:00
RGP0451,Evening,it_admin,3,2026-06-05T07:40:54.261158+00:00
RHF0046,Evening,it_admin,1,2026-06-05T07:40:54.261158+00:00
RIS2436,Evening,it_admin,1,2026-06-05T07:40:54.261158+00:00
RKW1754,Evening,it_admin,0,2026-06-05T07:40:54.261158+00:00
RME0448,Evening,it_admin,0,2026-06-05T07:40:54.261158+00:00
RMO2439,Evening,it_admin,1,2026-06-05T07:40:54.261158+00:00
RNM0466,Evening,it_admin,1,2026-06-05T07:40:54.261158+00:00
RSV2438,Evening,it_admin,1,2026-06-05T07:40:54.261158+00:00
SAB3860,Evening,it_admin,0,2026-06-05T07:40:54.261158+00:00
SAM3855,Evening,it_admin,0,2026-06-05T07:40:54.261158+00:00
SAM3862,Evening,it_admin,3,2026-06-05T07:40:54.261158+00:00
SCH3858,Evening,it_admin,0,2026-06-05T07:40:54.261158+00:00
SDB3500,Evening,it_admin,3,2026-06-05T07:40:54.261158+00:00
SHM2429,Evening,it_admin,1,2026-06-05T07:40:54.261158+00:00
SJR0452,Evening,it_admin,0,2026-06-05T07:40:54.261158+00:00
SLB3039,Evening,it_admin,1,2026-06-05T07:40:54.261158+00:00
SMO0458,Evening,it_admin,1,2026-06-05T07:40:54.261158+00:00
STC3053,Evening,it_admin,1,2026-06-05T07:40:54.261158+00:00
STR1769,Evening,it_admin,2,2026-06-05T07:40:54.261158+00:00
SWH1053,Evening,it_admin,1,2026-06-05T07:40:54.261158+00:00
TAM3048,Evening,it_admin,1,2026-06-05T07:40:54.261158+00:00
TDV1034,Evening,it_admin,3,2026-06-05T07:40:54.261158+00:00
TDW1746,Evening,it_admin,3,2026-06-05T07:40:54.261158+00:00
TPM0039,Evening,it_admin,0,2026-06-05T07:40:54.261158+00:00
TTR0045,Evening,it_admin,1,2026-06-05T07:40:54.261158+00:00
TWK1773,Evening,it_admin,2,2026-06-05T07:40:54.261158+00:00
USF1753,Evening,it_admin,0,2026-06-05T07:40:54.261158+00:00
WAL0050,Evening,it_admin,1,2026-06-05T07:40:54.261158+00:00
WBM1045,Evening,it_admin,1,2026-06-05T07:40:54.261158+00:00
WOV3040,Evening,it_admin,1,2026-06-05T07:40:54.261158+00:00
WSA1765,Evening,it_admin,2,2026-06-05T07:40:54.261158+00:00
WTF0449,Evening,it_admin,0,2026-06-05T07:40:54.261158+00:00
YKM2435,Evening,it_admin,1,2026-06-05T07:40:54.261158+00:00
YKW1763,Evening,it_admin,2,2026-06-05T07:40:54.261158+00:00
YRA3503,Evening,it_admin,0,2026-06-05T07:40:54.261158+00:00
ZAP1762,Evening,it_admin,2,2026-06-05T07:40:54.261158+00:00
ZJS1776,Evening,it_admin,2,2026-06-05T07:40:54.261158+00:00
BDP0031,Evening,healthcare,3,2026-06-05T07:40:54.261158+00:00
BGW1739,Evening,healthcare,3,2026-06-05T07:40:54.261158+00:00
CBB3018,Evening,healthcare,3,2026-06-05T07:40:54.261158+00:00
CCG1025,Evening,healthcare,2,2026-06-05T07:40:54.261158+00:00
CCH3489,Evening,healthcare,2,2026-06-05T07:40:54.261158+00:00
CLR2407,Evening,healthcare,3,2026-06-05T07:40:54.261158+00:00
CNW2408,Evening,healthcare,1,2026-06-05T07:40:54.261158+00:00
CTH3020,Evening,healthcare,2,2026-06-05T07:40:54.261158+00:00
CWH3487,Evening,healthcare,0,2026-06-05T07:40:54.261158+00:00
DBB3846,Evening,healthcare,0,2026-06-05T07:40:54.261158+00:00
DCW2405,Evening,healthcare,3,2026-06-05T07:40:54.261158+00:00
DRS0032,Evening,healthcare,2,2026-06-05T07:40:54.261158+00:00
FGK1026,Evening,healthcare,2,2026-06-05T07:40:54.261158+00:00
JCL0446,Evening,healthcare,0,2026-06-05T07:40:54.261158+00:00
JDH1027,Evening,healthcare,2,2026-06-05T07:40:54.261158+00:00
JGR3488,Evening,healthcare,0,2026-06-05T07:40:54.261158+00:00
JLM3847,Evening,healthcare,2,2026-06-05T07:40:54.261158+00:00
JSH3019,Evening,healthcare,0,2026-06-05T07:40:54.261158+00:00
KDN1740,Evening,healthcare,1,2026-06-05T07:40:54.261158+00:00
KRH1028,Evening,healthcare,0,2026-06-05T07:40:54.261158+00:00
LRT0447,Evening,healthcare,1,2026-06-05T07:40:54.261158+00:00
MSP3845,Evening,healthcare,0,2026-06-05T07:40:54.261158+00:00
NBF3844,Evening,healthcare,1,2026-06-05T07:40:54.261158+00:00
NSC1741,Evening,healthcare,1,2026-06-05T07:40:54.261158+00:00
RLK3490,Evening,healthcare,0,2026-06-05T07:40:54.261158+00:00
SSO2406,Evening,healthcare,3,2026-06-05T07:40:54.261158+00:00
SVA1742,Evening,healthcare,3,2026-06-05T07:40:54.261158+00:00
UMM3017,Evening,healthcare,2,2026-06-05T07:40:54.261158+00:00
AAB0162,Night,engineering,1,2026-06-05T07:40:54.261158+00:00
AAC0668,Night,engineering,0,2026-06-05T07:40:54.261158+00:00
AAF0819,Night,engineering,0,2026-06-05T07:40:54.261158+00:00
AAG1447,Night,engineering,0,2026-06-05T07:40:54.261158+00:00
ABC3523,Night,engineering,1,2026-06-05T07:40:54.261158+00:00
ABG3605,Night,engineering,0,2026-06-05T07:40:54.261158+00:00
ABH1181,Night,engineering,1,2026-06-05T07:40:54.261158+00:00
ABK3081,Night,engineering,1,2026-06-05T07:40:54.261158+00:00
ABM3203,Night,engineering,1,2026-06-05T07:40:54.261158+00:00
ABO1173,Night,engineering,1,2026-06-05T07:40:54.261158+00:00
ABP2003,Night,engineering,0,2026-06-05T07:40:54.261158+00:00
ABS0677,Night,engineering,1,2026-06-05T07:40:54.261158+00:00
ABW0501,Night,engineering,0,2026-06-05T07:40:54.261158+00:00
ACH1405,Night,engineering,0,2026-06-05T07:40:54.261158+00:00
ACH2102,Night,engineering,0,2026-06-05T07:40:54.261158+00:00
ACP2122,Night,engineering,1,2026-06-05T07:40:54.261158+00:00
ACR0331,Night,engineering,1,2026-06-05T07:40:54.261158+00:00
ACR0748,Night,engineering,1,2026-06-05T07:40:54.261158+00:00
ADB1105,Night,engineering,1,2026-06-05T07:40:54.261158+00:00
ADC1469,Night,engineering,1,2026-06-05T07:40:54.261158+00:00
ADG1430,Night,engineering,1,2026-06-05T07:40:54.261158+00:00
ADM1894,Night,engineering,1,2026-06-05T07:40:54.261158+00:00
AEB1458,Night,engineering,1,2026-06-05T07:40:54.261158+00:00
AEB3249,Night,engineering,1,2026-06-05T07:40:54.261158+00:00
AEB3574,Night,engineering,1,2026-06-05T07:40:54.261158+00:00
AED1421,Night,engineering,1,2026-06-05T07:40:54.261158+00:00
AEF2019,Night,engineering,1,2026-06-05T07:40:54.261158+00:00
AEH0187,Night,engineering,1,2026-06-05T07:40:54.261158+00:00
AEH2020,Night,engineering,1,2026-06-05T07:40:54.261158+00:00
AEK3566,Night,engineering,1,2026-06-05T07:40:54.261158+00:00
AEM0554,Night,engineering,1,2026-06-05T07:40:54.261158+00:00
AEW1442,Night,engineering,1,2026-06-05T07:40:54.261158+00:00
AFB3228,Night,engineering,1,2026-06-05T07:40:54.261158+00:00
AFP2709,Night,engineering,1,2026-06-05T07:40:54.261158+00:00
AGE1244,Night,engineering,0,2026-06-05T07:40:54.261158+00:00
AGL1301,Night,engineering,1,2026-06-05T07:40:54.261158+00:00
AHC1994,Night,engineering,1,2026-06-05T07:40:54.261158+00:00
AHG1408,Night,engineering,1,2026-06-05T07:40:54.261158+00:00
AHH1966,Night,engineering,0,2026-06-05T07:40:54.261158+00:00
AHK1988,Night,engineering,1,2026-06-05T07:40:54.261158+00:00
AIA2005,Night,engineering,1,2026-06-05T07:40:54.261158+00:00
AIB0553,Night,engineering,1,2026-06-05T07:40:54.261158+00:00
AIL2511,Night,engineering,1,2026-06-05T07:40:54.261158+00:00
AIT1264,Night,engineering,0,2026-06-05T07:40:54.261158+00:00
AJB1380,Night,engineering,0,2026-06-05T07:40:54.261158+00:00
AJG0240,Night,engineering,1,2026-06-05T07:40:54.261158+00:00
AJH2110,Night,engineering,1,2026-06-05T07:40:54.261158+00:00
AJM2385,Night,engineering,1,2026-06-05T07:40:54.261158+00:00
AJN1275,Night,engineering,1,2026-06-05T07:40:54.261158+00:00
AJP1199,Night,engineering,1,2026-06-05T07:40:54.261158+00:00
AJW1246,Night,engineering,1,2026-06-05T07:40:54.261158+00:00
AKG2702,Night,engineering,1,2026-06-05T07:40:54.261158+00:00
AKI3229,Night,engineering,1,2026-06-05T07:40:54.261158+00:00
AKK2125,Night,engineering,1,2026-06-05T07:40:54.261158+00:00
AKL1305,Night,engineering,1,2026-06-05T07:40:54.261158+00:00
AKP3573,Night,engineering,1,2026-06-05T07:40:54.261158+00:00
ALB2395,Night,engineering,0,2026-06-05T07:40:54.261158+00:00
ALH1872,Night,engineering,1,2026-06-05T07:40:54.261158+00:00
ALL0289,Night,engineering,1,2026-06-05T07:40:54.261158+00:00
ALS2596,Night,engineering,0,2026-06-05T07:40:54.261158+00:00
AMB3100,Night,engineering,1,2026-06-05T07:40:54.261158+00:00
AMB3208,Night,engineering,1,2026-06-05T07:40:54.261158+00:00
AMD2728,Night,engineering,0,2026-06-05T07:40:54.261158+00:00
AMH1481,Night,engineering,1,2026-06-05T07:40:54.261158+00:00
AMH3562,Night,engineering,1,2026-06-05T07:40:54.261158+00:00
AMJ3174,Night,engineering,0,2026-06-05T07:40:54.261158+00:00
AMO0582,Night,engineering,0,2026-06-05T07:40:54.261158+00:00
AMR0197,Night,engineering,1,2026-06-05T07:40:54.261158+00:00
AMS0630,Night,engineering,0,2026-06-05T07:40:54.261158+00:00
ANC1319,Night,engineering,1,2026-06-05T07:40:54.261158+00:00
ANC1834,Night,engineering,0,2026-06-05T07:40:54.261158+00:00
ANC1950,Night,engineering,1,2026-06-05T07:40:54.261158+00:00
ANH2482,Night,engineering,3,2026-06-05T07:40:54.261158+00:00
ANM0564,Night,engineering,1,2026-06-05T07:40:54.261158+00:00
ANO2653,Night,engineering,1,2026-06-05T07:40:54.261158+00:00
AOM1457,Night,engineering,0,2026-06-05T07:40:54.261158+00:00
APP1996,Night,engineering,1,2026-06-05T07:40:54.261158+00:00
APP2488,Night,engineering,0,2026-06-05T07:40:54.261158+00:00
APS1968,Night,engineering,1,2026-06-05T07:40:54.261158+00:00
ARF0575,Night,engineering,1,2026-06-05T07:40:54.261158+00:00
ARH2097,Night,engineering,1,2026-06-05T07:40:54.261158+00:00
ARP1144,Night,engineering,1,2026-06-05T07:40:54.261158+00:00
ASF1136,Night,engineering,0,2026-06-05T07:40:54.261158+00:00
ASH1710,Night,engineering,0,2026-06-05T07:40:54.261158+00:00
ASS0120,Night,engineering,1,2026-06-05T07:40:54.261158+00:00
ASS0280,Night,engineering,1,2026-06-05T07:40:54.261158+00:00
ASS2760,Night,engineering,0,2026-06-05T07:40:54.261158+00:00
ATB1273,Night,engineering,1,2026-06-05T07:40:54.261158+00:00
ATM1003,Night,engineering,1,2026-06-05T07:40:54.261158+00:00
ATR3231,Night,engineering,1,2026-06-05T07:40:54.261158+00:00
ATT0293,Night,engineering,1,2026-06-05T07:40:54.261158+00:00
AUA0826,Night,engineering,1,2026-06-05T07:40:54.261158+00:00
AVH0566,Night,engineering,1,2026-06-05T07:40:54.261158+00:00
AWV0836,Night,engineering,1,2026-06-05T07:40:54.261158+00:00
AXW3243,Night,engineering,1,2026-06-05T07:40:54.261158+00:00
AYS0110,Night,engineering,1,2026-06-05T07:40:54.261158+00:00
AZA1012,Night,engineering,0,2026-06-05T07:40:54.261158+00:00
AZK0622,Night,engineering,1,2026-06-05T07:40:54.261158+00:00
BAB0541,Night,engineering,1,2026-06-05T07:40:54.261158+00:00
BBF2388,Night,engineering,1,2026-06-05T07:40:54.261158+00:00
BBH2509,Night,engineering,1,2026-06-05T07:40:54.261158+00:00
BBM2604,Night,engineering,1,2026-06-05T07:40:54.261158+00:00
BBT1948,Night,engineering,1,2026-06-05T07:40:54.261158+00:00
BCB0294,Night,engineering,1,2026-06-05T07:40:54.261158+00:00
BCH1138,Night,engineering,0,2026-06-05T07:40:54.261158+00:00
BCL2082,Night,engineering,1,2026-06-05T07:40:54.261158+00:00
BDV2474,Night,engineering,2,2026-06-05T07:40:54.261158+00:00
BEB1022,Night,engineering,0,2026-06-05T07:40:54.261158+00:00
BEG3521,Night,engineering,1,2026-06-05T07:40:54.261158+00:00
BEW1426,Night,engineering,1,2026-06-05T07:40:54.261158+00:00
BFR3250,Night,engineering,1,2026-06-05T07:40:54.261158+00:00
BGH2610,Night,engineering,0,2026-06-05T07:40:54.261158+00:00
BGR1991,Night,engineering,0,2026-06-05T07:40:54.261158+00:00
BGS0751,Night,engineering,1,2026-06-05T07:40:54.261158+00:00
BHB2598,Night,engineering,0,2026-06-05T07:40:54.261158+00:00
BHD2088,Night,engineering,1,2026-06-05T07:40:54.261158+00:00
BHG0258,Night,engineering,1,2026-06-05T07:40:54.261158+00:00
BHG3238,Night,engineering,1,2026-06-05T07:40:54.261158+00:00
BHW2476,Night,engineering,2,2026-06-05T07:40:54.261158+00:00
BJA1137,Night,engineering,1,2026-06-05T07:40:54.261158+00:00
BJE0351,Night,engineering,1,2026-06-05T07:40:54.261158+00:00
BJG0662,Night,engineering,0,2026-06-05T07:40:54.261158+00:00
BJM2491,Night,engineering,0,2026-06-05T07:40:54.261158+00:00
BJM3236,Night,engineering,1,2026-06-05T07:40:54.261158+00:00
BJP0186,Night,engineering,1,2026-06-05T07:40:54.261158+00:00
BJW2134,Night,engineering,1,2026-06-05T07:40:54.261158+00:00
BJW3558,Night,engineering,1,2026-06-05T07:40:54.261158+00:00
BKC2698,Night,engineering,1,2026-06-05T07:40:54.261158+00:00
BKM1155,Night,engineering,1,2026-06-05T07:40:54.261158+00:00
BKM2643,Night,engineering,1,2026-06-05T07:40:54.261158+00:00
BKR3146,Night,engineering,0,2026-06-05T07:40:54.261158+00:00
BKS1860,Night,engineering,1,2026-06-05T07:40:54.261158+00:00
BLB1876,Night,engineering,1,2026-06-05T07:40:54.261158+00:00
BLS1973,Night,engineering,1,2026-06-05T07:40:54.261158+00:00
BMA1411,Night,engineering,1,2026-06-05T07:40:54.261158+00:00
BMN3207,Night,engineering,1,2026-06-05T07:40:54.261158+00:00
BMV1886,Night,engineering,0,2026-06-05T07:40:54.261158+00:00
BNC3178,Night,engineering,1,2026-06-05T07:40:54.261158+00:00
BNR2527,Night,engineering,1,2026-06-05T07:40:54.261158+00:00
BNT0663,Night,engineering,1,2026-06-05T07:40:54.261158+00:00
BOR2387,Night,engineering,2,2026-06-05T07:40:54.261158+00:00
BPL3202,Night,engineering,1,2026-06-05T07:40:54.261158+00:00
BQK2024,Night,engineering,1,2026-06-05T07:40:54.261158+00:00
BQV1308,Night,engineering,0,2026-06-05T07:40:54.261158+00:00
BRH1107,Night,engineering,0,2026-06-05T07:40:54.261158+00:00
BRJ2151,Night,engineering,1,2026-06-05T07:40:54.261158+00:00
BSB3083,Night,engineering,1,2026-06-05T07:40:54.261158+00:00
BTR2026,Night,engineering,1,2026-06-05T07:40:54.261158+00:00
BUS1727,Night,engineering,1,2026-06-05T07:40:54.261158+00:00
BUW2717,Night,engineering,1,2026-06-05T07:40:54.261158+00:00
BWA2593,Night,engineering,1,2026-06-05T07:40:54.261158+00:00
BWC2534,Night,engineering,1,2026-06-05T07:40:54.261158+00:00
BWG3220,Night,engineering,1,2026-06-05T07:40:54.261158+00:00
BWK0172,Night,engineering,0,2026-06-05T07:40:54.261158+00:00
BWW1159,Night,engineering,0,2026-06-05T07:40:54.261158+00:00
BXG1340,Night,engineering,1,2026-06-05T07:40:54.261158+00:00
BXK2091,Night,engineering,1,2026-06-05T07:40:54.261158+00:00
BXN0660,Night,engineering,1,2026-06-05T07:40:54.261158+00:00
BZH1158,Night,engineering,1,2026-06-05T07:40:54.261158+00:00
CAG0502,Night,engineering,1,2026-06-05T07:40:54.261158+00:00
CAH1839,Night,engineering,1,2026-06-05T07:40:54.261158+00:00
CAM0679,Night,engineering,1,2026-06-05T07:40:54.261158+00:00
CAM1323,Night,engineering,1,2026-06-05T07:40:54.261158+00:00
CAO3117,Night,engineering,1,2026-06-05T07:40:54.261158+00:00
CAP1971,Night,engineering,1,2026-06-05T07:40:54.261158+00:00
CAP2149,Night,engineering,1,2026-06-05T07:40:54.261158+00:00
CAR2748,Night,engineering,1,2026-06-05T07:40:54.261158+00:00
CAV1868,Night,engineering,1,2026-06-05T07:40:54.261158+00:00
CBC3175,Night,engineering,0,2026-06-05T07:40:54.261158+00:00
CBD0802,Night,engineering,1,2026-06-05T07:40:54.261158+00:00
CBG1142,Night,engineering,1,2026-06-05T07:40:54.261158+00:00
CBJ0683,Night,engineering,1,2026-06-05T07:40:54.261158+00:00
CBJ2083,Night,engineering,0,2026-06-05T07:40:54.261158+00:00
CBR0121,Night,engineering,1,2026-06-05T07:40:54.261158+00:00
CCB0547,Night,engineering,1,2026-06-05T07:40:54.261158+00:00
CCB3173,Night,engineering,1,2026-06-05T07:40:54.261158+00:00
CCD3168,Night,engineering,1,2026-06-05T07:40:54.261158+00:00
CCE0745,Night,engineering,1,2026-06-05T07:40:54.261158+00:00
CCM3075,Night,engineering,1,2026-06-05T07:40:54.261158+00:00
CCN2726,Night,engineering,1,2026-06-05T07:40:54.261158+00:00
CCS3575,Night,engineering,1,2026-06-05T07:40:54.261158+00:00
CCW2381,Night,engineering,1,2026-06-05T07:40:54.261158+00:00
CDB2017,Night,engineering,1,2026-06-05T07:40:54.261158+00:00
CDB3222,Night,engineering,0,2026-06-05T07:40:54.261158+00:00
CDE1846,Night,engineering,1,2026-06-05T07:40:54.261158+00:00
CDM0538,Night,engineering,0,2026-06-05T07:40:54.261158+00:00
CDM1097,Night,engineering,0,2026-06-05T07:40:54.261158+00:00
CDM2075,Night,engineering,0,2026-06-05T07:40:54.261158+00:00
CDW2000,Night,engineering,0,2026-06-05T07:40:54.261158+00:00
CEM1852,Night,engineering,0,2026-06-05T07:40:54.261158+00:00
CFR1166,Night,engineering,1,2026-06-05T07:40:54.261158+00:00
CGC1132,Night,engineering,0,2026-06-05T07:40:54.261158+00:00
CGT3148,Night,engineering,1,2026-06-05T07:40:54.261158+00:00
CGW3093,Night,engineering,1,2026-06-05T07:40:54.261158+00:00
CHB0996,Night,engineering,1,2026-06-05T07:40:54.261158+00:00
CHF1005,Night,engineering,1,2026-06-05T07:40:54.261158+00:00
CHL2644,Night,engineering,1,2026-06-05T07:40:54.261158+00:00
CHM2081,Night,engineering,1,2026-06-05T07:40:54.261158+00:00
CHU3211,Night,engineering,0,2026-06-05T07:40:54.261158+00:00
CHV0509,Night,engineering,1,2026-06-05T07:40:54.261158+00:00
CIG1277,Night,engineering,0,2026-06-05T07:40:54.261158+00:00
CIH0995,Night,engineering,1,2026-06-05T07:40:54.261158+00:00
CJC1433,Night,engineering,1,2026-06-05T07:40:54.261158+00:00
CJG3002,Night,engineering,1,2026-06-05T07:40:54.261158+00:00
CJH3136,Night,engineering,1,2026-06-05T07:40:54.261158+00:00
CJM0584,Night,engineering,0,2026-06-05T07:40:54.261158+00:00
CJS1986,Night,engineering,2,2026-06-05T07:40:54.261158+00:00
CJT1106,Night,engineering,0,2026-06-05T07:40:54.261158+00:00
CJW2087,Night,engineering,1,2026-06-05T07:40:54.261158+00:00
CKC3072,Night,engineering,1,2026-06-05T07:40:54.261158+00:00
CKG1972,Night,engineering,1,2026-06-05T07:40:54.261158+00:00
CKH0705,Night,engineering,1,2026-06-05T07:40:54.261158+00:00
CKH0799,Night,engineering,0,2026-06-05T07:40:54.261158+00:00
CKL0697,Night,engineering,1,2026-06-05T07:40:54.261158+00:00
CKM0508,Night,engineering,1,2026-06-05T07:40:54.261158+00:00
CKP0265,Night,engineering,0,2026-06-05T07:40:54.261158+00:00
CKP0659,Night,engineering,1,2026-06-05T07:40:54.261158+00:00
CKP3600,Night,engineering,0,2026-06-05T07:40:54.261158+00:00
CKR2586,Night,engineering,1,2026-06-05T07:40:54.261158+00:00
CLA1285,Night,engineering,1,2026-06-05T07:40:54.261158+00:00
CLC1272,Night,engineering,0,2026-06-05T07:40:54.261158+00:00
CLE3098,Night,engineering,1,2026-06-05T07:40:54.261158+00:00
CLR1239,Night,engineering,1,2026-06-05T07:40:54.261158+00:00
CMA1475,Night,engineering,1,2026-06-05T07:40:54.261158+00:00
CMA2616,Night,engineering,2,2026-06-05T07:40:54.261158+00:00
CMH3077,Night,engineering,0,2026-06-05T07:40:54.261158+00:00
CMO2396,Night,engineering,1,2026-06-05T07:40:54.261158+00:00
CMS1900,Night,engineering,0,2026-06-05T07:40:54.261158+00:00
CNB1131,Night,engineering,0,2026-06-05T07:40:54.261158+00:00
CNC1177,Night,engineering,0,2026-06-05T07:40:54.261158+00:00
CNK1711,Night,engineering,1,2026-06-05T07:40:54.261158+00:00
CNP1183,Night,engineering,1,2026-06-05T07:40:54.261158+00:00
CNS2548,Night,engineering,1,2026-06-05T07:40:54.261158+00:00
CPP0623,Night,engineering,1,2026-06-05T07:40:54.261158+00:00
CQC0997,Night,engineering,0,2026-06-05T07:40:54.261158+00:00
CRC2747,Night,engineering,1,2026-06-05T07:40:54.261158+00:00
CRP2489,Night,engineering,1,2026-06-05T07:40:54.261158+00:00
CSC3074,Night,engineering,1,2026-06-05T07:40:54.261158+00:00
CSE1265,Night,engineering,0,2026-06-05T07:40:54.261158+00:00
CSR3140,Night,engineering,1,2026-06-05T07:40:54.261158+00:00
CSR3225,Night,engineering,1,2026-06-05T07:40:54.261158+00:00
CSS1313,Night,engineering,1,2026-06-05T07:40:54.261158+00:00
CTD1850,Night,engineering,0,2026-06-05T07:40:54.261158+00:00
CTJ0669,Night,engineering,0,2026-06-05T07:40:54.261158+00:00
CTM1961,Night,engineering,1,2026-06-05T07:40:54.261158+00:00
CUP2764,Night,engineering,0,2026-06-05T07:40:54.261158+00:00
CUQ3097,Night,engineering,0,2026-06-05T07:40:54.261158+00:00
CVB2703,Night,engineering,1,2026-06-05T07:40:54.261158+00:00
CWB1463,Night,engineering,1,2026-06-05T07:40:54.261158+00:00
CWF1289,Night,engineering,1,2026-06-05T07:40:54.261158+00:00
CWL0561,Night,engineering,1,2026-06-05T07:40:54.261158+00:00
CWP1829,Night,engineering,1,2026-06-05T07:40:54.261158+00:00
CWR0117,Night,engineering,1,2026-06-05T07:40:54.261158+00:00
DAE1437,Night,engineering,1,2026-06-05T07:40:54.261158+00:00
DAF3096,Night,engineering,0,2026-06-05T07:40:54.261158+00:00
DAH2506,Night,engineering,0,2026-06-05T07:40:54.261158+00:00
DAM0096,Night,engineering,1,2026-06-05T07:40:54.261158+00:00
DAM2705,Night,engineering,0,2026-06-05T07:40:54.261158+00:00
DAR0709,Night,engineering,1,2026-06-05T07:40:54.261158+00:00
DAS1955,Night,engineering,0,2026-06-05T07:40:54.261158+00:00
DAT1981,Night,engineering,0,2026-06-05T07:40:54.261158+00:00
DBC1152,Night,engineering,1,2026-06-05T07:40:54.261158+00:00
DBL2605,Night,engineering,0,2026-06-05T07:40:54.261158+00:00
DBV2736,Night,engineering,1,2026-06-05T07:40:54.261158+00:00
DCB3597,Night,engineering,1,2026-06-05T07:40:54.261158+00:00
DCC1431,Night,engineering,1,2026-06-05T07:40:54.261158+00:00
DCC2999,Night,engineering,1,2026-06-05T07:40:54.261158+00:00
DCM3596,Night,engineering,1,2026-06-05T07:40:54.261158+00:00
DCW0174,Night,engineering,1,2026-06-05T07:40:54.261158+00:00
DDL3007,Night,engineering,1,2026-06-05T07:40:54.261158+00:00
DDS3149,Night,engineering,1,2026-06-05T07:40:54.261158+00:00
DEF0998,Night,engineering,1,2026-06-05T07:40:54.261158+00:00
DEP0163,Night,engineering,1,2026-06-05T07:40:54.261158+00:00
DHC1989,Night,engineering,0,2026-06-05T07:40:54.261158+00:00
DHG1830,Night,engineering,1,2026-06-05T07:40:54.261158+00:00
DJB1236,Night,engineering,0,2026-06-05T07:40:54.261158+00:00
DJP3230,Night,engineering,1,2026-06-05T07:40:54.261158+00:00
DJR2389,Night,engineering,1,2026-06-05T07:40:54.261158+00:00
DJS1127,Night,engineering,1,2026-06-05T07:40:54.261158+00:00
DJS1271,Night,engineering,1,2026-06-05T07:40:54.261158+00:00
DKB0260,Night,engineering,1,2026-06-05T07:40:54.261158+00:00
DKE0797,Night,engineering,1,2026-06-05T07:40:54.261158+00:00
DKF2721,Night,engineering,1,2026-06-05T07:40:54.261158+00:00
DKP0671,Night,engineering,1,2026-06-05T07:40:54.261158+00:00
DLP1445,Night,engineering,1,2026-06-05T07:40:54.261158+00:00
DLR1423,Night,engineering,1,2026-06-05T07:40:54.261158+00:00
DLW2729,Night,engineering,0,2026-06-05T07:40:54.261158+00:00
DMB1429,Night,engineering,1,2026-06-05T07:40:54.261158+00:00
DMB2533,Night,engineering,1,2026-06-05T07:40:54.261158+00:00
DMC1438,Night,engineering,1,2026-06-05T07:40:54.261158+00:00
DMG1298,Night,engineering,0,2026-06-05T07:40:54.261158+00:00
DMS1977,Night,engineering,1,2026-06-05T07:40:54.261158+00:00
DMW2128,Night,engineering,1,2026-06-05T07:40:54.261158+00:00
DNB1999,Night,engineering,0,2026-06-05T07:40:54.261158+00:00
DNM0275,Night,engineering,1,2026-06-05T07:40:54.261158+00:00
DNV1964,Night,engineering,0,2026-06-05T07:40:54.261158+00:00
DOB2696,Night,engineering,0,2026-06-05T07:40:54.261158+00:00
DOM0586,Night,engineering,1,2026-06-05T07:40:54.261158+00:00
DOS1990,Night,engineering,1,2026-06-05T07:40:54.261158+00:00
DOW1266,Night,engineering,0,2026-06-05T07:40:54.261158+00:00
DPF3215,Night,engineering,0,2026-06-05T07:40:54.261158+00:00
DQS0752,Night,engineering,1,2026-06-05T07:40:54.261158+00:00
DRD0097,Night,engineering,0,2026-06-05T07:40:54.261158+00:00
DRH3557,Night,engineering,1,2026-06-05T07:40:54.261158+00:00
DRJ0794,Night,engineering,0,2026-06-05T07:40:54.261158+00:00
DRN0782,Night,engineering,1,2026-06-05T07:40:54.261158+00:00
DSB2734,Night,engineering,1,2026-06-05T07:40:54.261158+00:00
DSD1293,Night,engineering,1,2026-06-05T07:40:54.261158+00:00
DSJ1384,Night,engineering,1,2026-06-05T07:40:54.261158+00:00
DSM1286,Night,engineering,1,2026-06-05T07:40:54.261158+00:00
DTG1294,Night,engineering,1,2026-06-05T07:40:54.261158+00:00
DTH1333,Night,engineering,1,2026-06-05T07:40:54.261158+00:00
DTW1276,Night,engineering,1,2026-06-05T07:40:54.261158+00:00
DWB0238,Night,engineering,0,2026-06-05T07:40:54.261158+00:00
DWB3085,Night,engineering,1,2026-06-05T07:40:54.261158+00:00
DWD2621,Night,engineering,2,2026-06-05T07:40:54.261158+00:00
DWK2099,Night,engineering,1,2026-06-05T07:40:54.261158+00:00
DYH0315,Night,engineering,1,2026-06-05T07:40:54.261158+00:00
EAB2522,Night,engineering,0,2026-06-05T07:40:54.261158+00:00
EAH3107,Night,engineering,1,2026-06-05T07:40:54.261158+00:00
EAM1432,Night,engineering,1,2026-06-05T07:40:54.261158+00:00
EBC3242,Night,engineering,1,2026-06-05T07:40:54.261158+00:00
EBH1882,Night,engineering,1,2026-06-05T07:40:54.261158+00:00
ECB1341,Night,engineering,1,2026-06-05T07:40:54.261158+00:00
EDJ1970,Night,engineering,1,2026-06-05T07:40:54.261158+00:00
EDP1880,Night,engineering,1,2026-06-05T07:40:54.261158+00:00
EDV1427,Night,engineering,1,2026-06-05T07:40:54.261158+00:00
EFC1153,Night,engineering,1,2026-06-05T07:40:54.261158+00:00
EGP2104,Night,engineering,1,2026-06-05T07:40:54.261158+00:00
EIF1865,Night,engineering,0,2026-06-05T07:40:54.261158+00:00
EIY2749,Night,engineering,1,2026-06-05T07:40:54.261158+00:00
EJS1338,Night,engineering,1,2026-06-05T07:40:54.261158+00:00
EKH2084,Night,engineering,0,2026-06-05T07:40:54.261158+00:00
ELC1833,Night,engineering,0,2026-06-05T07:40:54.261158+00:00
ELR1140,Night,engineering,0,2026-06-05T07:40:54.261158+00:00
ELW1413,Night,engineering,1,2026-06-05T07:40:54.261158+00:00
EMC3609,Night,engineering,1,2026-06-05T07:40:54.261158+00:00
EMH1957,Night,engineering,0,2026-06-05T07:40:54.261158+00:00
EMS1736,Night,engineering,1,2026-06-05T07:40:54.261158+00:00
ENR1304,Night,engineering,1,2026-06-05T07:40:54.261158+00:00
ERC1840,Night,engineering,0,2026-06-05T07:40:54.261158+00:00
ERH0815,Night,engineering,1,2026-06-05T07:40:54.261158+00:00
ESH1283,Night,engineering,1,2026-06-05T07:40:54.261158+00:00
ESH2077,Night,engineering,1,2026-06-05T07:40:54.261158+00:00
ETA0791,Night,engineering,1,2026-06-05T07:40:54.261158+00:00
ETM2542,Night,engineering,1,2026-06-05T07:40:54.261158+00:00
EUV1842,Night,engineering,1,2026-06-05T07:40:54.261158+00:00
EVF1722,Night,engineering,1,2026-06-05T07:40:54.261158+00:00
FAD3114,Night,engineering,1,2026-06-05T07:40:54.261158+00:00
FAH1851,Night,engineering,0,2026-06-05T07:40:54.261158+00:00
FAJ3101,Night,engineering,1,2026-06-05T07:40:54.261158+00:00
FAJ3608,Night,engineering,0,2026-06-05T07:40:54.261158+00:00
FAL1867,Night,engineering,1,2026-06-05T07:40:54.261158+00:00
FAP0199,Night,engineering,1,2026-06-05T07:40:54.261158+00:00
FAW1969,Night,engineering,1,2026-06-05T07:40:54.261158+00:00
FCB0563,Night,engineering,0,2026-06-05T07:40:54.261158+00:00
FCS1128,Night,engineering,0,2026-06-05T07:40:54.261158+00:00
FCY1157,Night,engineering,1,2026-06-05T07:40:54.261158+00:00
FDF2135,Night,engineering,0,2026-06-05T07:40:54.261158+00:00
FDS0810,Night,engineering,1,2026-06-05T07:40:54.261158+00:00
FFP3169,Night,engineering,1,2026-06-05T07:40:54.261158+00:00
FGC0114,Night,engineering,1,2026-06-05T07:40:54.261158+00:00
FGH1958,Night,engineering,1,2026-06-05T07:40:54.261158+00:00
FJA1848,Night,engineering,0,2026-06-05T07:40:54.261158+00:00
FJO1828,Night,engineering,1,2026-06-05T07:40:54.261158+00:00
FKH0804,Night,engineering,0,2026-06-05T07:40:54.261158+00:00
FKS0094,Night,engineering,1,2026-06-05T07:40:54.261158+00:00
FNM1482,Night,engineering,1,2026-06-05T07:40:54.261158+00:00
FNM2124,Night,engineering,1,2026-06-05T07:40:54.261158+00:00
FNW3564,Night,engineering,1,2026-06-05T07:40:54.261158+00:00
FPM2074,Night,engineering,1,2026-06-05T07:40:54.261158+00:00
FSP0703,Night,engineering,0,2026-06-05T07:40:54.261158+00:00
FXD3105,Night,engineering,1,2026-06-05T07:40:54.261158+00:00
FZW2101,Night,engineering,1,2026-06-05T07:40:54.261158+00:00
GAB1885,Night,engineering,0,2026-06-05T07:40:54.261158+00:00
GAF2480,Night,engineering,1,2026-06-05T07:40:54.261158+00:00
GAW0808,Night,engineering,1,2026-06-05T07:40:54.261158+00:00
GBH1126,Night,engineering,1,2026-06-05T07:40:54.261158+00:00
GCD1189,Night,engineering,0,2026-06-05T07:40:54.261158+00:00
GCJ0831,Night,engineering,0,2026-06-05T07:40:54.261158+00:00
GCM0813,Night,engineering,1,2026-06-05T07:40:54.261158+00:00
GCR2597,Night,engineering,0,2026-06-05T07:40:54.261158+00:00
GDF3524,Night,engineering,0,2026-06-05T07:40:54.261158+00:00
GDH2500,Night,engineering,1,2026-06-05T07:40:54.261158+00:00
GDP1856,Night,engineering,0,2026-06-05T07:40:54.261158+00:00
GDS3165,Night,engineering,1,2026-06-05T07:40:54.261158+00:00
GDY2724,Night,engineering,1,2026-06-05T07:40:54.261158+00:00
GEB3079,Night,engineering,1,2026-06-05T07:40:54.261158+00:00
GEG2093,Night,engineering,1,2026-06-05T07:40:54.261158+00:00
GER1997,Night,engineering,1,2026-06-05T07:40:54.261158+00:00
GES2626,Night,engineering,1,2026-06-05T07:40:54.261158+00:00
GFB1385,Night,engineering,1,2026-06-05T07:40:54.261158+00:00
GFP2144,Night,engineering,0,2026-06-05T07:40:54.261158+00:00
GFV3163,Night,engineering,1,2026-06-05T07:40:54.261158+00:00
GGH1726,Night,engineering,0,2026-06-05T07:40:54.261158+00:00
GHD1450,Night,engineering,1,2026-06-05T07:40:54.261158+00:00
GHT3177,Night,engineering,0,2026-06-05T07:40:54.261158+00:00
GIM0786,Night,engineering,0,2026-06-05T07:40:54.261158+00:00
GJB2659,Night,engineering,1,2026-06-05T07:40:54.261158+00:00
GJD1141,Night,engineering,1,2026-06-05T07:40:54.261158+00:00
GJG0170,Night,engineering,0,2026-06-05T07:40:54.261158+00:00
GJT1292,Night,engineering,1,2026-06-05T07:40:54.261158+00:00
GKB1150,Night,engineering,1,2026-06-05T07:40:54.261158+00:00
GKG2763,Night,engineering,1,2026-06-05T07:40:54.261158+00:00
GLM3106,Night,engineering,1,2026-06-05T07:40:54.261158+00:00
GLN2107,Night,engineering,0,2026-06-05T07:40:54.261158+00:00
GLS1193,Night,engineering,1,2026-06-05T07:40:54.261158+00:00
GMI1134,Night,engineering,1,2026-06-05T07:40:54.261158+00:00
GMK1449,Night,engineering,0,2026-06-05T07:40:54.261158+00:00
GNA0183,Night,engineering,1,2026-06-05T07:40:54.261158+00:00
GRA0329,Night,engineering,0,2026-06-05T07:40:54.261158+00:00
GRL3110,Night,engineering,1,2026-06-05T07:40:54.261158+00:00
GSA2720,Night,engineering,0,2026-06-05T07:40:54.261158+00:00
GSB0666,Night,engineering,1,2026-06-05T07:40:54.261158+00:00
GSC0192,Night,engineering,0,2026-06-05T07:40:54.261158+00:00
GST1100,Night,engineering,0,2026-06-05T07:40:54.261158+00:00
GTC0747,Night,engineering,1,2026-06-05T07:40:54.261158+00:00
GYH3476,Night,engineering,1,2026-06-05T07:40:54.261158+00:00
HAC1300,Night,engineering,1,2026-06-05T07:40:54.261158+00:00
HAF1891,Night,engineering,0,2026-06-05T07:40:54.261158+00:00
HAP3000,Night,engineering,1,2026-06-05T07:40:54.261158+00:00
HAR1101,Night,engineering,1,2026-06-05T07:40:54.261158+00:00
HBM0676,Night,engineering,1,2026-06-05T07:40:54.261158+00:00
HBM2126,Night,engineering,0,2026-06-05T07:40:54.261158+00:00
HCB1383,Night,engineering,1,2026-06-05T07:40:54.261158+00:00
HCO3108,Night,engineering,1,2026-06-05T07:40:54.261158+00:00
HCR1322,Night,engineering,1,2026-06-05T07:40:54.261158+00:00
HDC0789,Night,engineering,1,2026-06-05T07:40:54.261158+00:00
HDC2132,Night,engineering,0,2026-06-05T07:40:54.261158+00:00
HDN1139,Night,engineering,1,2026-06-05T07:40:54.261158+00:00
HDN2609,Night,engineering,1,2026-06-05T07:40:54.261158+00:00
HES2103,Night,engineering,1,2026-06-05T07:40:54.261158+00:00
HGJ2592,Night,engineering,1,2026-06-05T07:40:54.261158+00:00
HGR0198,Night,engineering,1,2026-06-05T07:40:54.261158+00:00
HHD2393,Night,engineering,1,2026-06-05T07:40:54.261158+00:00
HID1899,Night,engineering,1,2026-06-05T07:40:54.261158+00:00
HJH2588,Night,engineering,1,2026-06-05T07:40:54.261158+00:00
HJR1160,Night,engineering,1,2026-06-05T07:40:54.261158+00:00
HJR2127,Night,engineering,0,2026-06-05T07:40:54.261158+00:00
HJR3540,Night,engineering,0,2026-06-05T07:40:54.261158+00:00
HKA0686,Night,engineering,1,2026-06-05T07:40:54.261158+00:00
HKD1826,Night,engineering,0,2026-06-05T07:40:54.261158+00:00
HKK2716,Night,engineering,1,2026-06-05T07:40:54.261158+00:00
HKM3016,Night,engineering,1,2026-06-05T07:40:54.261158+00:00
HKW2615,Night,engineering,3,2026-06-05T07:40:54.261158+00:00
HLC1172,Night,engineering,0,2026-06-05T07:40:54.261158+00:00
HLD1270,Night,engineering,1,2026-06-05T07:40:54.261158+00:00
HLM1007,Night,engineering,1,2026-06-05T07:40:54.261158+00:00
HLS2098,Night,engineering,1,2026-06-05T07:40:54.261158+00:00
HLS2733,Night,engineering,1,2026-06-05T07:40:54.261158+00:00
HMB0805,Night,engineering,1,2026-06-05T07:40:54.261158+00:00
HMM2628,Night,engineering,1,2026-06-05T07:40:54.261158+00:00
HMT1024,Night,engineering,1,2026-06-05T07:40:54.261158+00:00
HSF1454,Night,engineering,1,2026-06-05T07:40:54.261158+00:00
HSH0292,Night,engineering,1,2026-06-05T07:40:54.261158+00:00
HSH3606,Night,engineering,1,2026-06-05T07:40:54.261158+00:00
HUM2481,Night,engineering,2,2026-06-05T07:40:54.261158+00:00
HVS1143,Night,engineering,0,2026-06-05T07:40:54.261158+00:00
IAG2742,Night,engineering,0,2026-06-05T07:40:54.261158+00:00
IAM3078,Night,engineering,1,2026-06-05T07:40:54.261158+00:00
IAR1895,Night,engineering,0,2026-06-05T07:40:54.261158+00:00
ICB3167,Night,engineering,1,2026-06-05T07:40:54.261158+00:00
ICH1478,Night,engineering,1,2026-06-05T07:40:54.261158+00:00
ICH2378,Night,engineering,1,2026-06-05T07:40:54.261158+00:00
ICL0565,Night,engineering,0,2026-06-05T07:40:54.261158+00:00
IDF0189,Night,engineering,1,2026-06-05T07:40:54.261158+00:00
IFS0793,Night,engineering,1,2026-06-05T07:40:54.261158+00:00
IHB0288,Night,engineering,1,2026-06-05T07:40:54.261158+00:00
IHD1978,Night,engineering,3,2026-06-05T07:40:54.261158+00:00
IHH2590,Night,engineering,1,2026-06-05T07:40:54.261158+00:00
IHS0816,Night,engineering,1,2026-06-05T07:40:54.261158+00:00
IHW2112,Night,engineering,0,2026-06-05T07:40:54.261158+00:00
IIF2584,Night,engineering,1,2026-06-05T07:40:54.261158+00:00
IKG3154,Night,engineering,1,2026-06-05T07:40:54.261158+00:00
ILH0248,Night,engineering,1,2026-06-05T07:40:54.261158+00:00
ILS0713,Night,engineering,1,2026-06-05T07:40:54.261158+00:00
ILY3152,Night,engineering,1,2026-06-05T07:40:54.261158+00:00
IMH0562,Night,engineering,1,2026-06-05T07:40:54.261158+00:00
IMM2118,Night,engineering,0,2026-06-05T07:40:54.261158+00:00
IMN1730,Night,engineering,1,2026-06-05T07:40:54.261158+00:00
INB3109,Night,engineering,0,2026-06-05T07:40:54.261158+00:00
IOM0542,Night,engineering,0,2026-06-05T07:40:54.261158+00:00
IOP1859,Night,engineering,0,2026-06-05T07:40:54.261158+00:00
IRS1337,Night,engineering,1,2026-06-05T07:40:54.261158+00:00
IRW2130,Night,engineering,0,2026-06-05T07:40:54.261158+00:00
ISG2025,Night,engineering,1,2026-06-05T07:40:54.261158+00:00
ISM2612,Night,engineering,1,2026-06-05T07:40:54.261158+00:00
ISR1477,Night,engineering,1,2026-06-05T07:40:54.261158+00:00
IWW0699,Night,engineering,1,2026-06-05T07:40:54.261158+00:00
JAS0353,Night,engineering,1,2026-06-05T07:40:54.261158+00:00
JAW0551,Night,engineering,0,2026-06-05T07:40:54.261158+00:00
JBB1875,Night,engineering,0,2026-06-05T07:40:54.261158+00:00
JBM2769,Night,engineering,0,2026-06-05T07:40:54.261158+00:00
JBS1291,Night,engineering,0,2026-06-05T07:40:54.261158+00:00
JBW0109,Night,engineering,1,2026-06-05T07:40:54.261158+00:00
JCB2089,Night,engineering,1,2026-06-05T07:40:54.261158+00:00
JCC1381,Night,engineering,1,2026-06-05T07:40:54.261158+00:00
JCF0800,Night,engineering,0,2026-06-05T07:40:54.261158+00:00
JCG1982,Night,engineering,2,2026-06-05T07:40:54.261158+00:00
JCH1410,Night,engineering,1,2026-06-05T07:40:54.261158+00:00
JCH1952,Night,engineering,0,2026-06-05T07:40:54.261158+00:00
JCH2505,Night,engineering,1,2026-06-05T07:40:54.261158+00:00
JCM1388,Night,engineering,1,2026-06-05T07:40:54.261158+00:00
JCP1462,Night,engineering,1,2026-06-05T07:40:54.261158+00:00
JCR1148,Night,engineering,1,2026-06-05T07:40:54.261158+00:00
JDH0295,Night,engineering,1,2026-06-05T07:40:54.261158+00:00
JDV1245,Night,engineering,1,2026-06-05T07:40:54.261158+00:00
JEM0546,Night,engineering,1,2026-06-05T07:40:54.261158+00:00
JEW2141,Night,engineering,1,2026-06-05T07:40:54.261158+00:00
JFR3527,Night,engineering,1,2026-06-05T07:40:54.261158+00:00
JGW1274,Night,engineering,0,2026-06-05T07:40:54.261158+00:00
JHD2499,Night,engineering,1,2026-06-05T07:40:54.261158+00:00
JHE3080,Night,engineering,1,2026-06-05T07:40:54.261158+00:00
JHF1278,Night,engineering,0,2026-06-05T07:40:54.261158+00:00
JHK1849,Night,engineering,1,2026-06-05T07:40:54.261158+00:00
JIB2606,Night,engineering,1,2026-06-05T07:40:54.261158+00:00
JIN3522,Night,engineering,1,2026-06-05T07:40:54.261158+00:00
JIR2594,Night,engineering,1,2026-06-05T07:40:54.261158+00:00
JIW2086,Night,engineering,0,2026-06-05T07:40:54.261158+00:00
JJC0116,Night,engineering,0,2026-06-05T07:40:54.261158+00:00
JJF1325,Night,engineering,1,2026-06-05T07:40:54.261158+00:00
JJH0681,Night,engineering,1,2026-06-05T07:40:54.261158+00:00
JJJ1267,Night,engineering,1,2026-06-05T07:40:54.261158+00:00
JJL1448,Night,engineering,1,2026-06-05T07:40:54.261158+00:00
JJS2079,Night,engineering,1,2026-06-05T07:40:54.261158+00:00
JKC2754,Night,engineering,1,2026-06-05T07:40:54.261158+00:00
JKF1825,Night,engineering,0,2026-06-05T07:40:54.261158+00:00
JKK1422,Night,engineering,1,2026-06-05T07:40:54.261158+00:00
JLF3219,Night,engineering,0,2026-06-05T07:40:54.261158+00:00
JLM3150,Night,engineering,1,2026-06-05T07:40:54.261158+00:00
JLR0632,Night,engineering,1,2026-06-05T07:40:54.261158+00:00
JLW3598,Night,engineering,0,2026-06-05T07:40:54.261158+00:00
JME0387,Night,engineering,1,2026-06-05T07:40:54.261158+00:00
JMH1847,Night,engineering,1,2026-06-05T07:40:54.261158+00:00
JMH2517,Night,engineering,1,2026-06-05T07:40:54.261158+00:00
JNC2650,Night,engineering,0,2026-06-05T07:40:54.261158+00:00
JNP1240,Night,engineering,0,2026-06-05T07:40:54.261158+00:00
JON0788,Night,engineering,1,2026-06-05T07:40:54.261158+00:00
JOW0688,Night,engineering,1,2026-06-05T07:40:54.261158+00:00
JPC2507,Night,engineering,0,2026-06-05T07:40:54.261158+00:00
JPF1296,Night,engineering,0,2026-06-05T07:40:54.261158+00:00
JPH1129,Night,engineering,1,2026-06-05T07:40:54.261158+00:00
JRK2707,Night,engineering,1,2026-06-05T07:40:54.261158+00:00
JRM1303,Night,engineering,1,2026-06-05T07:40:54.261158+00:00
JRP0250,Night,engineering,1,2026-06-05T07:40:54.261158+00:00
JRR0829,Night,engineering,1,2026-06-05T07:40:54.261158+00:00
JRR2745,Night,engineering,0,2026-06-05T07:40:54.261158+00:00
JRR3014,Night,engineering,1,2026-06-05T07:40:54.261158+00:00
JSB0783,Night,engineering,1,2026-06-05T07:40:54.261158+00:00
JSH1843,Night,engineering,1,2026-06-05T07:40:54.261158+00:00
JSJ2743,Night,engineering,1,2026-06-05T07:40:54.261158+00:00
JTN2073,Night,engineering,1,2026-06-05T07:40:54.261158+00:00
JTR3205,Night,engineering,1,2026-06-05T07:40:54.261158+00:00
JTS2090,Night,engineering,1,2026-06-05T07:40:54.261158+00:00
JTV2654,Night,engineering,1,2026-06-05T07:40:54.261158+00:00
JUL1835,Night,engineering,1,2026-06-05T07:40:54.261158+00:00
JVB3184,Night,engineering,1,2026-06-05T07:40:54.261158+00:00
JYW1965,Night,engineering,1,2026-06-05T07:40:54.261158+00:00
JZM1335,Night,engineering,0,2026-06-05T07:40:54.261158+00:00
KAB1420,Night,engineering,1,2026-06-05T07:40:54.261158+00:00
KAG0689,Night,engineering,1,2026-06-05T07:40:54.261158+00:00
KAG2599,Night,engineering,1,2026-06-05T07:40:54.261158+00:00
KAH3247,Night,engineering,1,2026-06-05T07:40:54.261158+00:00
KBF2661,Night,engineering,0,2026-06-05T07:40:54.261158+00:00
KBK3593,Night,engineering,1,2026-06-05T07:40:54.261158+00:00
KBO2708,Night,engineering,1,2026-06-05T07:40:54.261158+00:00
KBP2753,Night,engineering,1,2026-06-05T07:40:54.261158+00:00
KCB1975,Night,engineering,1,2026-06-05T07:40:54.261158+00:00
KCD0181,Night,engineering,1,2026-06-05T07:40:54.261158+00:00
KCH2475,Night,engineering,1,2026-06-05T07:40:54.261158+00:00
KCH3095,Night,engineering,1,2026-06-05T07:40:54.261158+00:00
KCH3224,Night,engineering,1,2026-06-05T07:40:54.261158+00:00
KCM0806,Night,engineering,1,2026-06-05T07:40:54.261158+00:00
KCM1858,Night,engineering,1,2026-06-05T07:40:54.261158+00:00
KCM1893,Night,engineering,0,2026-06-05T07:40:54.261158+00:00
KCM2495,Night,engineering,0,2026-06-05T07:40:54.261158+00:00
KCO0269,Night,engineering,1,2026-06-05T07:40:54.261158+00:00
KCR0577,Night,engineering,0,2026-06-05T07:40:54.261158+00:00
KCW2117,Night,engineering,1,2026-06-05T07:40:54.261158+00:00
KDA1452,Night,engineering,0,2026-06-05T07:40:54.261158+00:00
KDB0266,Night,engineering,1,2026-06-05T07:40:54.261158+00:00
KDH1284,Night,engineering,1,2026-06-05T07:40:54.261158+00:00
KDN0264,Night,engineering,1,2026-06-05T07:40:54.261158+00:00
KDR3234,Night,engineering,1,2026-06-05T07:40:54.261158+00:00
KEC0785,Night,engineering,0,2026-06-05T07:40:54.261158+00:00
KEF0629,Night,engineering,1,2026-06-05T07:40:54.261158+00:00
KEH0665,Night,engineering,1,2026-06-05T07:40:54.261158+00:00
KEW1179,Night,engineering,0,2026-06-05T07:40:54.261158+00:00
KGB0500,Night,engineering,1,2026-06-05T07:40:54.261158+00:00
KGD2603,Night,engineering,0,2026-06-05T07:40:54.261158+00:00
KGF2552,Night,engineering,1,2026-06-05T07:40:54.261158+00:00
KJC1419,Night,engineering,1,2026-06-05T07:40:54.261158+00:00
KJH0588,Night,engineering,1,2026-06-05T07:40:54.261158+00:00
KJR1377,Night,engineering,1,2026-06-05T07:40:54.261158+00:00
KJR3538,Night,engineering,1,2026-06-05T07:40:54.261158+00:00
KKB2094,Night,engineering,1,2026-06-05T07:40:54.261158+00:00
KKC2119,Night,engineering,1,2026-06-05T07:40:54.261158+00:00
KKD1980,Night,engineering,3,2026-06-05T07:40:54.261158+00:00
KKL1310,Night,engineering,1,2026-06-05T07:40:54.261158+00:00
KLH0276,Night,engineering,0,2026-06-05T07:40:54.261158+00:00
KLL3118,Night,engineering,0,2026-06-05T07:40:54.261158+00:00
KLP0249,Night,engineering,0,2026-06-05T07:40:54.261158+00:00
KLZ0507,Night,engineering,1,2026-06-05T07:40:54.261158+00:00
KMB1379,Night,engineering,1,2026-06-05T07:40:54.261158+00:00
KMB3003,Night,engineering,1,2026-06-05T07:40:54.261158+00:00
KMR0682,Night,engineering,1,2026-06-05T07:40:54.261158+00:00
KMS0568,Night,engineering,0,2026-06-05T07:40:54.261158+00:00
KMW0259,Night,engineering,0,2026-06-05T07:40:54.261158+00:00
KNA1279,Night,engineering,1,2026-06-05T07:40:54.261158+00:00
KNB0560,Night,engineering,1,2026-06-05T07:40:54.261158+00:00
KNC3843,Night,engineering,0,2026-06-05T07:40:54.261158+00:00
KNH1985,Night,engineering,2,2026-06-05T07:40:54.261158+00:00
KNK1428,Night,engineering,0,2026-06-05T07:40:54.261158+00:00
KNM1154,Night,engineering,0,2026-06-05T07:40:54.261158+00:00
KNM1318,Night,engineering,1,2026-06-05T07:40:54.261158+00:00
KNS0539,Night,engineering,1,2026-06-05T07:40:54.261158+00:00
KNW1321,Night,engineering,1,2026-06-05T07:40:54.261158+00:00
KOB2624,Night,engineering,1,2026-06-05T07:40:54.261158+00:00
KOM1306,Night,engineering,1,2026-06-05T07:40:54.261158+00:00
KOR1163,Night,engineering,1,2026-06-05T07:40:54.261158+00:00
KQD0274,Night,engineering,1,2026-06-05T07:40:54.261158+00:00
KRB3120,Night,engineering,0,2026-06-05T07:40:54.261158+00:00
KRD2100,Night,engineering,1,2026-06-05T07:40:54.261158+00:00
KRH0589,Night,engineering,1,2026-06-05T07:40:54.261158+00:00
KSH0672,Night,engineering,1,2026-06-05T07:40:54.261158+00:00
KSP1288,Night,engineering,0,2026-06-05T07:40:54.261158+00:00
KSW3237,Night,engineering,0,2026-06-05T07:40:54.261158+00:00
KTW1719,Night,engineering,1,2026-06-05T07:40:54.261158+00:00
KVW0814,Night,engineering,1,2026-06-05T07:40:54.261158+00:00
KWB1967,Night,engineering,0,2026-06-05T07:40:54.261158+00:00
KWD2589,Night,engineering,1,2026-06-05T07:40:54.261158+00:00
KZG3565,Night,engineering,1,2026-06-05T07:40:54.261158+00:00
KZM2602,Night,engineering,0,2026-06-05T07:40:54.261158+00:00
LAB1297,Night,engineering,0,2026-06-05T07:40:54.261158+00:00
LAC0994,Night,engineering,1,2026-06-05T07:40:54.261158+00:00
LAL1956,Night,engineering,0,2026-06-05T07:40:54.261158+00:00
LAN2608,Night,engineering,1,2026-06-05T07:40:54.261158+00:00
LAO2771,Night,engineering,0,2026-06-05T07:40:54.261158+00:00
LAR0625,Night,engineering,1,2026-06-05T07:40:54.261158+00:00
LAW1407,Night,engineering,1,2026-06-05T07:40:54.261158+00:00
LBC0194,Night,engineering,0,2026-06-05T07:40:54.261158+00:00
LBF1992,Night,engineering,1,2026-06-05T07:40:54.261158+00:00
LBR1387,Night,engineering,1,2026-06-05T07:40:54.261158+00:00
LBW3159,Night,engineering,1,2026-06-05T07:40:54.261158+00:00
LCC1108,Night,engineering,0,2026-06-05T07:40:54.261158+00:00
LCC1963,Night,engineering,1,2026-06-05T07:40:54.261158+00:00
LCC2503,Night,engineering,0,2026-06-05T07:40:54.261158+00:00
LCG0784,Night,engineering,0,2026-06-05T07:40:54.261158+00:00
LCH2740,Night,engineering,0,2026-06-05T07:40:54.261158+00:00
LCP0572,Night,engineering,1,2026-06-05T07:40:54.261158+00:00
LDB3087,Night,engineering,1,2026-06-05T07:40:54.261158+00:00
LDN2514,Night,engineering,1,2026-06-05T07:40:54.261158+00:00
LFC2015,Night,engineering,1,2026-06-05T07:40:54.261158+00:00
LGJ2710,Night,engineering,1,2026-06-05T07:40:54.261158+00:00
LGR3119,Night,engineering,1,2026-06-05T07:40:54.261158+00:00
LGS1976,Night,engineering,1,2026-06-05T07:40:54.261158+00:00
LHB3089,Night,engineering,1,2026-06-05T07:40:54.261158+00:00
LHG3145,Night,engineering,1,2026-06-05T07:40:54.261158+00:00
LIC0203,Night,engineering,1,2026-06-05T07:40:54.261158+00:00
LIM1718,Night,engineering,1,2026-06-05T07:40:54.261158+00:00
LJC0191,Night,engineering,1,2026-06-05T07:40:54.261158+00:00
LJH2619,Night,engineering,2,2026-06-05T07:40:54.261158+00:00
LKH2512,Night,engineering,0,2026-06-05T07:40:54.261158+00:00
LKS1416,Night,engineering,1,2026-06-05T07:40:54.261158+00:00
LLG1238,Night,engineering,1,2026-06-05T07:40:54.261158+00:00
LLG2714,Night,engineering,1,2026-06-05T07:40:54.261158+00:00
LLH3157,Night,engineering,1,2026-06-05T07:40:54.261158+00:00
LLJ1243,Night,engineering,1,2026-06-05T07:40:54.261158+00:00
LLT0291,Night,engineering,1,2026-06-05T07:40:54.261158+00:00
LMB3241,Night,engineering,0,2026-06-05T07:40:54.261158+00:00
LMF0670,Night,engineering,0,2026-06-05T07:40:54.261158+00:00
LMH1987,Night,engineering,0,2026-06-05T07:40:54.261158+00:00
LMJ3535,Night,engineering,1,2026-06-05T07:40:54.261158+00:00
LND2704,Night,engineering,1,2026-06-05T07:40:54.261158+00:00
LNP3092,Night,engineering,1,2026-06-05T07:40:54.261158+00:00
LNR0556,Night,engineering,1,2026-06-05T07:40:54.261158+00:00
LNV0271,Night,engineering,0,2026-06-05T07:40:54.261158+00:00
LOC1446,Night,engineering,0,2026-06-05T07:40:54.261158+00:00
LPE0270,Night,engineering,1,2026-06-05T07:40:54.261158+00:00
LQW0555,Night,engineering,0,2026-06-05T07:40:54.261158+00:00
LQW1314,Night,engineering,1,2026-06-05T07:40:54.261158+00:00
LRC3160,Night,engineering,1,2026-06-05T07:40:54.261158+00:00
LRL1316,Night,engineering,1,2026-06-05T07:40:54.261158+00:00
LRP2591,Night,engineering,1,2026-06-05T07:40:54.261158+00:00
LRS1165,Night,engineering,1,2026-06-05T07:40:54.261158+00:00
LRS1168,Night,engineering,1,2026-06-05T07:40:54.261158+00:00
LTR1729,Night,engineering,1,2026-06-05T07:40:54.261158+00:00
LTW1378,Night,engineering,1,2026-06-05T07:40:54.261158+00:00
LTW1441,Night,engineering,1,2026-06-05T07:40:54.261158+00:00
LUK1182,Night,engineering,1,2026-06-05T07:40:54.261158+00:00
LVK3180,Night,engineering,0,2026-06-05T07:40:54.261158+00:00
MAC1404,Night,engineering,0,2026-06-05T07:40:54.261158+00:00
MAC3214,Night,engineering,0,2026-06-05T07:40:54.261158+00:00
MAH0590,Night,engineering,0,2026-06-05T07:40:54.261158+00:00
MAH2095,Night,engineering,1,2026-06-05T07:40:54.261158+00:00
MAK1309,Night,engineering,1,2026-06-05T07:40:54.261158+00:00
MAM2630,Night,engineering,0,2026-06-05T07:40:54.261158+00:00
MAR2386,Night,engineering,0,2026-06-05T07:40:54.261158+00:00
MAS3218,Night,engineering,1,2026-06-05T07:40:54.261158+00:00
MBA2092,Night,engineering,0,2026-06-05T07:40:54.261158+00:00
MBC0803,Night,engineering,0,2026-06-05T07:40:54.261158+00:00
MBG3183,Night,engineering,1,2026-06-05T07:40:54.261158+00:00
MBL1247,Night,engineering,0,2026-06-05T07:40:54.261158+00:00
MBN3610,Night,engineering,0,2026-06-05T07:40:54.261158+00:00
MBP1728,Night,engineering,1,2026-06-05T07:40:54.261158+00:00
MBP1960,Night,engineering,1,2026-06-05T07:40:54.261158+00:00
MBW1099,Night,engineering,1,2026-06-05T07:40:54.261158+00:00
MCJ3137,Night,engineering,1,2026-06-05T07:40:54.261158+00:00
MCO3164,Night,engineering,1,2026-06-05T07:40:54.261158+00:00
MCW0674,Night,engineering,1,2026-06-05T07:40:54.261158+00:00
MDB0680,Night,engineering,0,2026-06-05T07:40:54.261158+00:00
MDE2114,Night,engineering,1,2026-06-05T07:40:54.261158+00:00
MDH2713,Night,engineering,0,2026-06-05T07:40:54.261158+00:00
MDM2496,Night,engineering,1,2026-06-05T07:40:54.261158+00:00
MDP0161,Night,engineering,1,2026-06-05T07:40:54.261158+00:00
MDP1412,Night,engineering,1,2026-06-05T07:40:54.261158+00:00
MEB3004,Night,engineering,0,2026-06-05T07:40:54.261158+00:00
MET1881,Night,engineering,1,2026-06-05T07:40:54.261158+00:00
MEW1406,Night,engineering,1,2026-06-05T07:40:54.261158+00:00
MGM0569,Night,engineering,1,2026-06-05T07:40:54.261158+00:00
MHA0667,Night,engineering,1,2026-06-05T07:40:54.261158+00:00
MHS0125,Night,engineering,0,2026-06-05T07:40:54.261158+00:00
MHS1125,Night,engineering,1,2026-06-05T07:40:54.261158+00:00
MHS1146,Night,engineering,1,2026-06-05T07:40:54.261158+00:00
MHS2634,Night,engineering,1,2026-06-05T07:40:54.261158+00:00
MJA2380,Night,engineering,1,2026-06-05T07:40:54.261158+00:00
MKC1094,Night,engineering,1,2026-06-05T07:40:54.261158+00:00
MKD1004,Night,engineering,0,2026-06-05T07:40:54.261158+00:00
MKH1959,Night,engineering,1,2026-06-05T07:40:54.261158+00:00
MKM1993,Night,engineering,1,2026-06-05T07:40:54.261158+00:00
MLJ1461,Night,engineering,1,2026-06-05T07:40:54.261158+00:00
MLM2021,Night,engineering,0,2026-06-05T07:40:54.261158+00:00
MMC0261,Night,engineering,0,2026-06-05T07:40:54.261158+00:00
MMD2022,Night,engineering,1,2026-06-05T07:40:54.261158+00:00
MMR0700,Night,engineering,1,2026-06-05T07:40:54.261158+00:00
MMR1435,Night,engineering,1,2026-06-05T07:40:54.261158+00:00
MMR1864,Night,engineering,1,2026-06-05T07:40:54.261158+00:00
MNB3094,Night,engineering,0,2026-06-05T07:40:54.261158+00:00
MNM1161,Night,engineering,1,2026-06-05T07:40:54.261158+00:00
MNN1167,Night,engineering,1,2026-06-05T07:40:54.261158+00:00
MNW1827,Night,engineering,1,2026-06-05T07:40:54.261158+00:00
MOW1104,Night,engineering,0,2026-06-05T07:40:54.261158+00:00
MPG1307,Night,engineering,1,2026-06-05T07:40:54.261158+00:00
MRB0796,Night,engineering,1,2026-06-05T07:40:54.261158+00:00
MRE0567,Night,engineering,1,2026-06-05T07:40:54.261158+00:00
MRH2516,Night,engineering,1,2026-06-05T07:40:54.261158+00:00
MRH2722,Night,engineering,0,2026-06-05T07:40:54.261158+00:00
MRT1855,Night,engineering,1,2026-06-05T07:40:54.261158+00:00
MRW2504,Night,engineering,0,2026-06-05T07:40:54.261158+00:00
MRW3143,Night,engineering,1,2026-06-05T07:40:54.261158+00:00
MSH1269,Night,engineering,0,2026-06-05T07:40:54.261158+00:00
MST2486,Night,engineering,2,2026-06-05T07:40:54.261158+00:00
MTM1434,Night,engineering,1,2026-06-05T07:40:54.261158+00:00
MTN1330,Night,engineering,1,2026-06-05T07:40:54.261158+00:00
MUH3099,Night,engineering,1,2026-06-05T07:40:54.261158+00:00
MUO3601,Night,engineering,0,2026-06-05T07:40:54.261158+00:00
MVO2746,Night,engineering,1,2026-06-05T07:40:54.261158+00:00
MWB0710,Night,engineering,0,2026-06-05T07:40:54.261158+00:00
MWO0559,Night,engineering,1,2026-06-05T07:40:54.261158+00:00
MXG0821,Night,engineering,1,2026-06-05T07:40:54.261158+00:00
NBH3076,Night,engineering,1,2026-06-05T07:40:54.261158+00:00
NBL0182,Night,engineering,0,2026-06-05T07:40:54.261158+00:00
NBN2651,Night,engineering,1,2026-06-05T07:40:54.261158+00:00
NCB2660,Night,engineering,0,2026-06-05T07:40:54.261158+00:00
NCO1443,Night,engineering,1,2026-06-05T07:40:54.261158+00:00
NCS1854,Night,engineering,1,2026-06-05T07:40:54.261158+00:00
NDA0536,Night,engineering,1,2026-06-05T07:40:54.261158+00:00
NDR1456,Night,engineering,1,2026-06-05T07:40:54.261158+00:00
NDW1863,Night,engineering,1,2026-06-05T07:40:54.261158+00:00
NDW3217,Night,engineering,1,2026-06-05T07:40:54.261158+00:00
NEH1185,Night,engineering,0,2026-06-05T07:40:54.261158+00:00
NEW2490,Night,engineering,1,2026-06-05T07:40:54.261158+00:00
NGP0549,Night,engineering,1,2026-06-05T07:40:54.261158+00:00
NHD2497,Night,engineering,0,2026-06-05T07:40:54.261158+00:00
NHE3204,Night,engineering,0,2026-06-05T07:40:54.261158+00:00
NHN0711,Night,engineering,0,2026-06-05T07:40:54.261158+00:00
NHY0685,Night,engineering,1,2026-06-05T07:40:54.261158+00:00
NIB1197,Night,engineering,0,2026-06-05T07:40:54.261158+00:00
NIR3139,Night,engineering,1,2026-06-05T07:40:54.261158+00:00
NIW3071,Night,engineering,1,2026-06-05T07:40:54.261158+00:00
NJC1951,Night,engineering,1,2026-06-05T07:40:54.261158+00:00
NJG3144,Night,engineering,0,2026-06-05T07:40:54.261158+00:00
NJH0196,Night,engineering,1,2026-06-05T07:40:54.261158+00:00
NJL2478,Night,engineering,2,2026-06-05T07:40:54.261158+00:00
NJM0173,Night,engineering,1,2026-06-05T07:40:54.261158+00:00
NJO1460,Night,engineering,0,2026-06-05T07:40:54.261158+00:00
NJP1439,Night,engineering,1,2026-06-05T07:40:54.261158+00:00
NJR1714,Night,engineering,1,2026-06-05T07:40:54.261158+00:00
NJS2498,Night,engineering,1,2026-06-05T07:40:54.261158+00:00
NJW2402,Night,engineering,1,2026-06-05T07:40:54.261158+00:00
NKD3073,Night,engineering,1,2026-06-05T07:40:54.261158+00:00
NKG2706,Night,engineering,1,2026-06-05T07:40:54.261158+00:00
NKN3153,Night,engineering,0,2026-06-05T07:40:54.261158+00:00
NKV1451,Night,engineering,1,2026-06-05T07:40:54.261158+00:00
NLC2601,Night,engineering,1,2026-06-05T07:40:54.261158+00:00
NLN0673,Night,engineering,1,2026-06-05T07:40:54.261158+00:00
NLS1866,Night,engineering,1,2026-06-05T07:40:54.261158+00:00
NMM1844,Night,engineering,1,2026-06-05T07:40:54.261158+00:00
NMR2725,Night,engineering,0,2026-06-05T07:40:54.261158+00:00
NNB2730,Night,engineering,1,2026-06-05T07:40:54.261158+00:00
NQM0084,Night,engineering,1,2026-06-05T07:40:54.261158+00:00
NQO2712,Night,engineering,1,2026-06-05T07:40:54.261158+00:00
NRN1312,Night,engineering,1,2026-06-05T07:40:54.261158+00:00
NSB1016,Night,engineering,0,2026-06-05T07:40:54.261158+00:00
NSM1464,Night,engineering,1,2026-06-05T07:40:54.261158+00:00
NSR2539,Night,engineering,1,2026-06-05T07:40:54.261158+00:00
NSW0122,Night,engineering,1,2026-06-05T07:40:54.261158+00:00
NTE3084,Night,engineering,0,2026-06-05T07:40:54.261158+00:00
NTP2146,Night,engineering,1,2026-06-05T07:40:54.261158+00:00
NWH2076,Night,engineering,0,2026-06-05T07:40:54.261158+00:00
OBH3008,Night,engineering,1,2026-06-05T07:40:54.261158+00:00
OCC0107,Night,engineering,1,2026-06-05T07:40:54.261158+00:00
ODB1853,Night,engineering,0,2026-06-05T07:40:54.261158+00:00
OGW0251,Night,engineering,1,2026-06-05T07:40:54.261158+00:00
OJB1095,Night,engineering,0,2026-06-05T07:40:54.261158+00:00
OJR2085,Night,engineering,1,2026-06-05T07:40:54.261158+00:00
OKF2007,Night,engineering,0,2026-06-05T07:40:54.261158+00:00
OKG1889,Night,engineering,1,2026-06-05T07:40:54.261158+00:00
ORB0755,Night,engineering,0,2026-06-05T07:40:54.261158+00:00
ORH2010,Night,engineering,1,2026-06-05T07:40:54.261158+00:00
OUJ2510,Night,engineering,0,2026-06-05T07:40:54.261158+00:00
OZH2737,Night,engineering,1,2026-06-05T07:40:54.261158+00:00
PAA2738,Night,engineering,0,2026-06-05T07:40:54.261158+00:00
PAM0505,Night,engineering,0,2026-06-05T07:40:54.261158+00:00
PCA3212,Night,engineering,0,2026-06-05T07:40:54.261158+00:00
PCB0545,Night,engineering,1,2026-06-05T07:40:54.261158+00:00
PCT1234,Night,engineering,0,2026-06-05T07:40:54.261158+00:00
PDC1453,Night,engineering,0,2026-06-05T07:40:54.261158+00:00
PDG2607,Night,engineering,1,2026-06-05T07:40:54.261158+00:00
PEB3161,Night,engineering,1,2026-06-05T07:40:54.261158+00:00
PEV3531,Night,engineering,0,2026-06-05T07:40:54.261158+00:00
PHB0124,Night,engineering,0,2026-06-05T07:40:54.261158+00:00
PIM3569,Night,engineering,1,2026-06-05T07:40:54.261158+00:00
PJP2632,Night,engineering,1,2026-06-05T07:40:54.261158+00:00
PJS2078,Night,engineering,0,2026-06-05T07:40:54.261158+00:00
PKB2483,Night,engineering,0,2026-06-05T07:40:54.261158+00:00
PKB2732,Night,engineering,1,2026-06-05T07:40:54.261158+00:00
PKR1145,Night,engineering,1,2026-06-05T07:40:54.261158+00:00
PMG2513,Night,engineering,1,2026-06-05T07:40:54.261158+00:00
PMH3484,Night,engineering,1,2026-06-05T07:40:54.261158+00:00
PMM0696,Night,engineering,0,2026-06-05T07:40:54.261158+00:00
PNH1444,Night,engineering,1,2026-06-05T07:40:54.261158+00:00
POD0750,Night,engineering,1,2026-06-05T07:40:54.261158+00:00
PPP1295,Night,engineering,1,2026-06-05T07:40:54.261158+00:00
PPT3162,Night,engineering,1,2026-06-05T07:40:54.261158+00:00
PSD1409,Night,engineering,1,2026-06-05T07:40:54.261158+00:00
PSP3592,Night,engineering,1,2026-06-05T07:40:54.261158+00:00
PTR2613,Night,engineering,1,2026-06-05T07:40:54.261158+00:00
PTS2487,Night,engineering,1,2026-06-05T07:40:54.261158+00:00
PWM0708,Night,engineering,0,2026-06-05T07:40:54.261158+00:00
QAH1315,Night,engineering,1,2026-06-05T07:40:54.261158+00:00
QBL1386,Night,engineering,1,2026-06-05T07:40:54.261158+00:00
QFD1857,Night,engineering,1,2026-06-05T07:40:54.261158+00:00
QGS1841,Night,engineering,1,2026-06-05T07:40:54.261158+00:00
QHF3151,Night,engineering,0,2026-06-05T07:40:54.261158+00:00
QIC1832,Night,engineering,1,2026-06-05T07:40:54.261158+00:00
QKO2718,Night,engineering,0,2026-06-05T07:40:54.261158+00:00
QMP2998,Night,engineering,1,2026-06-05T07:40:54.261158+00:00
QRR1242,Night,engineering,1,2026-06-05T07:40:54.261158+00:00
QSM3147,Night,engineering,1,2026-06-05T07:40:54.261158+00:00
QWL3474,Night,engineering,1,2026-06-05T07:40:54.261158+00:00
RAA0675,Night,engineering,0,2026-06-05T07:40:54.261158+00:00
RAA3570,Night,engineering,1,2026-06-05T07:40:54.261158+00:00
RAB1712,Night,engineering,0,2026-06-05T07:40:54.261158+00:00
RAB2739,Night,engineering,1,2026-06-05T07:40:54.261158+00:00
RAF1290,Night,engineering,1,2026-06-05T07:40:54.261158+00:00
RAH2750,Night,engineering,0,2026-06-05T07:40:54.261158+00:00
RAH3181,Night,engineering,1,2026-06-05T07:40:54.261158+00:00
RBB0585,Night,engineering,1,2026-06-05T07:40:54.261158+00:00
RBH3142,Night,engineering,0,2026-06-05T07:40:54.261158+00:00
RBO0327,Night,engineering,0,2026-06-05T07:40:54.261158+00:00
RBP1171,Night,engineering,0,2026-06-05T07:40:54.261158+00:00
RCD2501,Night,engineering,0,2026-06-05T07:40:54.261158+00:00
RCG0105,Night,engineering,1,2026-06-05T07:40:54.261158+00:00
RCG1241,Night,engineering,1,2026-06-05T07:40:54.261158+00:00
RCH3533,Night,engineering,1,2026-06-05T07:40:54.261158+00:00
RCJ0557,Night,engineering,0,2026-06-05T07:40:54.261158+00:00
RCV1311,Night,engineering,0,2026-06-05T07:40:54.261158+00:00
RDE3239,Night,engineering,0,2026-06-05T07:40:54.261158+00:00
RDF1248,Night,engineering,1,2026-06-05T07:40:54.261158+00:00
RDM1174,Night,engineering,0,2026-06-05T07:40:54.261158+00:00
RDP2116,Night,engineering,0,2026-06-05T07:40:54.261158+00:00
REM0580,Night,engineering,1,2026-06-05T07:40:54.261158+00:00
RGB0263,Night,engineering,1,2026-06-05T07:40:54.261158+00:00
RGB1869,Night,engineering,0,2026-06-05T07:40:54.261158+00:00
RGM3111,Night,engineering,0,2026-06-05T07:40:54.261158+00:00
RHB1721,Night,engineering,0,2026-06-05T07:40:54.261158+00:00
RHD0787,Night,engineering,1,2026-06-05T07:40:54.261158+00:00
RHL0268,Night,engineering,1,2026-06-05T07:40:54.261158+00:00
RHO0678,Night,engineering,1,2026-06-05T07:40:54.261158+00:00
RJB1151,Night,engineering,0,2026-06-05T07:40:54.261158+00:00
RJB1424,Night,engineering,0,2026-06-05T07:40:54.261158+00:00
RJB2622,Night,engineering,0,2026-06-05T07:40:54.261158+00:00
RJD2647,Night,engineering,0,2026-06-05T07:40:54.261158+00:00
RJM3227,Night,engineering,0,2026-06-05T07:40:54.261158+00:00
RJW1440,Night,engineering,1,2026-06-05T07:40:54.261158+00:00
RKG2587,Night,engineering,0,2026-06-05T07:40:54.261158+00:00
RLS1738,Night,engineering,0,2026-06-05T07:40:54.261158+00:00
RMD0792,Night,engineering,1,2026-06-05T07:40:54.261158+00:00
RME2477,Night,engineering,2,2026-06-05T07:40:54.261158+00:00
RML2759,Night,engineering,1,2026-06-05T07:40:54.261158+00:00
RMR2694,Night,engineering,0,2026-06-05T07:40:54.261158+00:00
RND1473,Night,engineering,1,2026-06-05T07:40:54.261158+00:00
ROA3171,Night,engineering,1,2026-06-05T07:40:54.261158+00:00
ROB2744,Night,engineering,0,2026-06-05T07:40:54.261158+00:00
RPB0029,Night,engineering,1,2026-06-05T07:40:54.261158+00:00
RPF2614,Night,engineering,0,2026-06-05T07:40:54.261158+00:00
RPL2640,Night,engineering,0,2026-06-05T07:40:54.261158+00:00
RRD2697,Night,engineering,1,2026-06-05T07:40:54.261158+00:00
RRT1417,Night,engineering,1,2026-06-05T07:40:54.261158+00:00
RSE2382,Night,engineering,0,2026-06-05T07:40:54.261158+00:00
RSG0687,Night,engineering,1,2026-06-05T07:40:54.261158+00:00
RSS3182,Night,engineering,0,2026-06-05T07:40:54.261158+00:00
RSV3166,Night,engineering,1,2026-06-05T07:40:54.261158+00:00
RTP0754,Night,engineering,1,2026-06-05T07:40:54.261158+00:00
RTS2009,Night,engineering,1,2026-06-05T07:40:54.261158+00:00
RUB1156,Night,engineering,1,2026-06-05T07:40:54.261158+00:00
RUC1198,Night,engineering,0,2026-06-05T07:40:54.261158+00:00
RVR0095,Night,engineering,1,2026-06-05T07:40:54.261158+00:00
RVV0317,Night,engineering,1,2026-06-05T07:40:54.261158+00:00
SAB1954,Night,engineering,1,2026-06-05T07:40:54.261158+00:00
SAL2493,Night,engineering,0,2026-06-05T07:40:54.261158+00:00
SAS1098,Night,engineering,0,2026-06-05T07:40:54.261158+00:00
SBM2719,Night,engineering,1,2026-06-05T07:40:54.261158+00:00
SBT2585,Night,engineering,1,2026-06-05T07:40:54.261158+00:00
SCB1280,Night,engineering,1,2026-06-05T07:40:54.261158+00:00
SCC1896,Night,engineering,1,2026-06-05T07:40:54.261158+00:00
SCE1877,Night,engineering,1,2026-06-05T07:40:54.261158+00:00
SCF0330,Night,engineering,1,2026-06-05T07:40:54.261158+00:00
SCG2695,Night,engineering,1,2026-06-05T07:40:54.261158+00:00
SCH1013,Night,engineering,0,2026-06-05T07:40:54.261158+00:00
SDC3561,Night,engineering,1,2026-06-05T07:40:54.261158+00:00
SDE2662,Night,engineering,1,2026-06-05T07:40:54.261158+00:00
SDF3082,Night,engineering,1,2026-06-05T07:40:54.261158+00:00
SDH2394,Night,engineering,1,2026-06-05T07:40:54.261158+00:00
SDM2550,Night,engineering,1,2026-06-05T07:40:54.261158+00:00
SDM3560,Night,engineering,1,2026-06-05T07:40:54.261158+00:00
SEM1862,Night,engineering,0,2026-06-05T07:40:54.261158+00:00
SEM1983,Night,engineering,0,2026-06-05T07:40:54.261158+00:00
SEM2492,Night,engineering,0,2026-06-05T07:40:54.261158+00:00
SGC2111,Night,engineering,1,2026-06-05T07:40:54.261158+00:00
SGF2611,Night,engineering,0,2026-06-05T07:40:54.261158+00:00
SGP1124,Night,engineering,0,2026-06-05T07:40:54.261158+00:00
SGR1164,Night,engineering,0,2026-06-05T07:40:54.261158+00:00
SGW0112,Night,engineering,1,2026-06-05T07:40:54.261158+00:00
SGW0443,Night,engineering,1,2026-06-05T07:40:54.261158+00:00
SHB2106,Night,engineering,0,2026-06-05T07:40:54.261158+00:00
SHG1281,Night,engineering,1,2026-06-05T07:40:54.261158+00:00
SHN0104,Night,engineering,0,2026-06-05T07:40:54.261158+00:00
SHP1418,Night,engineering,1,2026-06-05T07:40:54.261158+00:00
SHP1713,Night,engineering,0,2026-06-05T07:40:54.261158+00:00
SHS3176,Night,engineering,0,2026-06-05T07:40:54.261158+00:00
SIR3201,Night,engineering,1,2026-06-05T07:40:54.261158+00:00
SIW2528,Night,engineering,1,2026-06-05T07:40:54.261158+00:00
SJS1014,Night,engineering,1,2026-06-05T07:40:54.261158+00:00
SJS1415,Night,engineering,1,2026-06-05T07:40:54.261158+00:00
SJT0698,Night,engineering,1,2026-06-05T07:40:54.261158+00:00
SJW0184,Night,engineering,1,2026-06-05T07:40:54.261158+00:00
SKF2105,Night,engineering,1,2026-06-05T07:40:54.261158+00:00
SKM1287,Night,engineering,1,2026-06-05T07:40:54.261158+00:00
SLL0504,Night,engineering,1,2026-06-05T07:40:54.261158+00:00
SLM2404,Night,engineering,0,2026-06-05T07:40:54.261158+00:00
SLS0834,Night,engineering,1,2026-06-05T07:40:54.261158+00:00
SME0418,Night,engineering,1,2026-06-05T07:40:54.261158+00:00
SME1984,Night,engineering,3,2026-06-05T07:40:54.261158+00:00
SMG1268,Night,engineering,0,2026-06-05T07:40:54.261158+00:00
SMH1953,Night,engineering,1,2026-06-05T07:40:54.261158+00:00
SMM3221,Night,engineering,0,2026-06-05T07:40:54.261158+00:00
SMN1103,Night,engineering,1,2026-06-05T07:40:54.261158+00:00
SNC1837,Night,engineering,1,2026-06-05T07:40:54.261158+00:00
SNW0798,Night,engineering,0,2026-06-05T07:40:54.261158+00:00
SOK1299,Night,engineering,0,2026-06-05T07:40:54.261158+00:00
SPW0753,Night,engineering,1,2026-06-05T07:40:54.261158+00:00
SRA3210,Night,engineering,1,2026-06-05T07:40:54.261158+00:00
SRB2600,Night,engineering,1,2026-06-05T07:40:54.261158+00:00
SRC2524,Night,engineering,1,2026-06-05T07:40:54.261158+00:00
SRN2617,Night,engineering,0,2026-06-05T07:40:54.261158+00:00
SRP2080,Night,engineering,1,2026-06-05T07:40:54.261158+00:00
SRR2711,Night,engineering,1,2026-06-05T07:40:54.261158+00:00
SSH1845,Night,engineering,1,2026-06-05T07:40:54.261158+00:00
SSR1962,Night,engineering,1,2026-06-05T07:40:54.261158+00:00
SSS3091,Night,engineering,1,2026-06-05T07:40:54.261158+00:00
SWA1824,Night,engineering,1,2026-06-05T07:40:54.261158+00:00
SWE3155,Night,engineering,0,2026-06-05T07:40:54.261158+00:00
SWK1436,Night,engineering,0,2026-06-05T07:40:54.261158+00:00
SWM0188,Night,engineering,1,2026-06-05T07:40:54.261158+00:00
SWS0823,Night,engineering,0,2026-06-05T07:40:54.261158+00:00
SXW0537,Night,engineering,1,2026-06-05T07:40:54.261158+00:00
SYF3607,Night,engineering,0,2026-06-05T07:40:54.261158+00:00
SYM2379,Night,engineering,1,2026-06-05T07:40:54.261158+00:00
SZG0325,Night,engineering,0,2026-06-05T07:40:54.261158+00:00
TAB0684,Night,engineering,1,2026-06-05T07:40:54.261158+00:00
TAB3539,Night,engineering,1,2026-06-05T07:40:54.261158+00:00
TAD1414,Night,engineering,1,2026-06-05T07:40:54.261158+00:00
TAJ0193,Night,engineering,1,2026-06-05T07:40:54.261158+00:00
TAP0664,Night,engineering,1,2026-06-05T07:40:54.261158+00:00
TBD2008,Night,engineering,0,2026-06-05T07:40:54.261158+00:00
TCB0550,Night,engineering,0,2026-06-05T07:40:54.261158+00:00
TCP2520,Night,engineering,1,2026-06-05T07:40:54.261158+00:00
TDC3116,Night,engineering,1,2026-06-05T07:40:54.261158+00:00
TDG2727,Night,engineering,1,2026-06-05T07:40:54.261158+00:00
TDJ3138,Night,engineering,1,2026-06-05T07:40:54.261158+00:00
TDM2658,Night,engineering,0,2026-06-05T07:40:54.261158+00:00
TDR0111,Night,engineering,0,2026-06-05T07:40:54.261158+00:00
TEC3006,Night,engineering,1,2026-06-05T07:40:54.261158+00:00
TEW0693,Night,engineering,1,2026-06-05T07:40:54.261158+00:00
TFH0544,Night,engineering,0,2026-06-05T07:40:54.261158+00:00
TGA2006,Night,engineering,0,2026-06-05T07:40:54.261158+00:00
THC2752,Night,engineering,1,2026-06-05T07:40:54.261158+00:00
THH2751,Night,engineering,1,2026-06-05T07:40:54.261158+00:00
THW1425,Night,engineering,1,2026-06-05T07:40:54.261158+00:00
TIE1175,Night,engineering,1,2026-06-05T07:40:54.261158+00:00
TJB0540,Night,engineering,1,2026-06-05T07:40:54.261158+00:00
TJB2532,Night,engineering,1,2026-06-05T07:40:54.261158+00:00
TJB3240,Night,engineering,1,2026-06-05T07:40:54.261158+00:00
TJD0106,Night,engineering,1,2026-06-05T07:40:54.261158+00:00
TJM0328,Night,engineering,1,2026-06-05T07:40:54.261158+00:00
TKD2115,Night,engineering,0,2026-06-05T07:40:54.261158+00:00
TKK0628,Night,engineering,1,2026-06-05T07:40:54.261158+00:00
TKM2494,Night,engineering,1,2026-06-05T07:40:54.261158+00:00
TKN0812,Night,engineering,0,2026-06-05T07:40:54.261158+00:00
TLC1147,Night,engineering,0,2026-06-05T07:40:54.261158+00:00
TLU1836,Night,engineering,1,2026-06-05T07:40:54.261158+00:00
TND0324,Night,engineering,1,2026-06-05T07:40:54.261158+00:00
TNV3213,Night,engineering,0,2026-06-05T07:40:54.261158+00:00
TPG2392,Night,engineering,1,2026-06-05T07:40:54.261158+00:00
TPM3141,Night,engineering,0,2026-06-05T07:40:54.261158+00:00
TPS2595,Night,engineering,0,2026-06-05T07:40:54.261158+00:00
TQR3104,Night,engineering,1,2026-06-05T07:40:54.261158+00:00
TRC1831,Night,engineering,1,2026-06-05T07:40:54.261158+00:00
TRW3172,Night,engineering,1,2026-06-05T07:40:54.261158+00:00
TSF3478,Night,engineering,1,2026-06-05T07:40:54.261158+00:00
TSH3841,Night,engineering,1,2026-06-05T07:40:54.261158+00:00
TSL2699,Night,engineering,0,2026-06-05T07:40:54.261158+00:00
TSO3216,Night,engineering,1,2026-06-05T07:40:54.261158+00:00
TTK2633,Night,engineering,1,2026-06-05T07:40:54.261158+00:00
TTL3088,Night,engineering,1,2026-06-05T07:40:54.261158+00:00
TWH1178,Night,engineering,0,2026-06-05T07:40:54.261158+00:00
TWW0811,Night,engineering,1,2026-06-05T07:40:54.261158+00:00
UAD2700,Night,engineering,0,2026-06-05T07:40:54.261158+00:00
UCM3537,Night,engineering,0,2026-06-05T07:40:54.261158+00:00
UDB1170,Night,engineering,1,2026-06-05T07:40:54.261158+00:00
UKC0543,Night,engineering,1,2026-06-05T07:40:54.261158+00:00
UKS1465,Night,engineering,1,2026-06-05T07:40:54.261158+00:00
ULP1169,Night,engineering,0,2026-06-05T07:40:54.261158+00:00
USC3486,Night,engineering,0,2026-06-05T07:40:54.261158+00:00
UYW1162,Night,engineering,1,2026-06-05T07:40:54.261158+00:00
VAB1102,Night,engineering,1,2026-06-05T07:40:54.261158+00:00
VAD2639,Night,engineering,1,2026-06-05T07:40:54.261158+00:00
VCR3103,Night,engineering,1,2026-06-05T07:40:54.261158+00:00
VDB0247,Night,engineering,1,2026-06-05T07:40:54.261158+00:00
VDM2701,Night,engineering,0,2026-06-05T07:40:54.261158+00:00
VDP0790,Night,engineering,1,2026-06-05T07:40:54.261158+00:00
VEW0278,Night,engineering,0,2026-06-05T07:40:54.261158+00:00
VFM3223,Night,engineering,0,2026-06-05T07:40:54.261158+00:00
VGM2096,Night,engineering,0,2026-06-05T07:40:54.261158+00:00
VJC1974,Night,engineering,1,2026-06-05T07:40:54.261158+00:00
VJM2715,Night,engineering,1,2026-06-05T07:40:54.261158+00:00
VLM3572,Night,engineering,0,2026-06-05T07:40:54.261158+00:00
VNH1282,Night,engineering,0,2026-06-05T07:40:54.261158+00:00
VPG2530,Night,engineering,1,2026-06-05T07:40:54.261158+00:00
VQS3246,Night,engineering,0,2026-06-05T07:40:54.261158+00:00
VTB0576,Night,engineering,1,2026-06-05T07:40:54.261158+00:00
VTB2147,Night,engineering,1,2026-06-05T07:40:54.261158+00:00
VTD2731,Night,engineering,1,2026-06-05T07:40:54.261158+00:00
VZG2484,Night,engineering,2,2026-06-05T07:40:54.261158+00:00
WAR1374,Night,engineering,0,2026-06-05T07:40:54.261158+00:00
WBH1861,Night,engineering,0,2026-06-05T07:40:54.261158+00:00
WBM0690,Night,engineering,0,2026-06-05T07:40:54.261158+00:00
WCB0801,Night,engineering,1,2026-06-05T07:40:54.261158+00:00
WCP2123,Night,engineering,0,2026-06-05T07:40:54.261158+00:00
WDD0499,Night,engineering,0,2026-06-05T07:40:54.261158+00:00
WES2531,Night,engineering,0,2026-06-05T07:40:54.261158+00:00
WET2108,Night,engineering,1,2026-06-05T07:40:54.261158+00:00
WGD3156,Night,engineering,1,2026-06-05T07:40:54.261158+00:00
WGF0506,Night,engineering,0,2026-06-05T07:40:54.261158+00:00
WGM1823,Night,engineering,1,2026-06-05T07:40:54.261158+00:00
WJC2637,Night,engineering,1,2026-06-05T07:40:54.261158+00:00
WJH3158,Night,engineering,0,2026-06-05T07:40:54.261158+00:00
WJM3209,Night,engineering,1,2026-06-05T07:40:54.261158+00:00
WKC0573,Night,engineering,1,2026-06-05T07:40:54.261158+00:00
WLC0115,Night,engineering,1,2026-06-05T07:40:54.261158+00:00
WLL1133,Night,engineering,0,2026-06-05T07:40:54.261158+00:00
WMR2723,Night,engineering,1,2026-06-05T07:40:54.261158+00:00
WNR0661,Night,engineering,0,2026-06-05T07:40:54.261158+00:00
WOL3226,Night,engineering,0,2026-06-05T07:40:54.261158+00:00
WPR1884,Night,engineering,0,2026-06-05T07:40:54.261158+00:00
WRF3534,Night,engineering,1,2026-06-05T07:40:54.261158+00:00
WSE1949,Night,engineering,1,2026-06-05T07:40:54.261158+00:00
WSH1130,Night,engineering,0,2026-06-05T07:40:54.261158+00:00
WSS0820,Night,engineering,1,2026-06-05T07:40:54.261158+00:00
WTG2109,Night,engineering,1,2026-06-05T07:40:54.261158+00:00
WVD0570,Night,engineering,1,2026-06-05T07:40:54.261158+00:00
WZG3563,Night,engineering,0,2026-06-05T07:40:54.261158+00:00
XAB0627,Night,engineering,1,2026-06-05T07:40:54.261158+00:00
XBK2623,Night,engineering,2,2026-06-05T07:40:54.261158+00:00
XBW2502,Night,engineering,1,2026-06-05T07:40:54.261158+00:00
XFF1302,Night,engineering,0,2026-06-05T07:40:54.261158+00:00
XIW0171,Night,engineering,0,2026-06-05T07:40:54.261158+00:00
XIW2655,Night,engineering,1,2026-06-05T07:40:54.261158+00:00
XJB0548,Night,engineering,1,2026-06-05T07:40:54.261158+00:00
XKL1317,Night,engineering,1,2026-06-05T07:40:54.261158+00:00
XKW1135,Night,engineering,1,2026-06-05T07:40:54.261158+00:00
XRP3102,Night,engineering,0,2026-06-05T07:40:54.261158+00:00
XSR3526,Night,engineering,1,2026-06-05T07:40:54.261158+00:00
YAS2508,Night,engineering,0,2026-06-05T07:40:54.261158+00:00
YAV0093,Night,engineering,1,2026-06-05T07:40:54.261158+00:00
YCL0824,Night,engineering,1,2026-06-05T07:40:54.261158+00:00
YDM1720,Night,engineering,3,2026-06-05T07:40:54.261158+00:00
YDM2537,Night,engineering,0,2026-06-05T07:40:54.261158+00:00
YFT1382,Night,engineering,1,2026-06-05T07:40:54.261158+00:00
YJR1149,Night,engineering,0,2026-06-05T07:40:54.261158+00:00
YLL0795,Night,engineering,1,2026-06-05T07:40:54.261158+00:00
YNR2544,Night,engineering,0,2026-06-05T07:40:54.261158+00:00
YOH1176,Night,engineering,1,2026-06-05T07:40:54.261158+00:00
YSG1195,Night,engineering,0,2026-06-05T07:40:54.261158+00:00
YZC3244,Night,engineering,0,2026-06-05T07:40:54.261158+00:00
ZAC1838,Night,engineering,1,2026-06-05T07:40:54.261158+00:00
ZAR2140,Night,engineering,0,2026-06-05T07:40:54.261158+00:00
ZAW2012,Night,engineering,1,2026-06-05T07:40:54.261158+00:00
ZBW1015,Night,engineering,1,2026-06-05T07:40:54.261158+00:00
ZCR0558,Night,engineering,1,2026-06-05T07:40:54.261158+00:00
ZDC2523,Night,engineering,1,2026-06-05T07:40:54.261158+00:00
ZER0085,Night,engineering,0,2026-06-05T07:40:54.261158+00:00
ZHF1006,Night,engineering,1,2026-06-05T07:40:54.261158+00:00
ZHH3206,Night,engineering,1,2026-06-05T07:40:54.261158+00:00
ZHM1979,Night,engineering,2,2026-06-05T07:40:54.261158+00:00
ZJB0552,Night,engineering,1,2026-06-05T07:40:54.261158+00:00
ZJS2648,Night,engineering,1,2026-06-05T07:40:54.261158+00:00
ZLB1878,Night,engineering,1,2026-06-05T07:40:54.261158+00:00
ZLG3090,Night,engineering,0,2026-06-05T07:40:54.261158+00:00
ZOM0746,Night,engineering,0,2026-06-05T07:40:54.261158+00:00
ZSL2618,Night,engineering,0,2026-06-05T07:40:54.261158+00:00
ZXM3086,Night,engineering,1,2026-06-05T07:40:54.261158+00:00
AAB0398,Night,admin_staff,0,2026-06-05T07:40:54.261158+00:00
AAM0138,Night,admin_staff,0,2026-06-05T07:40:54.261158+00:00
ACM0100,Night,admin_staff,0,2026-06-05T07:40:54.261158+00:00
ACS0128,Night,admin_staff,0,2026-06-05T07:40:54.261158+00:00
ADB0350,Night,admin_staff,0,2026-06-05T07:40:54.261158+00:00
AGC0445,Night,admin_staff,0,2026-06-05T07:40:54.261158+00:00
AGM0133,Night,admin_staff,2,2026-06-05T07:40:54.261158+00:00
AGS0063,Night,admin_staff,2,2026-06-05T07:40:54.261158+00:00
AHB0648,Night,admin_staff,0,2026-06-05T07:40:54.261158+00:00
AJV0176,Night,admin_staff,0,2026-06-05T07:40:54.261158+00:00
AKD0272,Night,admin_staff,0,2026-06-05T07:40:54.261158+00:00
ANK0777,Night,admin_staff,0,2026-06-05T07:40:54.261158+00:00
APM0190,Night,admin_staff,0,2026-06-05T07:40:54.261158+00:00
ARG0441,Night,admin_staff,0,2026-06-05T07:40:54.261158+00:00
ARM0771,Night,admin_staff,0,2026-06-05T07:40:54.261158+00:00
ASC0177,Night,admin_staff,0,2026-06-05T07:40:54.261158+00:00
AVT0526,Night,admin_staff,0,2026-06-05T07:40:54.261158+00:00
AWW0254,Night,admin_staff,0,2026-06-05T07:40:54.261158+00:00
BAW0780,Night,admin_staff,0,2026-06-05T07:40:54.261158+00:00
BCB0521,Night,admin_staff,0,2026-06-05T07:40:54.261158+00:00
BEH0103,Night,admin_staff,0,2026-06-05T07:40:54.261158+00:00
BJR0774,Night,admin_staff,0,2026-06-05T07:40:54.261158+00:00
BKA0175,Night,admin_staff,0,2026-06-05T07:40:54.261158+00:00
BMN0178,Night,admin_staff,3,2026-06-05T07:40:54.261158+00:00
BNK0087,Night,admin_staff,0,2026-06-05T07:40:54.261158+00:00
BTV0644,Night,admin_staff,0,2026-06-05T07:40:54.261158+00:00
CCT0020,Night,admin_staff,0,2026-06-05T07:40:54.261158+00:00
CER0228,Night,admin_staff,0,2026-06-05T07:40:54.261158+00:00
CFL0156,Night,admin_staff,0,2026-06-05T07:40:54.261158+00:00
CHC0252,Night,admin_staff,0,2026-06-05T07:40:54.261158+00:00
CHY0083,Night,admin_staff,0,2026-06-05T07:40:54.261158+00:00
CJW0376,Night,admin_staff,0,2026-06-05T07:40:54.261158+00:00
CKM0405,Night,admin_staff,0,2026-06-05T07:40:54.261158+00:00
CMH0776,Night,admin_staff,0,2026-06-05T07:40:54.261158+00:00
CMT0267,Night,admin_staff,0,2026-06-05T07:40:54.261158+00:00
CSC0233,Night,admin_staff,0,2026-06-05T07:40:54.261158+00:00
DAR0388,Night,admin_staff,0,2026-06-05T07:40:54.261158+00:00
DDG0528,Night,admin_staff,0,2026-06-05T07:40:54.261158+00:00
DHG0533,Night,admin_staff,0,2026-06-05T07:40:54.261158+00:00
DHK0367,Night,admin_staff,0,2026-06-05T07:40:54.261158+00:00
DKR0027,Night,admin_staff,0,2026-06-05T07:40:54.261158+00:00
DSB0245,Night,admin_staff,0,2026-06-05T07:40:54.261158+00:00
EHD0024,Night,admin_staff,0,2026-06-05T07:40:54.261158+00:00
ELB0033,Night,admin_staff,0,2026-06-05T07:40:54.261158+00:00
EQT0195,Night,admin_staff,0,2026-06-05T07:40:54.261158+00:00
EUH0257,Night,admin_staff,0,2026-06-05T07:40:54.261158+00:00
FAJ0523,Night,admin_staff,0,2026-06-05T07:40:54.261158+00:00
FMN0013,Night,admin_staff,0,2026-06-05T07:40:54.261158+00:00
FSM0056,Night,admin_staff,0,2026-06-05T07:40:54.261158+00:00
FZM0318,Night,admin_staff,0,2026-06-05T07:40:54.261158+00:00
GAH0525,Night,admin_staff,0,2026-06-05T07:40:54.261158+00:00
GDH0108,Night,admin_staff,0,2026-06-05T07:40:54.261158+00:00
GJS0160,Night,admin_staff,0,2026-06-05T07:40:54.261158+00:00
GKN0168,Night,admin_staff,0,2026-06-05T07:40:54.261158+00:00
GLB0419,Night,admin_staff,0,2026-06-05T07:40:54.261158+00:00
GRP0277,Night,admin_staff,0,2026-06-05T07:40:54.261158+00:00
GSC0530,Night,admin_staff,0,2026-06-05T07:40:54.261158+00:00
HBS0255,Night,admin_staff,0,2026-06-05T07:40:54.261158+00:00
HHK0652,Night,admin_staff,0,2026-06-05T07:40:54.261158+00:00
HJA0779,Night,admin_staff,0,2026-06-05T07:40:54.261158+00:00
HMR0098,Night,admin_staff,0,2026-06-05T07:40:54.261158+00:00
HNC0074,Night,admin_staff,0,2026-06-05T07:40:54.261158+00:00
HQB0118,Night,admin_staff,0,2026-06-05T07:40:54.261158+00:00
HWP0364,Night,admin_staff,0,2026-06-05T07:40:54.261158+00:00
HZD0429,Night,admin_staff,0,2026-06-05T07:40:54.261158+00:00
IIG0772,Night,admin_staff,0,2026-06-05T07:40:54.261158+00:00
IIW0361,Night,admin_staff,0,2026-06-05T07:40:54.261158+00:00
ISB0256,Night,admin_staff,0,2026-06-05T07:40:54.261158+00:00
ISH0051,Night,admin_staff,0,2026-06-05T07:40:54.261158+00:00
ISH0079,Night,admin_staff,0,2026-06-05T07:40:54.261158+00:00
ISR0021,Night,admin_staff,0,2026-06-05T07:40:54.261158+00:00
JBI0654,Night,admin_staff,0,2026-06-05T07:40:54.261158+00:00
JBP0651,Night,admin_staff,0,2026-06-05T07:40:54.261158+00:00
JCP0028,Night,admin_staff,0,2026-06-05T07:40:54.261158+00:00
JKW0200,Night,admin_staff,0,2026-06-05T07:40:54.261158+00:00
JRA0522,Night,admin_staff,0,2026-06-05T07:40:54.261158+00:00
JRB0025,Night,admin_staff,0,2026-06-05T07:40:54.261158+00:00
JRR0769,Night,admin_staff,0,2026-06-05T07:40:54.261158+00:00
JUM0102,Night,admin_staff,0,2026-06-05T07:40:54.261158+00:00
JYB0262,Night,admin_staff,0,2026-06-05T07:40:54.261158+00:00
KCO0287,Night,admin_staff,0,2026-06-05T07:40:54.261158+00:00
KDC0444,Night,admin_staff,0,2026-06-05T07:40:54.261158+00:00
KEM0113,Night,admin_staff,0,2026-06-05T07:40:54.261158+00:00
KJB0354,Night,admin_staff,3,2026-06-05T07:40:54.261158+00:00
KND0529,Night,admin_staff,0,2026-06-05T07:40:54.261158+00:00
KQW0164,Night,admin_staff,1,2026-06-05T07:40:54.261158+00:00
LAH0524,Night,admin_staff,0,2026-06-05T07:40:54.261158+00:00
LBG0407,Night,admin_staff,0,2026-06-05T07:40:54.261158+00:00
LED0656,Night,admin_staff,0,2026-06-05T07:40:54.261158+00:00
LGL0649,Night,admin_staff,0,2026-06-05T07:40:54.261158+00:00
LJR0253,Night,admin_staff,0,2026-06-05T07:40:54.261158+00:00
LLS0222,Night,admin_staff,0,2026-06-05T07:40:54.261158+00:00
LPW0767,Night,admin_staff,0,2026-06-05T07:40:54.261158+00:00
LRF0101,Night,admin_staff,0,2026-06-05T07:40:54.261158+00:00
LWH0180,Night,admin_staff,0,2026-06-05T07:40:54.261158+00:00
LXS0332,Night,admin_staff,0,2026-06-05T07:40:54.261158+00:00
MAH0438,Night,admin_staff,0,2026-06-05T07:40:54.261158+00:00
MAP0215,Night,admin_staff,0,2026-06-05T07:40:54.261158+00:00
MAW0532,Night,admin_staff,0,2026-06-05T07:40:54.261158+00:00
MBH0527,Night,admin_staff,0,2026-06-05T07:40:54.261158+00:00
MDG0019,Night,admin_staff,0,2026-06-05T07:40:54.261158+00:00
MDG0657,Night,admin_staff,0,2026-06-05T07:40:54.261158+00:00
MEC0781,Night,admin_staff,0,2026-06-05T07:40:54.261158+00:00
MFW0646,Night,admin_staff,0,2026-06-05T07:40:54.261158+00:00
MGB0326,Night,admin_staff,0,2026-06-05T07:40:54.261158+00:00
MKM0647,Night,admin_staff,0,2026-06-05T07:40:54.261158+00:00
MLW0296,Night,admin_staff,0,2026-06-05T07:40:54.261158+00:00
MMB0185,Night,admin_staff,0,2026-06-05T07:40:54.261158+00:00
MMS0241,Night,admin_staff,0,2026-06-05T07:40:54.261158+00:00
MNC0433,Night,admin_staff,0,2026-06-05T07:40:54.261158+00:00
MNP0290,Night,admin_staff,0,2026-06-05T07:40:54.261158+00:00
NBP0217,Night,admin_staff,0,2026-06-05T07:40:54.261158+00:00
NEB0371,Night,admin_staff,0,2026-06-05T07:40:54.261158+00:00
NSC0237,Night,admin_staff,0,2026-06-05T07:40:54.261158+00:00
ODB0151,Night,admin_staff,0,2026-06-05T07:40:54.261158+00:00
ODC0002,Night,admin_staff,0,2026-06-05T07:40:54.261158+00:00
OXS0363,Night,admin_staff,0,2026-06-05T07:40:54.261158+00:00
PMF0768,Night,admin_staff,0,2026-06-05T07:40:54.261158+00:00
PTS0531,Night,admin_staff,0,2026-06-05T07:40:54.261158+00:00
QCD0386,Night,admin_staff,0,2026-06-05T07:40:54.261158+00:00
RAP0653,Night,admin_staff,0,2026-06-05T07:40:54.261158+00:00
RCL0068,Night,admin_staff,0,2026-06-05T07:40:54.261158+00:00
REB0123,Night,admin_staff,0,2026-06-05T07:40:54.261158+00:00
RJA0402,Night,admin_staff,0,2026-06-05T07:40:54.261158+00:00
RLH0358,Night,admin_staff,0,2026-06-05T07:40:54.261158+00:00
RPC0205,Night,admin_staff,0,2026-06-05T07:40:54.261158+00:00
RPW0026,Night,admin_staff,3,2026-06-05T07:40:54.261158+00:00
RVH0535,Night,admin_staff,0,2026-06-05T07:40:54.261158+00:00
SAC0374,Night,admin_staff,0,2026-06-05T07:40:54.261158+00:00
SCJ0179,Night,admin_staff,0,2026-06-05T07:40:54.261158+00:00
SCL0022,Night,admin_staff,0,2026-06-05T07:40:54.261158+00:00
SCM0778,Night,admin_staff,0,2026-06-05T07:40:54.261158+00:00
SEN0534,Night,admin_staff,0,2026-06-05T07:40:54.261158+00:00
SGR0658,Night,admin_staff,0,2026-06-05T07:40:54.261158+00:00
SJS0323,Night,admin_staff,3,2026-06-05T07:40:54.261158+00:00
SKK0282,Night,admin_staff,0,2026-06-05T07:40:54.261158+00:00
SOD0442,Night,admin_staff,0,2026-06-05T07:40:54.261158+00:00
SVM0770,Night,admin_staff,0,2026-06-05T07:40:54.261158+00:00
TCB0061,Night,admin_staff,0,2026-06-05T07:40:54.261158+00:00
TKO0417,Night,admin_staff,0,2026-06-05T07:40:54.261158+00:00
TKP0210,Night,admin_staff,0,2026-06-05T07:40:54.261158+00:00
VKE0655,Night,admin_staff,0,2026-06-05T07:40:54.261158+00:00
VSC0775,Night,admin_staff,0,2026-06-05T07:40:54.261158+00:00
VTL0314,Night,admin_staff,0,2026-06-05T07:40:54.261158+00:00
WDL0140,Night,admin_staff,0,2026-06-05T07:40:54.261158+00:00
WKT0099,Night,admin_staff,0,2026-06-05T07:40:54.261158+00:00
WNR0091,Night,admin_staff,1,2026-06-05T07:40:54.261158+00:00
WWS0645,Night,admin_staff,0,2026-06-05T07:40:54.261158+00:00
XCJ0023,Night,admin_staff,0,2026-06-05T07:40:54.261158+00:00
XEJ0773,Night,admin_staff,0,2026-06-05T07:40:54.261158+00:00
YCL0650,Night,admin_staff,0,2026-06-05T07:40:54.261158+00:00
YSH0145,Night,admin_staff,0,2026-06-05T07:40:54.261158+00:00
AAC0610,Night,software_engineering,0,2026-06-05T07:40:54.261158+00:00
AAM0729,Night,software_engineering,0,2026-06-05T07:40:54.261158+00:00
AAP1919,Night,software_engineering,0,2026-06-05T07:40:54.261158+00:00
AAP1942,Night,software_engineering,0,2026-06-05T07:40:54.261158+00:00
AAR0641,Night,software_engineering,1,2026-06-05T07:40:54.261158+00:00
ABJ0281,Night,software_engineering,0,2026-06-05T07:40:54.261158+00:00
ABK0481,Night,software_engineering,0,2026-06-05T07:40:54.261158+00:00
ACC2773,Night,software_engineering,0,2026-06-05T07:40:54.261158+00:00
ACF1806,Night,software_engineering,0,2026-06-05T07:40:54.261158+00:00
ACS1921,Night,software_engineering,0,2026-06-05T07:40:54.261158+00:00
ACV1946,Night,software_engineering,0,2026-06-05T07:40:54.261158+00:00
ADM0158,Night,software_engineering,0,2026-06-05T07:40:54.261158+00:00
ADM0765,Night,software_engineering,0,2026-06-05T07:40:54.261158+00:00
ADM2762,Night,software_engineering,0,2026-06-05T07:40:54.261158+00:00
ADS0763,Night,software_engineering,0,2026-06-05T07:40:54.261158+00:00
ADV2467,Night,software_engineering,1,2026-06-05T07:40:54.261158+00:00
AEG1121,Night,software_engineering,0,2026-06-05T07:40:54.261158+00:00
AEP1930,Night,software_engineering,0,2026-06-05T07:40:54.261158+00:00
AGF0742,Night,software_engineering,0,2026-06-05T07:40:54.261158+00:00
AGF1810,Night,software_engineering,0,2026-06-05T07:40:54.261158+00:00
AGS2462,Night,software_engineering,3,2026-06-05T07:40:54.261158+00:00
AHC0232,Night,software_engineering,0,2026-06-05T07:40:54.261158+00:00
AHH0495,Night,software_engineering,0,2026-06-05T07:40:54.261158+00:00
AHP0154,Night,software_engineering,0,2026-06-05T07:40:54.261158+00:00
AIF1202,Night,software_engineering,0,2026-06-05T07:40:54.261158+00:00
AIS1082,Night,software_engineering,0,2026-06-05T07:40:54.261158+00:00
AJH0279,Night,software_engineering,0,2026-06-05T07:40:54.261158+00:00
AJK0611,Night,software_engineering,0,2026-06-05T07:40:54.261158+00:00
AJM0243,Night,software_engineering,0,2026-06-05T07:40:54.261158+00:00
AJQ0809,Night,software_engineering,0,2026-06-05T07:40:54.261158+00:00
AJS0616,Night,software_engineering,0,2026-06-05T07:40:54.261158+00:00
AKB3530,Night,software_engineering,0,2026-06-05T07:40:54.261158+00:00
AKC1929,Night,software_engineering,0,2026-06-05T07:40:54.261158+00:00
ALB1254,Night,software_engineering,0,2026-06-05T07:40:54.261158+00:00
ALN2046,Night,software_engineering,0,2026-06-05T07:40:54.261158+00:00
AME0732,Night,software_engineering,0,2026-06-05T07:40:54.261158+00:00
AME1361,Night,software_engineering,0,2026-06-05T07:40:54.261158+00:00
AMM0734,Night,software_engineering,0,2026-06-05T07:40:54.261158+00:00
APB1122,Night,software_engineering,0,2026-06-05T07:40:54.261158+00:00
ARB2515,Night,software_engineering,0,2026-06-05T07:40:54.261158+00:00
ARC1223,Night,software_engineering,0,2026-06-05T07:40:54.261158+00:00
ARM0076,Night,software_engineering,0,2026-06-05T07:40:54.261158+00:00
ARV0704,Night,software_engineering,0,2026-06-05T07:40:54.261158+00:00
ARW0818,Night,software_engineering,0,2026-06-05T07:40:54.261158+00:00
ASW1918,Night,software_engineering,0,2026-06-05T07:40:54.261158+00:00
ATP2680,Night,software_engineering,0,2026-06-05T07:40:54.261158+00:00
ATT1191,Night,software_engineering,0,2026-06-05T07:40:54.261158+00:00
AUI2464,Night,software_engineering,3,2026-06-05T07:40:54.261158+00:00
AUR1359,Night,software_engineering,0,2026-06-05T07:40:54.261158+00:00
AVV2056,Night,software_engineering,0,2026-06-05T07:40:54.261158+00:00
AXL0479,Night,software_engineering,0,2026-06-05T07:40:54.261158+00:00
AZB1225,Night,software_engineering,0,2026-06-05T07:40:54.261158+00:00
BAB0518,Night,software_engineering,0,2026-06-05T07:40:54.261158+00:00
BAG2641,Night,software_engineering,0,2026-06-05T07:40:54.261158+00:00
BAH1259,Night,software_engineering,0,2026-06-05T07:40:54.261158+00:00
BBA1230,Night,software_engineering,0,2026-06-05T07:40:54.261158+00:00
BBP1093,Night,software_engineering,0,2026-06-05T07:40:54.261158+00:00
BCB2072,Night,software_engineering,0,2026-06-05T07:40:54.261158+00:00
BCC2536,Night,software_engineering,0,2026-06-05T07:40:54.261158+00:00
BDR0510,Night,software_engineering,0,2026-06-05T07:40:54.261158+00:00
BDU0497,Night,software_engineering,0,2026-06-05T07:40:54.261158+00:00
BDW1459,Night,software_engineering,0,2026-06-05T07:40:54.261158+00:00
BFD1111,Night,software_engineering,0,2026-06-05T07:40:54.261158+00:00
BGK0603,Night,software_engineering,0,2026-06-05T07:40:54.261158+00:00
BGM1226,Night,software_engineering,0,2026-06-05T07:40:54.261158+00:00
BHC0492,Night,software_engineering,0,2026-06-05T07:40:54.261158+00:00
BHC2049,Night,software_engineering,0,2026-06-05T07:40:54.261158+00:00
BJF0511,Night,software_engineering,0,2026-06-05T07:40:54.261158+00:00
BJS0744,Night,software_engineering,0,2026-06-05T07:40:54.261158+00:00
BJV2631,Night,software_engineering,0,2026-06-05T07:40:54.261158+00:00
BKS2069,Night,software_engineering,0,2026-06-05T07:40:54.261158+00:00
BLH3602,Night,software_engineering,0,2026-06-05T07:40:54.261158+00:00
BLN0230,Night,software_engineering,0,2026-06-05T07:40:54.261158+00:00
BNF1110,Night,software_engineering,0,2026-06-05T07:40:54.261158+00:00
BNH2692,Night,software_engineering,0,2026-06-05T07:40:54.261158+00:00
BNS3233,Night,software_engineering,0,2026-06-05T07:40:54.261158+00:00
BNS3594,Night,software_engineering,0,2026-06-05T07:40:54.261158+00:00
BRC1811,Night,software_engineering,0,2026-06-05T07:40:54.261158+00:00
BRG3113,Night,software_engineering,0,2026-06-05T07:40:54.261158+00:00
BTB0489,Night,software_engineering,0,2026-06-05T07:40:54.261158+00:00
BVK1096,Night,software_engineering,0,2026-06-05T07:40:54.261158+00:00
BXR3536,Night,software_engineering,0,2026-06-05T07:40:54.261158+00:00
BXW1804,Night,software_engineering,0,2026-06-05T07:40:54.261158+00:00
BZB3532,Night,software_engineering,0,2026-06-05T07:40:54.261158+00:00
CAC0147,Night,software_engineering,0,2026-06-05T07:40:54.261158+00:00
CAF1331,Night,software_engineering,0,2026-06-05T07:40:54.261158+00:00
CAM2468,Night,software_engineering,3,2026-06-05T07:40:54.261158+00:00
CBM1814,Night,software_engineering,0,2026-06-05T07:40:54.261158+00:00
CCC0491,Night,software_engineering,0,2026-06-05T07:40:54.261158+00:00
CCF3529,Night,software_engineering,0,2026-06-05T07:40:54.261158+00:00
CDD0127,Night,software_engineering,0,2026-06-05T07:40:54.261158+00:00
CDL2145,Night,software_engineering,0,2026-06-05T07:40:54.261158+00:00
CGG2688,Night,software_engineering,0,2026-06-05T07:40:54.261158+00:00
CGW0692,Night,software_engineering,0,2026-06-05T07:40:54.261158+00:00
CIG2684,Night,software_engineering,0,2026-06-05T07:40:54.261158+00:00
CIR1367,Night,software_engineering,0,2026-06-05T07:40:54.261158+00:00
CJF1934,Night,software_engineering,0,2026-06-05T07:40:54.261158+00:00
CJM0273,Night,software_engineering,0,2026-06-05T07:40:54.261158+00:00
CJS1932,Night,software_engineering,0,2026-06-05T07:40:54.261158+00:00
CKL3556,Night,software_engineering,0,2026-06-05T07:40:54.261158+00:00
CLH0733,Night,software_engineering,0,2026-06-05T07:40:54.261158+00:00
CLM1874,Night,software_engineering,0,2026-06-05T07:40:54.261158+00:00
CMD0613,Night,software_engineering,0,2026-06-05T07:40:54.261158+00:00
CMM0764,Night,software_engineering,0,2026-06-05T07:40:54.261158+00:00
CMR1470,Night,software_engineering,0,2026-06-05T07:40:54.261158+00:00
CNT1188,Night,software_engineering,0,2026-06-05T07:40:54.261158+00:00
CPC0724,Night,software_engineering,0,2026-06-05T07:40:54.261158+00:00
CPR1800,Night,software_engineering,0,2026-06-05T07:40:54.261158+00:00
CRE2652,Night,software_engineering,0,2026-06-05T07:40:54.261158+00:00
CRP1186,Night,software_engineering,0,2026-06-05T07:40:54.261158+00:00
CSB0827,Night,software_engineering,0,2026-06-05T07:40:54.261158+00:00
CSL2055,Night,software_engineering,0,2026-06-05T07:40:54.261158+00:00
CSP0483,Night,software_engineering,0,2026-06-05T07:40:54.261158+00:00
CSR0612,Night,software_engineering,0,2026-06-05T07:40:54.261158+00:00
CTH0626,Night,software_engineering,0,2026-06-05T07:40:54.261158+00:00
CTH0737,Night,software_engineering,0,2026-06-05T07:40:54.261158+00:00
CWC0490,Night,software_engineering,0,2026-06-05T07:40:54.261158+00:00
CXM1821,Night,software_engineering,0,2026-06-05T07:40:54.261158+00:00
DAB2580,Night,software_engineering,0,2026-06-05T07:40:54.261158+00:00
DAL1943,Night,software_engineering,0,2026-06-05T07:40:54.261158+00:00
DBR1798,Night,software_engineering,0,2026-06-05T07:40:54.261158+00:00
DBS1363,Night,software_engineering,0,2026-06-05T07:40:54.261158+00:00
DDG1822,Night,software_engineering,0,2026-06-05T07:40:54.261158+00:00
DEN0236,Night,software_engineering,0,2026-06-05T07:40:54.261158+00:00
DEY2638,Night,software_engineering,0,2026-06-05T07:40:54.261158+00:00
DFC2060,Night,software_engineering,0,2026-06-05T07:40:54.261158+00:00
DFW1467,Night,software_engineering,0,2026-06-05T07:40:54.261158+00:00
DGS1079,Night,software_engineering,0,2026-06-05T07:40:54.261158+00:00
DHM1476,Night,software_engineering,0,2026-06-05T07:40:54.261158+00:00
DIA0731,Night,software_engineering,0,2026-06-05T07:40:54.261158+00:00
DJA0740,Night,software_engineering,0,2026-06-05T07:40:54.261158+00:00
DJF0760,Night,software_engineering,0,2026-06-05T07:40:54.261158+00:00
DJF2576,Night,software_engineering,0,2026-06-05T07:40:54.261158+00:00
DLM0608,Night,software_engineering,0,2026-06-05T07:40:54.261158+00:00
DMD0486,Night,software_engineering,0,2026-06-05T07:40:54.261158+00:00
DMH1232,Night,software_engineering,0,2026-06-05T07:40:54.261158+00:00
DMJ1815,Night,software_engineering,0,2026-06-05T07:40:54.261158+00:00
DMM2063,Night,software_engineering,0,2026-06-05T07:40:54.261158+00:00
DMR2518,Night,software_engineering,0,2026-06-05T07:40:54.261158+00:00
DNB2574,Night,software_engineering,0,2026-06-05T07:40:54.261158+00:00
DNN0488,Night,software_engineering,0,2026-06-05T07:40:54.261158+00:00
DOT1898,Night,software_engineering,0,2026-06-05T07:40:54.261158+00:00
DRB0202,Night,software_engineering,0,2026-06-05T07:40:54.261158+00:00
DRB0756,Night,software_engineering,0,2026-06-05T07:40:54.261158+00:00
DZW0126,Night,software_engineering,0,2026-06-05T07:40:54.261158+00:00
ECA1221,Night,software_engineering,0,2026-06-05T07:40:54.261158+00:00
ECM3591,Night,software_engineering,0,2026-06-05T07:40:54.261158+00:00
EHV1237,Night,software_engineering,0,2026-06-05T07:40:54.261158+00:00
EJB1263,Night,software_engineering,0,2026-06-05T07:40:54.261158+00:00
EJM2690,Night,software_engineering,0,2026-06-05T07:40:54.261158+00:00
EKB0825,Night,software_engineering,0,2026-06-05T07:40:54.261158+00:00
EKK0503,Night,software_engineering,0,2026-06-05T07:40:54.261158+00:00
EMO0159,Night,software_engineering,0,2026-06-05T07:40:54.261158+00:00
EMO2120,Night,software_engineering,0,2026-06-05T07:40:54.261158+00:00
ERA0725,Night,software_engineering,0,2026-06-05T07:40:54.261158+00:00
ERD1235,Night,software_engineering,0,2026-06-05T07:40:54.261158+00:00
ERF2472,Night,software_engineering,2,2026-06-05T07:40:54.261158+00:00
ESB2629,Night,software_engineering,0,2026-06-05T07:40:54.261158+00:00
ESN2683,Night,software_engineering,0,2026-06-05T07:40:54.261158+00:00
ETB0828,Night,software_engineering,0,2026-06-05T07:40:54.261158+00:00
EZP3568,Night,software_engineering,0,2026-06-05T07:40:54.261158+00:00
FCE0695,Night,software_engineering,0,2026-06-05T07:40:54.261158+00:00
FCY1819,Night,software_engineering,0,2026-06-05T07:40:54.261158+00:00
FDM1933,Night,software_engineering,0,2026-06-05T07:40:54.261158+00:00
FDV1224,Night,software_engineering,0,2026-06-05T07:40:54.261158+00:00
FHM2067,Night,software_engineering,0,2026-06-05T07:40:54.261158+00:00
FLS0231,Night,software_engineering,0,2026-06-05T07:40:54.261158+00:00
FMT2152,Night,software_engineering,0,2026-06-05T07:40:54.261158+00:00
FNR0635,Night,software_engineering,3,2026-06-05T07:40:54.261158+00:00
FYP1187,Night,software_engineering,0,2026-06-05T07:40:54.261158+00:00
GAC2529,Night,software_engineering,0,2026-06-05T07:40:54.261158+00:00
GBJ3604,Night,software_engineering,0,2026-06-05T07:40:54.261158+00:00
GCH0735,Night,software_engineering,0,2026-06-05T07:40:54.261158+00:00
GCK2071,Night,software_engineering,0,2026-06-05T07:40:54.261158+00:00
GFJ2582,Night,software_engineering,0,2026-06-05T07:40:54.261158+00:00
GJG1087,Night,software_engineering,0,2026-06-05T07:40:54.261158+00:00
GJS0494,Night,software_engineering,0,2026-06-05T07:40:54.261158+00:00
GMH2027,Night,software_engineering,0,2026-06-05T07:40:54.261158+00:00
GMM0224,Night,software_engineering,0,2026-06-05T07:40:54.261158+00:00
GNE1365,Night,software_engineering,0,2026-06-05T07:40:54.261158+00:00
GOB3528,Night,software_engineering,0,2026-06-05T07:40:54.261158+00:00
GOM0090,Night,software_engineering,0,2026-06-05T07:40:54.261158+00:00
GPB2691,Night,software_engineering,0,2026-06-05T07:40:54.261158+00:00
GRP1402,Night,software_engineering,0,2026-06-05T07:40:54.261158+00:00
GRY1398,Night,software_engineering,0,2026-06-05T07:40:54.261158+00:00
GWM1366,Night,software_engineering,0,2026-06-05T07:40:54.261158+00:00
GYM1926,Night,software_engineering,0,2026-06-05T07:40:54.261158+00:00
GYS2461,Night,software_engineering,1,2026-06-05T07:40:54.261158+00:00
HAR3571,Night,software_engineering,0,2026-06-05T07:40:54.261158+00:00
HBC0081,Night,software_engineering,0,2026-06-05T07:40:54.261158+00:00
HBD1371,Night,software_engineering,0,2026-06-05T07:40:54.261158+00:00
HDK0634,Night,software_engineering,1,2026-06-05T07:40:54.261158+00:00
HDT0242,Night,software_engineering,0,2026-06-05T07:40:54.261158+00:00
HGH0727,Night,software_engineering,0,2026-06-05T07:40:54.261158+00:00
HHF1995,Night,software_engineering,0,2026-06-05T07:40:54.261158+00:00
HHW2471,Night,software_engineering,1,2026-06-05T07:40:54.261158+00:00
HIF0482,Night,software_engineering,0,2026-06-05T07:40:54.261158+00:00
HJW2646,Night,software_engineering,0,2026-06-05T07:40:54.261158+00:00
HKH0204,Night,software_engineering,0,2026-06-05T07:40:54.261158+00:00
HLD1109,Night,software_engineering,0,2026-06-05T07:40:54.261158+00:00
HLO2756,Night,software_engineering,0,2026-06-05T07:40:54.261158+00:00
HMA1258,Night,software_engineering,0,2026-06-05T07:40:54.261158+00:00
HMG0642,Night,software_engineering,2,2026-06-05T07:40:54.261158+00:00
HMM2768,Night,software_engineering,0,2026-06-05T07:40:54.261158+00:00
HMY0235,Night,software_engineering,0,2026-06-05T07:40:54.261158+00:00
HNB2571,Night,software_engineering,0,2026-06-05T07:40:54.261158+00:00
HPR2023,Night,software_engineering,0,2026-06-05T07:40:54.261158+00:00
HRF2044,Night,software_engineering,0,2026-06-05T07:40:54.261158+00:00
HSA2065,Night,software_engineering,0,2026-06-05T07:40:54.261158+00:00
HSK0639,Night,software_engineering,2,2026-06-05T07:40:54.261158+00:00
HUC1396,Night,software_engineering,0,2026-06-05T07:40:54.261158+00:00
IDL2014,Night,software_engineering,0,2026-06-05T07:40:54.261158+00:00
IEG2687,Night,software_engineering,0,2026-06-05T07:40:54.261158+00:00
IGB1902,Night,software_engineering,0,2026-06-05T07:40:54.261158+00:00
IIB2553,Night,software_engineering,0,2026-06-05T07:40:54.261158+00:00
IIM1947,Night,software_engineering,0,2026-06-05T07:40:54.261158+00:00
IJS1090,Night,software_engineering,0,2026-06-05T07:40:54.261158+00:00
IKM1808,Night,software_engineering,0,2026-06-05T07:40:54.261158+00:00
INH1250,Night,software_engineering,0,2026-06-05T07:40:54.261158+00:00
IOR0152,Night,software_engineering,0,2026-06-05T07:40:54.261158+00:00
IPB1935,Night,software_engineering,0,2026-06-05T07:40:54.261158+00:00
IPK2575,Night,software_engineering,0,2026-06-05T07:40:54.261158+00:00
IRO0822,Night,software_engineering,0,2026-06-05T07:40:54.261158+00:00
ISR1364,Night,software_engineering,0,2026-06-05T07:40:54.261158+00:00
JAB2131,Night,software_engineering,0,2026-06-05T07:40:54.261158+00:00
JAC2001,Night,software_engineering,0,2026-06-05T07:40:54.261158+00:00
JBW2054,Night,software_engineering,0,2026-06-05T07:40:54.261158+00:00
JCC0571,Night,software_engineering,0,2026-06-05T07:40:54.261158+00:00
JCC0736,Night,software_engineering,0,2026-06-05T07:40:54.261158+00:00
JCJ2572,Night,software_engineering,0,2026-06-05T07:40:54.261158+00:00
JCM1803,Night,software_engineering,0,2026-06-05T07:40:54.261158+00:00
JCW1332,Night,software_engineering,0,2026-06-05T07:40:54.261158+00:00
JDB0738,Night,software_engineering,0,2026-06-05T07:40:54.261158+00:00
JDM0165,Night,software_engineering,2,2026-06-05T07:40:54.261158+00:00
JDS0516,Night,software_engineering,0,2026-06-05T07:40:54.261158+00:00
JGH0493,Night,software_engineering,0,2026-06-05T07:40:54.261158+00:00
JGH0728,Night,software_engineering,0,2026-06-05T07:40:54.261158+00:00
JHB0807,Night,software_engineering,0,2026-06-05T07:40:54.261158+00:00
JHC1809,Night,software_engineering,0,2026-06-05T07:40:54.261158+00:00
JHF0480,Night,software_engineering,0,2026-06-05T07:40:54.261158+00:00
JHH2770,Night,software_engineering,0,2026-06-05T07:40:54.261158+00:00
JHP1799,Night,software_engineering,0,2026-06-05T07:40:54.261158+00:00
JIG1936,Night,software_engineering,0,2026-06-05T07:40:54.261158+00:00
JIP3170,Night,software_engineering,0,2026-06-05T07:40:54.261158+00:00
JJA1399,Night,software_engineering,0,2026-06-05T07:40:54.261158+00:00
JJH1389,Night,software_engineering,0,2026-06-05T07:40:54.261158+00:00
JJH1818,Night,software_engineering,0,2026-06-05T07:40:54.261158+00:00
JJY3112,Night,software_engineering,0,2026-06-05T07:40:54.261158+00:00
JKD1115,Night,software_engineering,0,2026-06-05T07:40:54.261158+00:00
JLL1813,Night,software_engineering,0,2026-06-05T07:40:54.261158+00:00
JMH0617,Night,software_engineering,0,2026-06-05T07:40:54.261158+00:00
JMV0602,Night,software_engineering,0,2026-06-05T07:40:54.261158+00:00
JNG1998,Night,software_engineering,0,2026-06-05T07:40:54.261158+00:00
JOB1328,Night,software_engineering,0,2026-06-05T07:40:54.261158+00:00
JOR2627,Night,software_engineering,0,2026-06-05T07:40:54.261158+00:00
JRB1080,Night,software_engineering,0,2026-06-05T07:40:54.261158+00:00
JRB2741,Night,software_engineering,0,2026-06-05T07:40:54.261158+00:00
JSR1085,Night,software_engineering,0,2026-06-05T07:40:54.261158+00:00
JUG0498,Night,software_engineering,0,2026-06-05T07:40:54.261158+00:00
JWM0484,Night,software_engineering,0,2026-06-05T07:40:54.261158+00:00
KAA2150,Night,software_engineering,0,2026-06-05T07:40:54.261158+00:00
KAC0579,Night,software_engineering,0,2026-06-05T07:40:54.261158+00:00
KAH1820,Night,software_engineering,0,2026-06-05T07:40:54.261158+00:00
KAH2460,Night,software_engineering,1,2026-06-05T07:40:54.261158+00:00
KBG1117,Night,software_engineering,0,2026-06-05T07:40:54.261158+00:00
KBG2061,Night,software_engineering,0,2026-06-05T07:40:54.261158+00:00
KCM3235,Night,software_engineering,0,2026-06-05T07:40:54.261158+00:00
KCO1253,Night,software_engineering,0,2026-06-05T07:40:54.261158+00:00
KCS0605,Night,software_engineering,0,2026-06-05T07:40:54.261158+00:00
KDT1190,Night,software_engineering,0,2026-06-05T07:40:54.261158+00:00
KEC2465,Night,software_engineering,3,2026-06-05T07:40:54.261158+00:00
KED1219,Night,software_engineering,0,2026-06-05T07:40:54.261158+00:00
KFG2735,Night,software_engineering,0,2026-06-05T07:40:54.261158+00:00
KGN0619,Night,software_engineering,0,2026-06-05T07:40:54.261158+00:00
KHC2129,Night,software_engineering,0,2026-06-05T07:40:54.261158+00:00
KHW2052,Night,software_engineering,0,2026-06-05T07:40:54.261158+00:00
KJP1326,Night,software_engineering,0,2026-06-05T07:40:54.261158+00:00
KJS0119,Night,software_engineering,0,2026-06-05T07:40:54.261158+00:00
KJS1940,Night,software_engineering,0,2026-06-05T07:40:54.261158+00:00
KKB1088,Night,software_engineering,0,2026-06-05T07:40:54.261158+00:00
KKM0624,Night,software_engineering,0,2026-06-05T07:40:54.261158+00:00
KPB1123,Night,software_engineering,0,2026-06-05T07:40:54.261158+00:00
KSS2068,Night,software_engineering,0,2026-06-05T07:40:54.261158+00:00
KZK2058,Night,software_engineering,0,2026-06-05T07:40:54.261158+00:00
LAF1796,Night,software_engineering,0,2026-06-05T07:40:54.261158+00:00
LAN1329,Night,software_engineering,0,2026-06-05T07:40:54.261158+00:00
LBM0614,Night,software_engineering,0,2026-06-05T07:40:54.261158+00:00
LBM2142,Night,software_engineering,0,2026-06-05T07:40:54.261158+00:00
LCK1403,Night,software_engineering,0,2026-06-05T07:40:54.261158+00:00
LDH0574,Night,software_engineering,0,2026-06-05T07:40:54.261158+00:00
LDW0620,Night,software_engineering,0,2026-06-05T07:40:54.261158+00:00
LDW1472,Night,software_engineering,0,2026-06-05T07:40:54.261158+00:00
LFF1887,Night,software_engineering,0,2026-06-05T07:40:54.261158+00:00
LFR0075,Night,software_engineering,0,2026-06-05T07:40:54.261158+00:00
LGM1260,Night,software_engineering,0,2026-06-05T07:40:54.261158+00:00
LGS1812,Night,software_engineering,0,2026-06-05T07:40:54.261158+00:00
LHH2148,Night,software_engineering,0,2026-06-05T07:40:54.261158+00:00
LKC1944,Night,software_engineering,0,2026-06-05T07:40:54.261158+00:00
LLJ3179,Night,software_engineering,0,2026-06-05T07:40:54.261158+00:00
LNA2543,Night,software_engineering,0,2026-06-05T07:40:54.261158+00:00
LNM1879,Night,software_engineering,0,2026-06-05T07:40:54.261158+00:00
LPC2011,Night,software_engineering,0,2026-06-05T07:40:54.261158+00:00
LRM1362,Night,software_engineering,0,2026-06-05T07:40:54.261158+00:00
LRM1922,Night,software_engineering,0,2026-06-05T07:40:54.261158+00:00
LRV1120,Night,software_engineering,0,2026-06-05T07:40:54.261158+00:00
LTH1795,Night,software_engineering,0,2026-06-05T07:40:54.261158+00:00
LXE2139,Night,software_engineering,0,2026-06-05T07:40:54.261158+00:00
MBA1797,Night,software_engineering,0,2026-06-05T07:40:54.261158+00:00
MBH1370,Night,software_engineering,0,2026-06-05T07:40:54.261158+00:00
MBS1375,Night,software_engineering,0,2026-06-05T07:40:54.261158+00:00
MCS0512,Night,software_engineering,0,2026-06-05T07:40:54.261158+00:00
MCY0601,Night,software_engineering,0,2026-06-05T07:40:54.261158+00:00
MDD1920,Night,software_engineering,0,2026-06-05T07:40:54.261158+00:00
MDF1222,Night,software_engineering,0,2026-06-05T07:40:54.261158+00:00
MDH1924,Night,software_engineering,0,2026-06-05T07:40:54.261158+00:00
MDO0606,Night,software_engineering,0,2026-06-05T07:40:54.261158+00:00
MDS0759,Night,software_engineering,0,2026-06-05T07:40:54.261158+00:00
MGG0080,Night,software_engineering,0,2026-06-05T07:40:54.261158+00:00
MHR0581,Night,software_engineering,0,2026-06-05T07:40:54.261158+00:00
MJC1471,Night,software_engineering,0,2026-06-05T07:40:54.261158+00:00
MJR0244,Night,software_engineering,0,2026-06-05T07:40:54.261158+00:00
MJS1251,Night,software_engineering,0,2026-06-05T07:40:54.261158+00:00
MKC2767,Night,software_engineering,0,2026-06-05T07:40:54.261158+00:00
MKO0749,Night,software_engineering,0,2026-06-05T07:40:54.261158+00:00
MKR2138,Night,software_engineering,0,2026-06-05T07:40:54.261158+00:00
MKW0157,Night,software_engineering,0,2026-06-05T07:40:54.261158+00:00
MLV0088,Night,software_engineering,0,2026-06-05T07:40:54.261158+00:00
MMA1255,Night,software_engineering,0,2026-06-05T07:40:54.261158+00:00
MMC1084,Night,software_engineering,0,2026-06-05T07:40:54.261158+00:00
MMJ0070,Night,software_engineering,0,2026-06-05T07:40:54.261158+00:00
MML2045,Night,software_engineering,0,2026-06-05T07:40:54.261158+00:00
MMW1927,Night,software_engineering,0,2026-06-05T07:40:54.261158+00:00
MNB2570,Night,software_engineering,0,2026-06-05T07:40:54.261158+00:00
MNS1394,Night,software_engineering,0,2026-06-05T07:40:54.261158+00:00
MNV0618,Night,software_engineering,0,2026-06-05T07:40:54.261158+00:00
MOS0496,Night,software_engineering,0,2026-06-05T07:40:54.261158+00:00
MPB2578,Night,software_engineering,0,2026-06-05T07:40:54.261158+00:00
MPH0153,Night,software_engineering,0,2026-06-05T07:40:54.261158+00:00
MPY0478,Night,software_engineering,0,2026-06-05T07:40:54.261158+00:00
MRL2636,Night,software_engineering,0,2026-06-05T07:40:54.261158+00:00
MVA2547,Night,software_engineering,0,2026-06-05T07:40:54.261158+00:00
NBC0607,Night,software_engineering,0,2026-06-05T07:40:54.261158+00:00
NBD2469,Night,software_engineering,2,2026-06-05T07:40:54.261158+00:00
NBR1873,Night,software_engineering,0,2026-06-05T07:40:54.261158+00:00
NCV0758,Night,software_engineering,0,2026-06-05T07:40:54.261158+00:00
NDB0517,Night,software_engineering,0,2026-06-05T07:40:54.261158+00:00
NEA3248,Night,software_engineering,0,2026-06-05T07:40:54.261158+00:00
NGH1256,Night,software_engineering,0,2026-06-05T07:40:54.261158+00:00
NHM1805,Night,software_engineering,0,2026-06-05T07:40:54.261158+00:00
NHR1220,Night,software_engineering,0,2026-06-05T07:40:54.261158+00:00
NHR2050,Night,software_engineering,0,2026-06-05T07:40:54.261158+00:00
NHV2004,Night,software_engineering,0,2026-06-05T07:40:54.261158+00:00
NJS2473,Night,software_engineering,2,2026-06-05T07:40:54.261158+00:00
NJS2657,Night,software_engineering,0,2026-06-05T07:40:54.261158+00:00
NLN0513,Night,software_engineering,0,2026-06-05T07:40:54.261158+00:00
NLP0155,Night,software_engineering,0,2026-06-05T07:40:54.261158+00:00
NNP0229,Night,software_engineering,0,2026-06-05T07:40:54.261158+00:00
NOD1261,Night,software_engineering,0,2026-06-05T07:40:54.261158+00:00
NRT1320,Night,software_engineering,0,2026-06-05T07:40:54.261158+00:00
NSC1939,Night,software_engineering,0,2026-06-05T07:40:54.261158+00:00
NTC2663,Night,software_engineering,0,2026-06-05T07:40:54.261158+00:00
NTF1342,Night,software_engineering,0,2026-06-05T07:40:54.261158+00:00
NYC2048,Night,software_engineering,0,2026-06-05T07:40:54.261158+00:00
OAG1468,Night,software_engineering,0,2026-06-05T07:40:54.261158+00:00
OHC1892,Night,software_engineering,0,2026-06-05T07:40:54.261158+00:00
OHF0078,Night,software_engineering,0,2026-06-05T07:40:54.261158+00:00
OJM1324,Night,software_engineering,0,2026-06-05T07:40:54.261158+00:00
OJT3599,Night,software_engineering,0,2026-06-05T07:40:54.261158+00:00
OLA2686,Night,software_engineering,0,2026-06-05T07:40:54.261158+00:00
OMB2053,Night,software_engineering,0,2026-06-05T07:40:54.261158+00:00
ORJ1401,Night,software_engineering,0,2026-06-05T07:40:54.261158+00:00
OSC1925,Night,software_engineering,0,2026-06-05T07:40:54.261158+00:00
OTD1228,Night,software_engineering,0,2026-06-05T07:40:54.261158+00:00
OUH0741,Night,software_engineering,0,2026-06-05T07:40:54.261158+00:00
PAF1373,Night,software_engineering,0,2026-06-05T07:40:54.261158+00:00
PCC0604,Night,software_engineering,0,2026-06-05T07:40:54.261158+00:00
PCM0609,Night,software_engineering,0,2026-06-05T07:40:54.261158+00:00
PHA0726,Night,software_engineering,0,2026-06-05T07:40:54.261158+00:00
PHO1937,Night,software_engineering,0,2026-06-05T07:40:54.261158+00:00
PIG2047,Night,software_engineering,0,2026-06-05T07:40:54.261158+00:00
PJC1252,Night,software_engineering,0,2026-06-05T07:40:54.261158+00:00
PJF2579,Night,software_engineering,0,2026-06-05T07:40:54.261158+00:00
PKH0730,Night,software_engineering,0,2026-06-05T07:40:54.261158+00:00
PLH1807,Night,software_engineering,0,2026-06-05T07:40:54.261158+00:00
PMA2693,Night,software_engineering,0,2026-06-05T07:40:54.261158+00:00
PMG1376,Night,software_engineering,0,2026-06-05T07:40:54.261158+00:00
POS0615,Night,software_engineering,0,2026-06-05T07:40:54.261158+00:00
PSG1938,Night,software_engineering,0,2026-06-05T07:40:54.261158+00:00
PSS2051,Night,software_engineering,0,2026-06-05T07:40:54.261158+00:00
QCB1360,Night,software_engineering,0,2026-06-05T07:40:54.261158+00:00
QKV2583,Night,software_engineering,0,2026-06-05T07:40:54.261158+00:00
QLC0082,Night,software_engineering,0,2026-06-05T07:40:54.261158+00:00
QNG2121,Night,software_engineering,0,2026-06-05T07:40:54.261158+00:00
QRJ0691,Night,software_engineering,0,2026-06-05T07:40:54.261158+00:00
QSG2525,Night,software_engineering,0,2026-06-05T07:40:54.261158+00:00
QYG1180,Night,software_engineering,0,2026-06-05T07:40:54.261158+00:00
RAA1455,Night,software_engineering,0,2026-06-05T07:40:54.261158+00:00
RAI1483,Night,software_engineering,0,2026-06-05T07:40:54.261158+00:00
RCF2057,Night,software_engineering,0,2026-06-05T07:40:54.261158+00:00
RCM1372,Night,software_engineering,0,2026-06-05T07:40:54.261158+00:00
RCS2064,Night,software_engineering,0,2026-06-05T07:40:54.261158+00:00
RDB0702,Night,software_engineering,0,2026-06-05T07:40:54.261158+00:00
RIJ2470,Night,software_engineering,3,2026-06-05T07:40:54.261158+00:00
RJP1091,Night,software_engineering,0,2026-06-05T07:40:54.261158+00:00
RKH1801,Night,software_engineering,0,2026-06-05T07:40:54.261158+00:00
RKL2682,Night,software_engineering,0,2026-06-05T07:40:54.261158+00:00
RLB1334,Night,software_engineering,0,2026-06-05T07:40:54.261158+00:00
RLS0761,Night,software_engineering,0,2026-06-05T07:40:54.261158+00:00
RNB0519,Night,software_engineering,0,2026-06-05T07:40:54.261158+00:00
RNB2679,Night,software_engineering,0,2026-06-05T07:40:54.261158+00:00
RSM1089,Night,software_engineering,0,2026-06-05T07:40:54.261158+00:00
RSR2681,Night,software_engineering,0,2026-06-05T07:40:54.261158+00:00
RSW3232,Night,software_engineering,0,2026-06-05T07:40:54.261158+00:00
RTA1201,Night,software_engineering,0,2026-06-05T07:40:54.261158+00:00
RTD0762,Night,software_engineering,0,2026-06-05T07:40:54.261158+00:00
SAB0817,Night,software_engineering,0,2026-06-05T07:40:54.261158+00:00
SAP1888,Night,software_engineering,0,2026-06-05T07:40:54.261158+00:00
SAR2066,Night,software_engineering,0,2026-06-05T07:40:54.261158+00:00
SBO3115,Night,software_engineering,0,2026-06-05T07:40:54.261158+00:00
SCC2526,Night,software_engineering,0,2026-06-05T07:40:54.261158+00:00
SCH3567,Night,software_engineering,0,2026-06-05T07:40:54.261158+00:00
SCL2577,Night,software_engineering,0,2026-06-05T07:40:54.261158+00:00
SCP1116,Night,software_engineering,0,2026-06-05T07:40:54.261158+00:00
SDR1227,Night,software_engineering,0,2026-06-05T07:40:54.261158+00:00
SER0621,Night,software_engineering,0,2026-06-05T07:40:54.261158+00:00
SGK1941,Night,software_engineering,0,2026-06-05T07:40:54.261158+00:00
SJB0086,Night,software_engineering,0,2026-06-05T07:40:54.261158+00:00
SJG1194,Night,software_engineering,0,2026-06-05T07:40:54.261158+00:00
SKA0757,Night,software_engineering,0,2026-06-05T07:40:54.261158+00:00
SKB2635,Night,software_engineering,0,2026-06-05T07:40:54.261158+00:00
SKL0739,Night,software_engineering,0,2026-06-05T07:40:54.261158+00:00
SKM1369,Night,software_engineering,0,2026-06-05T07:40:54.261158+00:00
SLB2519,Night,software_engineering,0,2026-06-05T07:40:54.261158+00:00
SLM1119,Night,software_engineering,0,2026-06-05T07:40:54.261158+00:00
SMG1794,Night,software_engineering,0,2026-06-05T07:40:54.261158+00:00
SML1923,Night,software_engineering,0,2026-06-05T07:40:54.261158+00:00
SMS1114,Night,software_engineering,0,2026-06-05T07:40:54.261158+00:00
SMW2062,Night,software_engineering,0,2026-06-05T07:40:54.261158+00:00
SNM1257,Night,software_engineering,0,2026-06-05T07:40:54.261158+00:00
SOB0089,Night,software_engineering,0,2026-06-05T07:40:54.261158+00:00
SOH3595,Night,software_engineering,0,2026-06-05T07:40:54.261158+00:00
SRL3525,Night,software_engineering,0,2026-06-05T07:40:54.261158+00:00
SRM1112,Night,software_engineering,0,2026-06-05T07:40:54.261158+00:00
SRM3245,Night,software_engineering,0,2026-06-05T07:40:54.261158+00:00
SSA1793,Night,software_engineering,0,2026-06-05T07:40:54.261158+00:00
STJ2043,Night,software_engineering,0,2026-06-05T07:40:54.261158+00:00
SVM0077,Night,software_engineering,0,2026-06-05T07:40:54.261158+00:00
SWG1391,Night,software_engineering,0,2026-06-05T07:40:54.261158+00:00
TAB1870,Night,software_engineering,0,2026-06-05T07:40:54.261158+00:00
TAF0640,Night,software_engineering,3,2026-06-05T07:40:54.261158+00:00
TAN2642,Night,software_engineering,0,2026-06-05T07:40:54.261158+00:00
TAP0631,Night,software_engineering,0,2026-06-05T07:40:54.261158+00:00
TAP1086,Night,software_engineering,0,2026-06-05T07:40:54.261158+00:00
TBL2581,Night,software_engineering,0,2026-06-05T07:40:54.261158+00:00
TBW1393,Night,software_engineering,0,2026-06-05T07:40:54.261158+00:00
TCG1262,Night,software_engineering,0,2026-06-05T07:40:54.261158+00:00
TFB1229,Night,software_engineering,0,2026-06-05T07:40:54.261158+00:00
TGP1343,Night,software_engineering,0,2026-06-05T07:40:54.261158+00:00
TIJ1817,Night,software_engineering,0,2026-06-05T07:40:54.261158+00:00
TJE1945,Night,software_engineering,0,2026-06-05T07:40:54.261158+00:00
TJL2113,Night,software_engineering,0,2026-06-05T07:40:54.261158+00:00
TJL3603,Night,software_engineering,0,2026-06-05T07:40:54.261158+00:00
TKC0514,Night,software_engineering,0,2026-06-05T07:40:54.261158+00:00
TLP1231,Night,software_engineering,0,2026-06-05T07:40:54.261158+00:00
TMB1474,Night,software_engineering,0,2026-06-05T07:40:54.261158+00:00
TNS1233,Night,software_engineering,0,2026-06-05T07:40:54.261158+00:00
TPM0234,Night,software_engineering,0,2026-06-05T07:40:54.261158+00:00
TRH1083,Night,software_engineering,0,2026-06-05T07:40:54.261158+00:00
TVS0520,Night,software_engineering,0,2026-06-05T07:40:54.261158+00:00
TZM0239,Night,software_engineering,0,2026-06-05T07:40:54.261158+00:00
UDW0487,Night,software_engineering,0,2026-06-05T07:40:54.261158+00:00
UEP2013,Night,software_engineering,0,2026-06-05T07:40:54.261158+00:00
UKC1192,Night,software_engineering,0,2026-06-05T07:40:54.261158+00:00
VAR3559,Night,software_engineering,0,2026-06-05T07:40:54.261158+00:00
VBA1395,Night,software_engineering,0,2026-06-05T07:40:54.261158+00:00
VBP1871,Night,software_engineering,0,2026-06-05T07:40:54.261158+00:00
VCS1196,Night,software_engineering,0,2026-06-05T07:40:54.261158+00:00
VCV2521,Night,software_engineering,0,2026-06-05T07:40:54.261158+00:00
VDH0766,Night,software_engineering,0,2026-06-05T07:40:54.261158+00:00
VHH0485,Night,software_engineering,0,2026-06-05T07:40:54.261158+00:00
VIB2070,Night,software_engineering,0,2026-06-05T07:40:54.261158+00:00
VJB1928,Night,software_engineering,0,2026-06-05T07:40:54.261158+00:00
VJK1327,Night,software_engineering,0,2026-06-05T07:40:54.261158+00:00
VJM1336,Night,software_engineering,0,2026-06-05T07:40:54.261158+00:00
VKA1118,Night,software_engineering,0,2026-06-05T07:40:54.261158+00:00
VLF1113,Night,software_engineering,0,2026-06-05T07:40:54.261158+00:00
VMN0743,Night,software_engineering,0,2026-06-05T07:40:54.261158+00:00
VPS3185,Night,software_engineering,0,2026-06-05T07:40:54.261158+00:00
VRJ0636,Night,software_engineering,3,2026-06-05T07:40:54.261158+00:00
VSJ2569,Night,software_engineering,0,2026-06-05T07:40:54.261158+00:00
VTD1184,Night,software_engineering,0,2026-06-05T07:40:54.261158+00:00
VWV1249,Night,software_engineering,0,2026-06-05T07:40:54.261158+00:00
VYP0637,Night,software_engineering,3,2026-06-05T07:40:54.261158+00:00
WAA1816,Night,software_engineering,0,2026-06-05T07:40:54.261158+00:00
WAA2573,Night,software_engineering,0,2026-06-05T07:40:54.261158+00:00
WBC1203,Night,software_engineering,0,2026-06-05T07:40:54.261158+00:00
WCR2136,Night,software_engineering,0,2026-06-05T07:40:54.261158+00:00
WGC1081,Night,software_engineering,0,2026-06-05T07:40:54.261158+00:00
WMR2625,Night,software_engineering,0,2026-06-05T07:40:54.261158+00:00
WMR2685,Night,software_engineering,0,2026-06-05T07:40:54.261158+00:00
WNO1466,Night,software_engineering,0,2026-06-05T07:40:54.261158+00:00
WNW2002,Night,software_engineering,0,2026-06-05T07:40:54.261158+00:00
WPJ1400,Night,software_engineering,0,2026-06-05T07:40:54.261158+00:00
WRM0515,Night,software_engineering,0,2026-06-05T07:40:54.261158+00:00
WSB1368,Night,software_engineering,0,2026-06-05T07:40:54.261158+00:00
XCB1390,Night,software_engineering,0,2026-06-05T07:40:54.261158+00:00
XKR2059,Night,software_engineering,0,2026-06-05T07:40:54.261158+00:00
XUC1092,Night,software_engineering,0,2026-06-05T07:40:54.261158+00:00
YIP1802,Night,software_engineering,0,2026-06-05T07:40:54.261158+00:00
YJP2689,Night,software_engineering,0,2026-06-05T07:40:54.261158+00:00
ZAN1931,Night,software_engineering,0,2026-06-05T07:40:54.261158+00:00
ZHB1392,Night,software_engineering,0,2026-06-05T07:40:54.261158+00:00
ZKR1397,Night,software_engineering,0,2026-06-05T07:40:54.261158+00:00
ZRM0694,Night,software_engineering,0,2026-06-05T07:40:54.261158+00:00
AAC3270,Night,logistics,2,2026-06-05T07:40:54.261158+00:00
AAV3669,Night,logistics,1,2026-06-05T07:40:54.261158+00:00
ABB0300,Night,logistics,3,2026-06-05T07:40:54.261158+00:00
ACA3252,Night,logistics,2,2026-06-05T07:40:54.261158+00:00
ACM3964,Night,logistics,1,2026-06-05T07:40:54.261158+00:00
ADP3667,Night,logistics,1,2026-06-05T07:40:54.261158+00:00
ADW2832,Night,logistics,1,2026-06-05T07:40:54.261158+00:00
AFF1492,Night,logistics,1,2026-06-05T07:40:54.261158+00:00
AGB3303,Night,logistics,1,2026-06-05T07:40:54.261158+00:00
AGG3958,Night,logistics,3,2026-06-05T07:40:54.261158+00:00
AID2774,Night,logistics,1,2026-06-05T07:40:54.261158+00:00
AJO2788,Night,logistics,1,2026-06-05T07:40:54.261158+00:00
AKH1534,Night,logistics,1,2026-06-05T07:40:54.261158+00:00
ALH1494,Night,logistics,2,2026-06-05T07:40:54.261158+00:00
AME1490,Night,logistics,0,2026-06-05T07:40:54.261158+00:00
AOP1542,Night,logistics,2,2026-06-05T07:40:54.261158+00:00
APP3678,Night,logistics,3,2026-06-05T07:40:54.261158+00:00
ASM3925,Night,logistics,2,2026-06-05T07:40:54.261158+00:00
AYA3962,Night,logistics,2,2026-06-05T07:40:54.261158+00:00
AYD2775,Night,logistics,1,2026-06-05T07:40:54.261158+00:00
BAL3618,Night,logistics,1,2026-06-05T07:40:54.261158+00:00
BBB3612,Night,logistics,1,2026-06-05T07:40:54.261158+00:00
BCO0877,Night,logistics,1,2026-06-05T07:40:54.261158+00:00
BDB2163,Night,logistics,1,2026-06-05T07:40:54.261158+00:00
BDM3662,Night,logistics,1,2026-06-05T07:40:54.261158+00:00
BDP3912,Night,logistics,2,2026-06-05T07:40:54.261158+00:00
BIT2790,Night,logistics,2,2026-06-05T07:40:54.261158+00:00
BKF1545,Night,logistics,1,2026-06-05T07:40:54.261158+00:00
BKF2204,Night,logistics,3,2026-06-05T07:40:54.261158+00:00
BKM3611,Night,logistics,3,2026-06-05T07:40:54.261158+00:00
BKR3302,Night,logistics,2,2026-06-05T07:40:54.261158+00:00
BLL3910,Night,logistics,2,2026-06-05T07:40:54.261158+00:00
BNC1497,Night,logistics,2,2026-06-05T07:40:54.261158+00:00
BRD3314,Night,logistics,2,2026-06-05T07:40:54.261158+00:00
BRG3267,Night,logistics,0,2026-06-05T07:40:54.261158+00:00
BRM0843,Night,logistics,3,2026-06-05T07:40:54.261158+00:00
BSV1499,Night,logistics,1,2026-06-05T07:40:54.261158+00:00
BVD3974,Night,logistics,1,2026-06-05T07:40:54.261158+00:00
BYC3970,Night,logistics,3,2026-06-05T07:40:54.261158+00:00
BYS3626,Night,logistics,1,2026-06-05T07:40:54.261158+00:00
CAG3622,Night,logistics,3,2026-06-05T07:40:54.261158+00:00
CBD3251,Night,logistics,1,2026-06-05T07:40:54.261158+00:00
CCG3254,Night,logistics,3,2026-06-05T07:40:54.261158+00:00
CCM2207,Night,logistics,3,2026-06-05T07:40:54.261158+00:00
CCT2165,Night,logistics,1,2026-06-05T07:40:54.261158+00:00
CDS2792,Night,logistics,1,2026-06-05T07:40:54.261158+00:00
CDW0886,Night,logistics,2,2026-06-05T07:40:54.261158+00:00
CGB2215,Night,logistics,1,2026-06-05T07:40:54.261158+00:00
CJH3630,Night,logistics,2,2026-06-05T07:40:54.261158+00:00
CJJ1491,Night,logistics,2,2026-06-05T07:40:54.261158+00:00
CJM3315,Night,logistics,1,2026-06-05T07:40:54.261158+00:00
CLG3616,Night,logistics,1,2026-06-05T07:40:54.261158+00:00
CLM2776,Night,logistics,2,2026-06-05T07:40:54.261158+00:00
CMM3674,Night,logistics,1,2026-06-05T07:40:54.261158+00:00
CMW0437,Night,logistics,3,2026-06-05T07:40:54.261158+00:00
CNE2161,Night,logistics,1,2026-06-05T07:40:54.261158+00:00
CSV3305,Night,logistics,2,2026-06-05T07:40:54.261158+00:00
CTH2220,Night,logistics,3,2026-06-05T07:40:54.261158+00:00
DAB3255,Night,logistics,3,2026-06-05T07:40:54.261158+00:00
DAM2837,Night,logistics,1,2026-06-05T07:40:54.261158+00:00
DBG3320,Night,logistics,1,2026-06-05T07:40:54.261158+00:00
DBS0880,Night,logistics,2,2026-06-05T07:40:54.261158+00:00
DBW3679,Night,logistics,1,2026-06-05T07:40:54.261158+00:00
DCG2203,Night,logistics,1,2026-06-05T07:40:54.261158+00:00
DER2162,Night,logistics,1,2026-06-05T07:40:54.261158+00:00
DFP3615,Night,logistics,3,2026-06-05T07:40:54.261158+00:00
DHL2219,Night,logistics,1,2026-06-05T07:40:54.261158+00:00
DIP3310,Night,logistics,1,2026-06-05T07:40:54.261158+00:00
DIR3921,Night,logistics,3,2026-06-05T07:40:54.261158+00:00
DLM2826,Night,logistics,1,2026-06-05T07:40:54.261158+00:00
DMR0336,Night,logistics,1,2026-06-05T07:40:54.261158+00:00
DND3309,Night,logistics,2,2026-06-05T07:40:54.261158+00:00
DRF1498,Night,logistics,1,2026-06-05T07:40:54.261158+00:00
DRF3306,Night,logistics,1,2026-06-05T07:40:54.261158+00:00
DSA3620,Night,logistics,2,2026-06-05T07:40:54.261158+00:00
DSC2208,Night,logistics,1,2026-06-05T07:40:54.261158+00:00
DWY3973,Night,logistics,2,2026-06-05T07:40:54.261158+00:00
EGB3624,Night,logistics,3,2026-06-05T07:40:54.261158+00:00
EGD3972,Night,logistics,3,2026-06-05T07:40:54.261158+00:00
ENH3969,Night,logistics,2,2026-06-05T07:40:54.261158+00:00
EPH2834,Night,logistics,0,2026-06-05T07:40:54.261158+00:00
EPW3971,Night,logistics,2,2026-06-05T07:40:54.261158+00:00
ESS3318,Night,logistics,2,2026-06-05T07:40:54.261158+00:00
EWA1486,Night,logistics,3,2026-06-05T07:40:54.261158+00:00
FCK3307,Night,logistics,2,2026-06-05T07:40:54.261158+00:00
FCM3926,Night,logistics,2,2026-06-05T07:40:54.261158+00:00
FCS2824,Night,logistics,1,2026-06-05T07:40:54.261158+00:00
FDH0299,Night,logistics,3,2026-06-05T07:40:54.261158+00:00
FGG3666,Night,logistics,1,2026-06-05T07:40:54.261158+00:00
FKD2779,Night,logistics,3,2026-06-05T07:40:54.261158+00:00
FKR3316,Night,logistics,1,2026-06-05T07:40:54.261158+00:00
FQL3629,Night,logistics,1,2026-06-05T07:40:54.261158+00:00
FVR0881,Night,logistics,1,2026-06-05T07:40:54.261158+00:00
GCS2218,Night,logistics,3,2026-06-05T07:40:54.261158+00:00
GDM3960,Night,logistics,1,2026-06-05T07:40:54.261158+00:00
GEB3975,Night,logistics,1,2026-06-05T07:40:54.261158+00:00
GGB3663,Night,logistics,3,2026-06-05T07:40:54.261158+00:00
GIH0882,Night,logistics,3,2026-06-05T07:40:54.261158+00:00
GJB0850,Night,logistics,3,2026-06-05T07:40:54.261158+00:00
GJM0838,Night,logistics,3,2026-06-05T07:40:54.261158+00:00
GJO3614,Night,logistics,2,2026-06-05T07:40:54.261158+00:00
GPD3917,Night,logistics,2,2026-06-05T07:40:54.261158+00:00
GSS0841,Night,logistics,2,2026-06-05T07:40:54.261158+00:00
GWM3260,Night,logistics,0,2026-06-05T07:40:54.261158+00:00
GYO2169,Night,logistics,3,2026-06-05T07:40:54.261158+00:00
HAG3665,Night,logistics,1,2026-06-05T07:40:54.261158+00:00
HBC1540,Night,logistics,1,2026-06-05T07:40:54.261158+00:00
HCR3675,Night,logistics,1,2026-06-05T07:40:54.261158+00:00
HEW2164,Night,logistics,3,2026-06-05T07:40:54.261158+00:00
HJG2157,Night,logistics,3,2026-06-05T07:40:54.261158+00:00
HMM2841,Night,logistics,2,2026-06-05T07:40:54.261158+00:00
HMS2212,Night,logistics,1,2026-06-05T07:40:54.261158+00:00
HNB3661,Night,logistics,2,2026-06-05T07:40:54.261158+00:00
HOE0301,Night,logistics,3,2026-06-05T07:40:54.261158+00:00
HOJ2172,Night,logistics,2,2026-06-05T07:40:54.261158+00:00
HSS3959,Night,logistics,2,2026-06-05T07:40:54.261158+00:00
HTR1551,Night,logistics,0,2026-06-05T07:40:54.261158+00:00
IHH2831,Night,logistics,2,2026-06-05T07:40:54.261158+00:00
IJC1553,Night,logistics,1,2026-06-05T07:40:54.261158+00:00
ILK3668,Night,logistics,0,2026-06-05T07:40:54.261158+00:00
IMM3253,Night,logistics,1,2026-06-05T07:40:54.261158+00:00
ING2221,Night,logistics,1,2026-06-05T07:40:54.261158+00:00
IRP3916,Night,logistics,1,2026-06-05T07:40:54.261158+00:00
ITK2781,Night,logistics,2,2026-06-05T07:40:54.261158+00:00
IWB3257,Night,logistics,1,2026-06-05T07:40:54.261158+00:00
IWW3319,Night,logistics,2,2026-06-05T07:40:54.261158+00:00
JAD3672,Night,logistics,1,2026-06-05T07:40:54.261158+00:00
JBB0847,Night,logistics,3,2026-06-05T07:40:54.261158+00:00
JBO2839,Night,logistics,2,2026-06-05T07:40:54.261158+00:00
JCR1536,Night,logistics,3,2026-06-05T07:40:54.261158+00:00
JCR3919,Night,logistics,1,2026-06-05T07:40:54.261158+00:00
JDH1550,Night,logistics,1,2026-06-05T07:40:54.261158+00:00
JDR0436,Night,logistics,1,2026-06-05T07:40:54.261158+00:00
JEH2787,Night,logistics,3,2026-06-05T07:40:54.261158+00:00
JFB2168,Night,logistics,1,2026-06-05T07:40:54.261158+00:00
JFO2840,Night,logistics,0,2026-06-05T07:40:54.261158+00:00
JGR3914,Night,logistics,3,2026-06-05T07:40:54.261158+00:00
JIR2827,Night,logistics,1,2026-06-05T07:40:54.261158+00:00
JJE1552,Night,logistics,2,2026-06-05T07:40:54.261158+00:00
JKH3673,Night,logistics,1,2026-06-05T07:40:54.261158+00:00
JMM0848,Night,logistics,0,2026-06-05T07:40:54.261158+00:00
JOC3621,Night,logistics,1,2026-06-05T07:40:54.261158+00:00
JSB1535,Night,logistics,1,2026-06-05T07:40:54.261158+00:00
JSC3976,Night,logistics,2,2026-06-05T07:40:54.261158+00:00
JSW0872,Night,logistics,1,2026-06-05T07:40:54.261158+00:00
JTM0878,Night,logistics,1,2026-06-05T07:40:54.261158+00:00
KAD0884,Night,logistics,1,2026-06-05T07:40:54.261158+00:00
KAP0844,Night,logistics,1,2026-06-05T07:40:54.261158+00:00
KBC1485,Night,logistics,0,2026-06-05T07:40:54.261158+00:00
KBH3913,Night,logistics,1,2026-06-05T07:40:54.261158+00:00
KCT3965,Night,logistics,1,2026-06-05T07:40:54.261158+00:00
KDC1487,Night,logistics,2,2026-06-05T07:40:54.261158+00:00
KDF0876,Night,logistics,2,2026-06-05T07:40:54.261158+00:00
KDM2836,Night,logistics,2,2026-06-05T07:40:54.261158+00:00
KDM3923,Night,logistics,1,2026-06-05T07:40:54.261158+00:00
KNS2828,Night,logistics,1,2026-06-05T07:40:54.261158+00:00
KPO3619,Night,logistics,2,2026-06-05T07:40:54.261158+00:00
KRN2211,Night,logistics,2,2026-06-05T07:40:54.261158+00:00
KSJ0840,Night,logistics,2,2026-06-05T07:40:54.261158+00:00
KTL2843,Night,logistics,1,2026-06-05T07:40:54.261158+00:00
KTR3308,Night,logistics,3,2026-06-05T07:40:54.261158+00:00
KTS3908,Night,logistics,2,2026-06-05T07:40:54.261158+00:00
KWD3977,Night,logistics,1,2026-06-05T07:40:54.261158+00:00
KWR1544,Night,logistics,2,2026-06-05T07:40:54.261158+00:00
LAF2213,Night,logistics,0,2026-06-05T07:40:54.261158+00:00
LBG3911,Night,logistics,2,2026-06-05T07:40:54.261158+00:00
LCR1537,Night,logistics,1,2026-06-05T07:40:54.261158+00:00
LCT2783,Night,logistics,2,2026-06-05T07:40:54.261158+00:00
LDB3304,Night,logistics,1,2026-06-05T07:40:54.261158+00:00
LGF1503,Night,logistics,1,2026-06-05T07:40:54.261158+00:00
LGM2170,Night,logistics,3,2026-06-05T07:40:54.261158+00:00
LKF0335,Night,logistics,3,2026-06-05T07:40:54.261158+00:00
LMA3676,Night,logistics,1,2026-06-05T07:40:54.261158+00:00
LMZ1501,Night,logistics,2,2026-06-05T07:40:54.261158+00:00
LPH3918,Night,logistics,3,2026-06-05T07:40:54.261158+00:00
LRW1502,Night,logistics,2,2026-06-05T07:40:54.261158+00:00
LSL0337,Night,logistics,1,2026-06-05T07:40:54.261158+00:00
LTO2217,Night,logistics,1,2026-06-05T07:40:54.261158+00:00
LUG2205,Night,logistics,1,2026-06-05T07:40:54.261158+00:00
LXC0839,Night,logistics,3,2026-06-05T07:40:54.261158+00:00
MAL0434,Night,logistics,1,2026-06-05T07:40:54.261158+00:00
MBR3261,Night,logistics,1,2026-06-05T07:40:54.261158+00:00
MCK0435,Night,logistics,1,2026-06-05T07:40:54.261158+00:00
MCQ1546,Night,logistics,2,2026-06-05T07:40:54.261158+00:00
MCS3301,Night,logistics,2,2026-06-05T07:40:54.261158+00:00
MGS2159,Night,logistics,1,2026-06-05T07:40:54.261158+00:00
MHB0845,Night,logistics,3,2026-06-05T07:40:54.261158+00:00
MJB2167,Night,logistics,1,2026-06-05T07:40:54.261158+00:00
MMM2156,Night,logistics,2,2026-06-05T07:40:54.261158+00:00
MRC2160,Night,logistics,3,2026-06-05T07:40:54.261158+00:00
MSB2786,Night,logistics,1,2026-06-05T07:40:54.261158+00:00
MSF3311,Night,logistics,1,2026-06-05T07:40:54.261158+00:00
MSH2210,Night,logistics,1,2026-06-05T07:40:54.261158+00:00
MSM3264,Night,logistics,1,2026-06-05T07:40:54.261158+00:00
MTW3317,Night,logistics,3,2026-06-05T07:40:54.261158+00:00
NAK2784,Night,logistics,1,2026-06-05T07:40:54.261158+00:00
NJM0440,Night,logistics,1,2026-06-05T07:40:54.261158+00:00
NJM3961,Night,logistics,2,2026-06-05T07:40:54.261158+00:00
NMS1493,Night,logistics,1,2026-06-05T07:40:54.261158+00:00
NNF3968,Night,logistics,3,2026-06-05T07:40:54.261158+00:00
OAP2825,Night,logistics,1,2026-06-05T07:40:54.261158+00:00
OCS1541,Night,logistics,1,2026-06-05T07:40:54.261158+00:00
OJB1538,Night,logistics,2,2026-06-05T07:40:54.261158+00:00
ORM1484,Night,logistics,0,2026-06-05T07:40:54.261158+00:00
OVM1496,Night,logistics,3,2026-06-05T07:40:54.261158+00:00
PAB0879,Night,logistics,1,2026-06-05T07:40:54.261158+00:00
PHB2209,Night,logistics,1,2026-06-05T07:40:54.261158+00:00
PIP3915,Night,logistics,3,2026-06-05T07:40:54.261158+00:00
QCN2206,Night,logistics,2,2026-06-05T07:40:54.261158+00:00
QKP3927,Night,logistics,1,2026-06-05T07:40:54.261158+00:00
RCB0302,Night,logistics,2,2026-06-05T07:40:54.261158+00:00
RCW2838,Night,logistics,1,2026-06-05T07:40:54.261158+00:00
REF3266,Night,logistics,0,2026-06-05T07:40:54.261158+00:00
REG2171,Night,logistics,3,2026-06-05T07:40:54.261158+00:00
RHA3613,Night,logistics,1,2026-06-05T07:40:54.261158+00:00
RHM3909,Night,logistics,1,2026-06-05T07:40:54.261158+00:00
RHR2835,Night,logistics,1,2026-06-05T07:40:54.261158+00:00
RJS0846,Night,logistics,2,2026-06-05T07:40:54.261158+00:00
RJS3256,Night,logistics,2,2026-06-05T07:40:54.261158+00:00
RLH1548,Night,logistics,2,2026-06-05T07:40:54.261158+00:00
RLP3268,Night,logistics,3,2026-06-05T07:40:54.261158+00:00
RMB0885,Night,logistics,3,2026-06-05T07:40:54.261158+00:00
RML2789,Night,logistics,2,2026-06-05T07:40:54.261158+00:00
ROR3967,Night,logistics,2,2026-06-05T07:40:54.261158+00:00
RPS3617,Night,logistics,0,2026-06-05T07:40:54.261158+00:00
RQR3924,Night,logistics,2,2026-06-05T07:40:54.261158+00:00
RSS0875,Night,logistics,1,2026-06-05T07:40:54.261158+00:00
RTM0849,Night,logistics,3,2026-06-05T07:40:54.261158+00:00
RTN3680,Night,logistics,2,2026-06-05T07:40:54.261158+00:00
RVB0303,Night,logistics,3,2026-06-05T07:40:54.261158+00:00
RWH3312,Night,logistics,1,2026-06-05T07:40:54.261158+00:00
SAC3963,Night,logistics,3,2026-06-05T07:40:54.261158+00:00
SAD3259,Night,logistics,3,2026-06-05T07:40:54.261158+00:00
SBJ3628,Night,logistics,1,2026-06-05T07:40:54.261158+00:00
SCP3664,Night,logistics,1,2026-06-05T07:40:54.261158+00:00
SDC2793,Night,logistics,1,2026-06-05T07:40:54.261158+00:00
SER2158,Night,logistics,2,2026-06-05T07:40:54.261158+00:00
SGM2153,Night,logistics,3,2026-06-05T07:40:54.261158+00:00
SGV2780,Night,logistics,3,2026-06-05T07:40:54.261158+00:00
SKE3262,Night,logistics,1,2026-06-05T07:40:54.261158+00:00
SKP3263,Night,logistics,2,2026-06-05T07:40:54.261158+00:00
SKS0339,Night,logistics,1,2026-06-05T07:40:54.261158+00:00
SMH2222,Night,logistics,1,2026-06-05T07:40:54.261158+00:00
SMR0338,Night,logistics,1,2026-06-05T07:40:54.261158+00:00
SWO3258,Night,logistics,0,2026-06-05T07:40:54.261158+00:00
TAM1488,Night,logistics,1,2026-06-05T07:40:54.261158+00:00
TBB1547,Night,logistics,1,2026-06-05T07:40:54.261158+00:00
TCH2216,Night,logistics,1,2026-06-05T07:40:54.261158+00:00
TGC1489,Night,logistics,1,2026-06-05T07:40:54.261158+00:00
TGW2782,Night,logistics,2,2026-06-05T07:40:54.261158+00:00
TKM1539,Night,logistics,3,2026-06-05T07:40:54.261158+00:00
TKS1549,Night,logistics,0,2026-06-05T07:40:54.261158+00:00
TWM0837,Night,logistics,3,2026-06-05T07:40:54.261158+00:00
TZM0851,Night,logistics,3,2026-06-05T07:40:54.261158+00:00
UAS2829,Night,logistics,1,2026-06-05T07:40:54.261158+00:00
UME2842,Night,logistics,1,2026-06-05T07:40:54.261158+00:00
UMS0883,Night,logistics,3,2026-06-05T07:40:54.261158+00:00
UXC1495,Night,logistics,0,2026-06-05T07:40:54.261158+00:00
VAC3966,Night,logistics,2,2026-06-05T07:40:54.261158+00:00
VEB3671,Night,logistics,1,2026-06-05T07:40:54.261158+00:00
VMW1500,Night,logistics,3,2026-06-05T07:40:54.261158+00:00
WAC3677,Night,logistics,2,2026-06-05T07:40:54.261158+00:00
WAH2778,Night,logistics,2,2026-06-05T07:40:54.261158+00:00
WAS2214,Night,logistics,0,2026-06-05T07:40:54.261158+00:00
WFH2830,Night,logistics,1,2026-06-05T07:40:54.261158+00:00
WHW2777,Night,logistics,1,2026-06-05T07:40:54.261158+00:00
WIB3670,Night,logistics,2,2026-06-05T07:40:54.261158+00:00
WJW3627,Night,logistics,1,2026-06-05T07:40:54.261158+00:00
WKS3265,Night,logistics,1,2026-06-05T07:40:54.261158+00:00
WMM0873,Night,logistics,0,2026-06-05T07:40:54.261158+00:00
WNC0874,Night,logistics,2,2026-06-05T07:40:54.261158+00:00
WVC3623,Night,logistics,1,2026-06-05T07:40:54.261158+00:00
XBL3922,Night,logistics,2,2026-06-05T07:40:54.261158+00:00
XML3920,Night,logistics,3,2026-06-05T07:40:54.261158+00:00
XPW2833,Night,logistics,0,2026-06-05T07:40:54.261158+00:00
YCL2166,Night,logistics,2,2026-06-05T07:40:54.261158+00:00
YHH2785,Night,logistics,2,2026-06-05T07:40:54.261158+00:00
YJP2791,Night,logistics,2,2026-06-05T07:40:54.261158+00:00
YRW0842,Night,logistics,0,2026-06-05T07:40:54.261158+00:00
ZDC3269,Night,logistics,0,2026-06-05T07:40:54.261158+00:00
ZMH1543,Night,logistics,2,2026-06-05T07:40:54.261158+00:00
ZNB3313,Night,logistics,2,2026-06-05T07:40:54.261158+00:00
ZND2154,Night,logistics,2,2026-06-05T07:40:54.261158+00:00
ZSW2155,Night,logistics,1,2026-06-05T07:40:54.261158+00:00
ZWS3625,Night,logistics,2,2026-06-05T07:40:54.261158+00:00
AAD2188,Night,operations,0,2026-06-05T07:40:54.261158+00:00
AAF3937,Night,operations,0,2026-06-05T07:40:54.261158+00:00
AAS2987,Night,operations,2,2026-06-05T07:40:54.261158+00:00
AAT2913,Night,operations,2,2026-06-05T07:40:54.261158+00:00
AAW0894,Night,operations,0,2026-06-05T07:40:54.261158+00:00
ABE2352,Night,operations,0,2026-06-05T07:40:54.261158+00:00
ABG2353,Night,operations,0,2026-06-05T07:40:54.261158+00:00
ABH0349,Night,operations,0,2026-06-05T07:40:54.261158+00:00
ABL0870,Night,operations,0,2026-06-05T07:40:54.261158+00:00
ABM3641,Night,operations,0,2026-06-05T07:40:54.261158+00:00
ABM3687,Night,operations,2,2026-06-05T07:40:54.261158+00:00
ABP2917,Night,operations,0,2026-06-05T07:40:54.261158+00:00
ABR0397,Night,operations,2,2026-06-05T07:40:54.261158+00:00
ACB0701,Night,operations,0,2026-06-05T07:40:54.261158+00:00
ACG0312,Night,operations,2,2026-06-05T07:40:54.261158+00:00
ACG3819,Night,operations,0,2026-06-05T07:40:54.261158+00:00
ACN2347,Night,operations,0,2026-06-05T07:40:54.261158+00:00
ACW0426,Night,operations,2,2026-06-05T07:40:54.261158+00:00
ACW1707,Night,operations,0,2026-06-05T07:40:54.261158+00:00
ADH0975,Night,operations,0,2026-06-05T07:40:54.261158+00:00
ADP1625,Night,operations,0,2026-06-05T07:40:54.261158+00:00
ADR1517,Night,operations,0,2026-06-05T07:40:54.261158+00:00
ADV1640,Night,operations,3,2026-06-05T07:40:54.261158+00:00
AFB0904,Night,operations,0,2026-06-05T07:40:54.261158+00:00
AFB1626,Night,operations,0,2026-06-05T07:40:54.261158+00:00
AFP2247,Night,operations,0,2026-06-05T07:40:54.261158+00:00
AGF2302,Night,operations,2,2026-06-05T07:40:54.261158+00:00
AHC3277,Night,operations,2,2026-06-05T07:40:54.261158+00:00
AHG3997,Night,operations,2,2026-06-05T07:40:54.261158+00:00
AHS2348,Night,operations,0,2026-06-05T07:40:54.261158+00:00
AIB1567,Night,operations,2,2026-06-05T07:40:54.261158+00:00
AIH2535,Night,operations,0,2026-06-05T07:40:54.261158+00:00
AIJ3995,Night,operations,0,2026-06-05T07:40:54.261158+00:00
AIP1614,Night,operations,0,2026-06-05T07:40:54.261158+00:00
AIV3936,Night,operations,0,2026-06-05T07:40:54.261158+00:00
AIY3991,Night,operations,0,2026-06-05T07:40:54.261158+00:00
AJC3010,Night,operations,0,2026-06-05T07:40:54.261158+00:00
AJM0345,Night,operations,0,2026-06-05T07:40:54.261158+00:00
AKB2312,Night,operations,2,2026-06-05T07:40:54.261158+00:00
AKS0298,Night,operations,0,2026-06-05T07:40:54.261158+00:00
AKS3705,Night,operations,2,2026-06-05T07:40:54.261158+00:00
AKW1679,Night,operations,0,2026-06-05T07:40:54.261158+00:00
ALB3649,Night,operations,0,2026-06-05T07:40:54.261158+00:00
ALH2916,Night,operations,0,2026-06-05T07:40:54.261158+00:00
AMA2808,Night,operations,0,2026-06-05T07:40:54.261158+00:00
AMS0712,Night,operations,2,2026-06-05T07:40:54.261158+00:00
ANB0938,Night,operations,2,2026-06-05T07:40:54.261158+00:00
ANB2766,Night,operations,2,2026-06-05T07:40:54.261158+00:00
ANF3332,Night,operations,0,2026-06-05T07:40:54.261158+00:00
AOC0982,Night,operations,0,2026-06-05T07:40:54.261158+00:00
AOD2178,Night,operations,2,2026-06-05T07:40:54.261158+00:00
APB3823,Night,operations,2,2026-06-05T07:40:54.261158+00:00
APH2985,Night,operations,0,2026-06-05T07:40:54.261158+00:00
APS3701,Night,operations,2,2026-06-05T07:40:54.261158+00:00
ARB3934,Night,operations,0,2026-06-05T07:40:54.261158+00:00
ARC2809,Night,operations,0,2026-06-05T07:40:54.261158+00:00
ARW1507,Night,operations,2,2026-06-05T07:40:54.261158+00:00
ARZ3464,Night,operations,0,2026-06-05T07:40:54.261158+00:00
ASD3348,Night,operations,0,2026-06-05T07:40:54.261158+00:00
ASK2349,Night,operations,2,2026-06-05T07:40:54.261158+00:00
ATF3708,Night,operations,3,2026-06-05T07:40:54.261158+00:00
ATF3951,Night,operations,0,2026-06-05T07:40:54.261158+00:00
ATM1615,Night,operations,0,2026-06-05T07:40:54.261158+00:00
ATR1677,Night,operations,0,2026-06-05T07:40:54.261158+00:00
AUG2242,Night,operations,2,2026-06-05T07:40:54.261158+00:00
AVH2360,Night,operations,0,2026-06-05T07:40:54.261158+00:00
AWM2286,Night,operations,2,2026-06-05T07:40:54.261158+00:00
AYL1635,Night,operations,0,2026-06-05T07:40:54.261158+00:00
AYS1628,Night,operations,0,2026-06-05T07:40:54.261158+00:00
AZG2343,Night,operations,0,2026-06-05T07:40:54.261158+00:00
BAB1619,Night,operations,0,2026-06-05T07:40:54.261158+00:00
BAB2968,Night,operations,0,2026-06-05T07:40:54.261158+00:00
BAC2914,Night,operations,2,2026-06-05T07:40:54.261158+00:00
BAH3684,Night,operations,2,2026-06-05T07:40:54.261158+00:00
BAL2366,Night,operations,0,2026-06-05T07:40:54.261158+00:00
BAO2928,Night,operations,0,2026-06-05T07:40:54.261158+00:00
BAV0390,Night,operations,2,2026-06-05T07:40:54.261158+00:00
BAW1019,Night,operations,0,2026-06-05T07:40:54.261158+00:00
BBM1701,Night,operations,2,2026-06-05T07:40:54.261158+00:00
BBM3688,Night,operations,2,2026-06-05T07:40:54.261158+00:00
BBT0062,Night,operations,3,2026-06-05T07:40:54.261158+00:00
BCH3651,Night,operations,0,2026-06-05T07:40:54.261158+00:00
BCS2912,Night,operations,2,2026-06-05T07:40:54.261158+00:00
BCW3480,Night,operations,2,2026-06-05T07:40:54.261158+00:00
BDJ3001,Night,operations,0,2026-06-05T07:40:54.261158+00:00
BDJ3326,Night,operations,2,2026-06-05T07:40:54.261158+00:00
BDK0854,Night,operations,2,2026-06-05T07:40:54.261158+00:00
BEA0311,Night,operations,2,2026-06-05T07:40:54.261158+00:00
BEH2307,Night,operations,2,2026-06-05T07:40:54.261158+00:00
BEH2967,Night,operations,2,2026-06-05T07:40:54.261158+00:00
BGA0892,Night,operations,2,2026-06-05T07:40:54.261158+00:00
BGA2301,Night,operations,2,2026-06-05T07:40:54.261158+00:00
BGH2861,Night,operations,0,2026-06-05T07:40:54.261158+00:00
BGM2545,Night,operations,0,2026-06-05T07:40:54.261158+00:00
BGN3820,Night,operations,2,2026-06-05T07:40:54.261158+00:00
BHC2344,Night,operations,0,2026-06-05T07:40:54.261158+00:00
BHK2196,Night,operations,2,2026-06-05T07:40:54.261158+00:00
BHN2290,Night,operations,0,2026-06-05T07:40:54.261158+00:00
BIG3946,Night,operations,0,2026-06-05T07:40:54.261158+00:00
BJH3294,Night,operations,0,2026-06-05T07:40:54.261158+00:00
BJH3402,Night,operations,3,2026-06-05T07:40:54.261158+00:00
BJR0940,Night,operations,0,2026-06-05T07:40:54.261158+00:00
BKB0853,Night,operations,2,2026-06-05T07:40:54.261158+00:00
BKC3473,Night,operations,2,2026-06-05T07:40:54.261158+00:00
BKF0427,Night,operations,2,2026-06-05T07:40:54.261158+00:00
BKM3410,Night,operations,0,2026-06-05T07:40:54.261158+00:00
BLD2227,Night,operations,0,2026-06-05T07:40:54.261158+00:00
BLS3327,Night,operations,2,2026-06-05T07:40:54.261158+00:00
BMC3636,Night,operations,0,2026-06-05T07:40:54.261158+00:00
BMM3328,Night,operations,0,2026-06-05T07:40:54.261158+00:00
BNW3985,Night,operations,0,2026-06-05T07:40:54.261158+00:00
BOJ2179,Night,operations,2,2026-06-05T07:40:54.261158+00:00
BON0968,Night,operations,2,2026-06-05T07:40:54.261158+00:00
BPM3694,Night,operations,0,2026-06-05T07:40:54.261158+00:00
BPR1678,Night,operations,3,2026-06-05T07:40:54.261158+00:00
BRB2143,Night,operations,0,2026-06-05T07:40:54.261158+00:00
BRC3949,Night,operations,0,2026-06-05T07:40:54.261158+00:00
BRH2866,Night,operations,3,2026-06-05T07:40:54.261158+00:00
BRN3289,Night,operations,2,2026-06-05T07:40:54.261158+00:00
BRS0333,Night,operations,0,2026-06-05T07:40:54.261158+00:00
BSM2288,Night,operations,2,2026-06-05T07:40:54.261158+00:00
BSM2844,Night,operations,2,2026-06-05T07:40:54.261158+00:00
BTG3468,Night,operations,2,2026-06-05T07:40:54.261158+00:00
BUS2399,Night,operations,0,2026-06-05T07:40:54.261158+00:00
BXG3763,Night,operations,0,2026-06-05T07:40:54.261158+00:00
BYL2133,Night,operations,2,2026-06-05T07:40:54.261158+00:00
BZC3956,Night,operations,0,2026-06-05T07:40:54.261158+00:00
CAC3741,Night,operations,0,2026-06-05T07:40:54.261158+00:00
CAF3929,Night,operations,0,2026-06-05T07:40:54.261158+00:00
CAG0888,Night,operations,0,2026-06-05T07:40:54.261158+00:00
CAG2236,Night,operations,2,2026-06-05T07:40:54.261158+00:00
CAP2283,Night,operations,2,2026-06-05T07:40:54.261158+00:00
CAR0928,Night,operations,2,2026-06-05T07:40:54.261158+00:00
CAR2244,Night,operations,2,2026-06-05T07:40:54.261158+00:00
CAS0391,Night,operations,2,2026-06-05T07:40:54.261158+00:00
CAS1017,Night,operations,0,2026-06-05T07:40:54.261158+00:00
CAS1702,Night,operations,0,2026-06-05T07:40:54.261158+00:00
CBB2904,Night,operations,2,2026-06-05T07:40:54.261158+00:00
CBL3631,Night,operations,0,2026-06-05T07:40:54.261158+00:00
CBM2858,Night,operations,0,2026-06-05T07:40:54.261158+00:00
CBR2229,Night,operations,2,2026-06-05T07:40:54.261158+00:00
CCB3943,Night,operations,2,2026-06-05T07:40:54.261158+00:00
CCF2298,Night,operations,2,2026-06-05T07:40:54.261158+00:00
CCH1508,Night,operations,2,2026-06-05T07:40:54.261158+00:00
CCL3272,Night,operations,0,2026-06-05T07:40:54.261158+00:00
CDA2295,Night,operations,0,2026-06-05T07:40:54.261158+00:00
CDL0867,Night,operations,2,2026-06-05T07:40:54.261158+00:00
CDP0340,Night,operations,0,2026-06-05T07:40:54.261158+00:00
CDS1579,Night,operations,2,2026-06-05T07:40:54.261158+00:00
CDS3824,Night,operations,0,2026-06-05T07:40:54.261158+00:00
CDW0986,Night,operations,2,2026-06-05T07:40:54.261158+00:00
CDY3409,Night,operations,0,2026-06-05T07:40:54.261158+00:00
CED2356,Night,operations,0,2026-06-05T07:40:54.261158+00:00
CFR1523,Night,operations,0,2026-06-05T07:40:54.261158+00:00
CGB3928,Night,operations,0,2026-06-05T07:40:54.261158+00:00
CGG3388,Night,operations,0,2026-06-05T07:40:54.261158+00:00
CHB3396,Night,operations,3,2026-06-05T07:40:54.261158+00:00
CHB3647,Night,operations,2,2026-06-05T07:40:54.261158+00:00
CHM1561,Night,operations,2,2026-06-05T07:40:54.261158+00:00
CID3640,Night,operations,0,2026-06-05T07:40:54.261158+00:00
CIG3459,Night,operations,0,2026-06-05T07:40:54.261158+00:00
CIJ3941,Night,operations,0,2026-06-05T07:40:54.261158+00:00
CIT0310,Night,operations,2,2026-06-05T07:40:54.261158+00:00
CIV0935,Night,operations,2,2026-06-05T07:40:54.261158+00:00
CJB3470,Night,operations,0,2026-06-05T07:40:54.261158+00:00
CJC2371,Night,operations,2,2026-06-05T07:40:54.261158+00:00
CJH2921,Night,operations,0,2026-06-05T07:40:54.261158+00:00
CKB3645,Night,operations,0,2026-06-05T07:40:54.261158+00:00
CKB3745,Night,operations,0,2026-06-05T07:40:54.261158+00:00
CKC3767,Night,operations,0,2026-06-05T07:40:54.261158+00:00
CKG3838,Night,operations,2,2026-06-05T07:40:54.261158+00:00
CKH2230,Night,operations,2,2026-06-05T07:40:54.261158+00:00
CKH2797,Night,operations,0,2026-06-05T07:40:54.261158+00:00
CLD1641,Night,operations,0,2026-06-05T07:40:54.261158+00:00
CLS3806,Night,operations,0,2026-06-05T07:40:54.261158+00:00
CMC1642,Night,operations,0,2026-06-05T07:40:54.261158+00:00
CMM3702,Night,operations,2,2026-06-05T07:40:54.261158+00:00
CMM3753,Night,operations,0,2026-06-05T07:40:54.261158+00:00
CNH3475,Night,operations,0,2026-06-05T07:40:54.261158+00:00
CNT0946,Night,operations,0,2026-06-05T07:40:54.261158+00:00
COD2351,Night,operations,0,2026-06-05T07:40:54.261158+00:00
COK3383,Night,operations,0,2026-06-05T07:40:54.261158+00:00
CPM1627,Night,operations,3,2026-06-05T07:40:54.261158+00:00
CPP2909,Night,operations,0,2026-06-05T07:40:54.261158+00:00
CPT1533,Night,operations,2,2026-06-05T07:40:54.261158+00:00
CQH1505,Night,operations,2,2026-06-05T07:40:54.261158+00:00
CRC0348,Night,operations,0,2026-06-05T07:40:54.261158+00:00
CRL2357,Night,operations,0,2026-06-05T07:40:54.261158+00:00
CRM0139,Night,operations,0,2026-06-05T07:40:54.261158+00:00
CRP3682,Night,operations,0,2026-06-05T07:40:54.261158+00:00
CSB2910,Night,operations,0,2026-06-05T07:40:54.261158+00:00
CSB3932,Night,operations,0,2026-06-05T07:40:54.261158+00:00
CSL0428,Night,operations,0,2026-06-05T07:40:54.261158+00:00
CSM1554,Night,operations,0,2026-06-05T07:40:54.261158+00:00
CSM1565,Night,operations,2,2026-06-05T07:40:54.261158+00:00
CSM2819,Night,operations,2,2026-06-05T07:40:54.261158+00:00
CSP2186,Night,operations,0,2026-06-05T07:40:54.261158+00:00
CSR1682,Night,operations,2,2026-06-05T07:40:54.261158+00:00
CST2863,Night,operations,0,2026-06-05T07:40:54.261158+00:00
CSW3811,Night,operations,0,2026-06-05T07:40:54.261158+00:00
CTB3481,Night,operations,0,2026-06-05T07:40:54.261158+00:00
CTC0421,Night,operations,0,2026-06-05T07:40:54.261158+00:00
CTC0859,Night,operations,3,2026-06-05T07:40:54.261158+00:00
CTG3770,Night,operations,0,2026-06-05T07:40:54.261158+00:00
CTJ2794,Night,operations,0,2026-06-05T07:40:54.261158+00:00
CTP2225,Night,operations,0,2026-06-05T07:40:54.261158+00:00
CWA2549,Night,operations,0,2026-06-05T07:40:54.261158+00:00
CWK2870,Night,operations,2,2026-06-05T07:40:54.261158+00:00
CWT3747,Night,operations,2,2026-06-05T07:40:54.261158+00:00
CXB2183,Night,operations,2,2026-06-05T07:40:54.261158+00:00
CYO1575,Night,operations,0,2026-06-05T07:40:54.261158+00:00
CZT2970,Night,operations,0,2026-06-05T07:40:54.261158+00:00
DAH3324,Night,operations,2,2026-06-05T07:40:54.261158+00:00
DAH3331,Night,operations,2,2026-06-05T07:40:54.261158+00:00
DAM3691,Night,operations,0,2026-06-05T07:40:54.261158+00:00
DAR3637,Night,operations,2,2026-06-05T07:40:54.261158+00:00
DBF3635,Night,operations,0,2026-06-05T07:40:54.261158+00:00
DBR1558,Night,operations,3,2026-06-05T07:40:54.261158+00:00
DCC3689,Night,operations,2,2026-06-05T07:40:54.261158+00:00
DCF2185,Night,operations,2,2026-06-05T07:40:54.261158+00:00
DCM3288,Night,operations,0,2026-06-05T07:40:54.261158+00:00
DCR1531,Night,operations,0,2026-06-05T07:40:54.261158+00:00
DCW1901,Night,operations,2,2026-06-05T07:40:54.261158+00:00
DDC0980,Night,operations,0,2026-06-05T07:40:54.261158+00:00
DDG1703,Night,operations,0,2026-06-05T07:40:54.261158+00:00
DFC3287,Night,operations,2,2026-06-05T07:40:54.261158+00:00
DFH1681,Night,operations,0,2026-06-05T07:40:54.261158+00:00
DFM2933,Night,operations,2,2026-06-05T07:40:54.261158+00:00
DGH3295,Night,operations,0,2026-06-05T07:40:54.261158+00:00
DGQ3744,Night,operations,0,2026-06-05T07:40:54.261158+00:00
DHB2364,Night,operations,2,2026-06-05T07:40:54.261158+00:00
DHR2541,Night,operations,0,2026-06-05T07:40:54.261158+00:00
DJB2983,Night,operations,2,2026-06-05T07:40:54.261158+00:00
DJF3394,Night,operations,0,2026-06-05T07:40:54.261158+00:00
DJH0971,Night,operations,2,2026-06-05T07:40:54.261158+00:00
DJH1506,Night,operations,0,2026-06-05T07:40:54.261158+00:00
DKM2980,Night,operations,2,2026-06-05T07:40:54.261158+00:00
DKR0860,Night,operations,0,2026-06-05T07:40:54.261158+00:00
DKS1509,Night,operations,2,2026-06-05T07:40:54.261158+00:00
DLM1680,Night,operations,0,2026-06-05T07:40:54.261158+00:00
DMA3455,Night,operations,0,2026-06-05T07:40:54.261158+00:00
DMS3400,Night,operations,0,2026-06-05T07:40:54.261158+00:00
DNH0308,Night,operations,2,2026-06-05T07:40:54.261158+00:00
DNM2823,Night,operations,0,2026-06-05T07:40:54.261158+00:00
DOC1734,Night,operations,0,2026-06-05T07:40:54.261158+00:00
DPM2971,Night,operations,3,2026-06-05T07:40:54.261158+00:00
DRC2296,Night,operations,2,2026-06-05T07:40:54.261158+00:00
DRF3992,Night,operations,2,2026-06-05T07:40:54.261158+00:00
DRK3644,Night,operations,2,2026-06-05T07:40:54.261158+00:00
DRM2927,Night,operations,2,2026-06-05T07:40:54.261158+00:00
DSB0307,Night,operations,0,2026-06-05T07:40:54.261158+00:00
DSM2400,Night,operations,2,2026-06-05T07:40:54.261158+00:00
DSM3954,Night,operations,0,2026-06-05T07:40:54.261158+00:00
DTA2223,Night,operations,0,2026-06-05T07:40:54.261158+00:00
DTU3804,Night,operations,0,2026-06-05T07:40:54.261158+00:00
DWB0865,Night,operations,2,2026-06-05T07:40:54.261158+00:00
DZG0889,Night,operations,0,2026-06-05T07:40:54.261158+00:00
EAM3642,Night,operations,0,2026-06-05T07:40:54.261158+00:00
EAP1555,Night,operations,0,2026-06-05T07:40:54.261158+00:00
EBS2201,Night,operations,0,2026-06-05T07:40:54.261158+00:00
ECA0976,Night,operations,0,2026-06-05T07:40:54.261158+00:00
ECB1683,Night,operations,0,2026-06-05T07:40:54.261158+00:00
EDF2361,Night,operations,0,2026-06-05T07:40:54.261158+00:00
EFJ1685,Night,operations,2,2026-06-05T07:40:54.261158+00:00
EGC0931,Night,operations,2,2026-06-05T07:40:54.261158+00:00
EHB0942,Night,operations,0,2026-06-05T07:40:54.261158+00:00
EJG0833,Night,operations,0,2026-06-05T07:40:54.261158+00:00
EJH2799,Night,operations,0,2026-06-05T07:40:54.261158+00:00
EJP2975,Night,operations,0,2026-06-05T07:40:54.261158+00:00
EKB3828,Night,operations,0,2026-06-05T07:40:54.261158+00:00
EKC3706,Night,operations,0,2026-06-05T07:40:54.261158+00:00
EKH0934,Night,operations,2,2026-06-05T07:40:54.261158+00:00
EKM0863,Night,operations,2,2026-06-05T07:40:54.261158+00:00
EKN3760,Night,operations,0,2026-06-05T07:40:54.261158+00:00
EKV3321,Night,operations,2,2026-06-05T07:40:54.261158+00:00
ELB3697,Night,operations,2,2026-06-05T07:40:54.261158+00:00
EMC2757,Night,operations,2,2026-06-05T07:40:54.261158+00:00
EMK3809,Night,operations,0,2026-06-05T07:40:54.261158+00:00
ESS3341,Night,operations,2,2026-06-05T07:40:54.261158+00:00
ETG2821,Night,operations,2,2026-06-05T07:40:54.261158+00:00
EVO1522,Night,operations,2,2026-06-05T07:40:54.261158+00:00
EYD2871,Night,operations,0,2026-06-05T07:40:54.261158+00:00
FAH1566,Night,operations,0,2026-06-05T07:40:54.261158+00:00
FAR2869,Night,operations,0,2026-06-05T07:40:54.261158+00:00
FBM2755,Night,operations,0,2026-06-05T07:40:54.261158+00:00
FCM2190,Night,operations,0,2026-06-05T07:40:54.261158+00:00
FDF3743,Night,operations,0,2026-06-05T07:40:54.261158+00:00
FES3442,Night,operations,0,2026-06-05T07:40:54.261158+00:00
FGS3275,Night,operations,2,2026-06-05T07:40:54.261158+00:00
FHA3387,Night,operations,0,2026-06-05T07:40:54.261158+00:00
FJC2198,Night,operations,0,2026-06-05T07:40:54.261158+00:00
FKA0393,Night,operations,0,2026-06-05T07:40:54.261158+00:00
FKJ1521,Night,operations,2,2026-06-05T07:40:54.261158+00:00
FKM1622,Night,operations,0,2026-06-05T07:40:54.261158+00:00
FMS3285,Night,operations,2,2026-06-05T07:40:54.261158+00:00
FNB1512,Night,operations,2,2026-06-05T07:40:54.261158+00:00
FPV3755,Night,operations,0,2026-06-05T07:40:54.261158+00:00
FQG2974,Night,operations,2,2026-06-05T07:40:54.261158+00:00
FRB3653,Night,operations,0,2026-06-05T07:40:54.261158+00:00
FRG1576,Night,operations,0,2026-06-05T07:40:54.261158+00:00
FVK1623,Night,operations,0,2026-06-05T07:40:54.261158+00:00
FZS0969,Night,operations,0,2026-06-05T07:40:54.261158+00:00
GAA3681,Night,operations,0,2026-06-05T07:40:54.261158+00:00
GAB3758,Night,operations,0,2026-06-05T07:40:54.261158+00:00
GBB3816,Night,operations,0,2026-06-05T07:40:54.261158+00:00
GCB0201,Night,operations,0,2026-06-05T07:40:54.261158+00:00
GCM1580,Night,operations,3,2026-06-05T07:40:54.261158+00:00
GCT3750,Night,operations,0,2026-06-05T07:40:54.261158+00:00
GDG2354,Night,operations,2,2026-06-05T07:40:54.261158+00:00
GDM3835,Night,operations,2,2026-06-05T07:40:54.261158+00:00
GEH0420,Night,operations,2,2026-06-05T07:40:54.261158+00:00
GEH3406,Night,operations,3,2026-06-05T07:40:54.261158+00:00
GEK3441,Night,operations,0,2026-06-05T07:40:54.261158+00:00
GHM3953,Night,operations,0,2026-06-05T07:40:54.261158+00:00
GJG0852,Night,operations,2,2026-06-05T07:40:54.261158+00:00
GJM2800,Night,operations,0,2026-06-05T07:40:54.261158+00:00
GKA3690,Night,operations,0,2026-06-05T07:40:54.261158+00:00
GKB2807,Night,operations,2,2026-06-05T07:40:54.261158+00:00
GKH1634,Night,operations,0,2026-06-05T07:40:54.261158+00:00
GKL1516,Night,operations,0,2026-06-05T07:40:54.261158+00:00
GKW2306,Night,operations,0,2026-06-05T07:40:54.261158+00:00
GLG1573,Night,operations,0,2026-06-05T07:40:54.261158+00:00
GLM3450,Night,operations,0,2026-06-05T07:40:54.261158+00:00
GMA1698,Night,operations,0,2026-06-05T07:40:54.261158+00:00
GMB3703,Night,operations,0,2026-06-05T07:40:54.261158+00:00
GMY3938,Night,operations,2,2026-06-05T07:40:54.261158+00:00
GNB3337,Night,operations,3,2026-06-05T07:40:54.261158+00:00
GNC2237,Night,operations,0,2026-06-05T07:40:54.261158+00:00
GND1618,Night,operations,0,2026-06-05T07:40:54.261158+00:00
GNG2362,Night,operations,0,2026-06-05T07:40:54.261158+00:00
GNG2812,Night,operations,0,2026-06-05T07:40:54.261158+00:00
GOG3939,Night,operations,0,2026-06-05T07:40:54.261158+00:00
GOR0861,Night,operations,2,2026-06-05T07:40:54.261158+00:00
GRG3005,Night,operations,2,2026-06-05T07:40:54.261158+00:00
GRM1511,Night,operations,0,2026-06-05T07:40:54.261158+00:00
GSA3815,Night,operations,0,2026-06-05T07:40:54.261158+00:00
GSM0930,Night,operations,0,2026-06-05T07:40:54.261158+00:00
GTL3389,Night,operations,0,2026-06-05T07:40:54.261158+00:00
GUC3945,Night,operations,0,2026-06-05T07:40:54.261158+00:00
GZM3990,Night,operations,2,2026-06-05T07:40:54.261158+00:00
HAF0394,Night,operations,0,2026-06-05T07:40:54.261158+00:00
HAL1200,Night,operations,0,2026-06-05T07:40:54.261158+00:00
HAM2252,Night,operations,0,2026-06-05T07:40:54.261158+00:00
HAR3632,Night,operations,0,2026-06-05T07:40:54.261158+00:00
HBC0999,Night,operations,0,2026-06-05T07:40:54.261158+00:00
HBH2368,Night,operations,0,2026-06-05T07:40:54.261158+00:00
HBS2551,Night,operations,2,2026-06-05T07:40:54.261158+00:00
HCB1643,Night,operations,2,2026-06-05T07:40:54.261158+00:00
HCF2857,Night,operations,3,2026-06-05T07:40:54.261158+00:00
HCH3338,Night,operations,0,2026-06-05T07:40:54.261158+00:00
HCH3685,Night,operations,0,2026-06-05T07:40:54.261158+00:00
HCS2231,Night,operations,2,2026-06-05T07:40:54.261158+00:00
HDG2848,Night,operations,2,2026-06-05T07:40:54.261158+00:00
HDH3751,Night,operations,0,2026-06-05T07:40:54.261158+00:00
HDL2297,Night,operations,2,2026-06-05T07:40:54.261158+00:00
HDP1890,Night,operations,0,2026-06-05T07:40:54.261158+00:00
HEB3754,Night,operations,0,2026-06-05T07:40:54.261158+00:00
HFF2540,Night,operations,0,2026-06-05T07:40:54.261158+00:00
HHL2311,Night,operations,0,2026-06-05T07:40:54.261158+00:00
HHM0869,Night,operations,0,2026-06-05T07:40:54.261158+00:00
HJH2977,Night,operations,0,2026-06-05T07:40:54.261158+00:00
HLC0943,Night,operations,0,2026-06-05T07:40:54.261158+00:00
HLM1564,Night,operations,0,2026-06-05T07:40:54.261158+00:00
HMP3391,Night,operations,3,2026-06-05T07:40:54.261158+00:00
HNM3405,Night,operations,0,2026-06-05T07:40:54.261158+00:00
HNV3655,Night,operations,0,2026-06-05T07:40:54.261158+00:00
HRK2972,Night,operations,2,2026-06-05T07:40:54.261158+00:00
HSP1675,Night,operations,0,2026-06-05T07:40:54.261158+00:00
HWS2915,Night,operations,0,2026-06-05T07:40:54.261158+00:00
HWV1621,Night,operations,2,2026-06-05T07:40:54.261158+00:00
HYK3300,Night,operations,2,2026-06-05T07:40:54.261158+00:00
HZA3839,Night,operations,2,2026-06-05T07:40:54.261158+00:00
HZH0297,Night,operations,3,2026-06-05T07:40:54.261158+00:00
IAA3012,Night,operations,2,2026-06-05T07:40:54.261158+00:00
IAB3386,Night,operations,0,2026-06-05T07:40:54.261158+00:00
IAR3996,Night,operations,2,2026-06-05T07:40:54.261158+00:00
IAS0857,Night,operations,0,2026-06-05T07:40:54.261158+00:00
IBM1700,Night,operations,0,2026-06-05T07:40:54.261158+00:00
IBP1616,Night,operations,0,2026-06-05T07:40:54.261158+00:00
IBP2990,Night,operations,0,2026-06-05T07:40:54.261158+00:00
IBV1578,Night,operations,3,2026-06-05T07:40:54.261158+00:00
ICF2294,Night,operations,0,2026-06-05T07:40:54.261158+00:00
ICP3710,Night,operations,0,2026-06-05T07:40:54.261158+00:00
IKA2925,Night,operations,2,2026-06-05T07:40:54.261158+00:00
IKK3333,Night,operations,2,2026-06-05T07:40:54.261158+00:00
ILH2989,Night,operations,0,2026-06-05T07:40:54.261158+00:00
IMC3296,Night,operations,0,2026-06-05T07:40:54.261158+00:00
IMH2964,Night,operations,0,2026-06-05T07:40:54.261158+00:00
IMR3660,Night,operations,0,2026-06-05T07:40:54.261158+00:00
IMS0862,Night,operations,0,2026-06-05T07:40:54.261158+00:00
IMS2191,Night,operations,0,2026-06-05T07:40:54.261158+00:00
INR0927,Night,operations,0,2026-06-05T07:40:54.261158+00:00
IOF3298,Night,operations,3,2026-06-05T07:40:54.261158+00:00
IQO1690,Night,operations,2,2026-06-05T07:40:54.261158+00:00
IQR2187,Night,operations,0,2026-06-05T07:40:54.261158+00:00
IRC3952,Night,operations,0,2026-06-05T07:40:54.261158+00:00
IRP2018,Night,operations,0,2026-06-05T07:40:54.261158+00:00
IRT2811,Night,operations,0,2026-06-05T07:40:54.261158+00:00
ISJ1479,Night,operations,2,2026-06-05T07:40:54.261158+00:00
ITM0906,Night,operations,0,2026-06-05T07:40:54.261158+00:00
IWR3469,Night,operations,3,2026-06-05T07:40:54.261158+00:00
JAA0897,Night,operations,2,2026-06-05T07:40:54.261158+00:00
JAB3656,Night,operations,0,2026-06-05T07:40:54.261158+00:00
JAM1676,Night,operations,2,2026-06-05T07:40:54.261158+00:00
JAM2248,Night,operations,0,2026-06-05T07:40:54.261158+00:00
JAO3463,Night,operations,2,2026-06-05T07:40:54.261158+00:00
JAW3813,Night,operations,2,2026-06-05T07:40:54.261158+00:00
JBB3280,Night,operations,2,2026-06-05T07:40:54.261158+00:00
JBD3707,Night,operations,0,2026-06-05T07:40:54.261158+00:00
JBL2993,Night,operations,0,2026-06-05T07:40:54.261158+00:00
JBM3933,Night,operations,0,2026-06-05T07:40:54.261158+00:00
JCB2350,Night,operations,2,2026-06-05T07:40:54.261158+00:00
JCC2287,Night,operations,0,2026-06-05T07:40:54.261158+00:00
JCH3456,Night,operations,0,2026-06-05T07:40:54.261158+00:00
JDB1620,Night,operations,0,2026-06-05T07:40:54.261158+00:00
JDC2176,Night,operations,0,2026-06-05T07:40:54.261158+00:00
JDH3762,Night,operations,2,2026-06-05T07:40:54.261158+00:00
JEH2847,Night,operations,0,2026-06-05T07:40:54.261158+00:00
JEP1571,Night,operations,3,2026-06-05T07:40:54.261158+00:00
JET2299,Night,operations,0,2026-06-05T07:40:54.261158+00:00
JHH3462,Night,operations,0,2026-06-05T07:40:54.261158+00:00
JHM0583,Night,operations,0,2026-06-05T07:40:54.261158+00:00
JIM2988,Night,operations,0,2026-06-05T07:40:54.261158+00:00
JJB2367,Night,operations,2,2026-06-05T07:40:54.261158+00:00
JJB3398,Night,operations,0,2026-06-05T07:40:54.261158+00:00
JJM2845,Night,operations,2,2026-06-05T07:40:54.261158+00:00
JJS2973,Night,operations,2,2026-06-05T07:40:54.261158+00:00
JKC3349,Night,operations,0,2026-06-05T07:40:54.261158+00:00
JKG0944,Night,operations,0,2026-06-05T07:40:54.261158+00:00
JKG3329,Night,operations,2,2026-06-05T07:40:54.261158+00:00
JLC0216,Night,operations,0,2026-06-05T07:40:54.261158+00:00
JLF3346,Night,operations,0,2026-06-05T07:40:54.261158+00:00
JLG3764,Night,operations,0,2026-06-05T07:40:54.261158+00:00
JLR0313,Night,operations,0,2026-06-05T07:40:54.261158+00:00
JLR3930,Night,operations,0,2026-06-05T07:40:54.261158+00:00
JLW2924,Night,operations,2,2026-06-05T07:40:54.261158+00:00
JMB2246,Night,operations,2,2026-06-05T07:40:54.261158+00:00
JMC2806,Night,operations,0,2026-06-05T07:40:54.261158+00:00
JMC2911,Night,operations,2,2026-06-05T07:40:54.261158+00:00
JMG3704,Night,operations,2,2026-06-05T07:40:54.261158+00:00
JNM0905,Night,operations,2,2026-06-05T07:40:54.261158+00:00
JNR1694,Night,operations,0,2026-06-05T07:40:54.261158+00:00
JNS3342,Night,operations,0,2026-06-05T07:40:54.261158+00:00
JOA0305,Night,operations,0,2026-06-05T07:40:54.261158+00:00
JQS2908,Night,operations,2,2026-06-05T07:40:54.261158+00:00
JRL2365,Night,operations,2,2026-06-05T07:40:54.261158+00:00
JRM0871,Night,operations,2,2026-06-05T07:40:54.261158+00:00
JRM2358,Night,operations,2,2026-06-05T07:40:54.261158+00:00
JSH0887,Night,operations,0,2026-06-05T07:40:54.261158+00:00
JSM3334,Night,operations,2,2026-06-05T07:40:54.261158+00:00
JSM3633,Night,operations,2,2026-06-05T07:40:54.261158+00:00
JSM3931,Night,operations,0,2026-06-05T07:40:54.261158+00:00
JSO3292,Night,operations,0,2026-06-05T07:40:54.261158+00:00
JSR3988,Night,operations,2,2026-06-05T07:40:54.261158+00:00
JTC0941,Night,operations,2,2026-06-05T07:40:54.261158+00:00
JTJ3700,Night,operations,0,2026-06-05T07:40:54.261158+00:00
JVS2308,Night,operations,0,2026-06-05T07:40:54.261158+00:00
JWB1519,Night,operations,2,2026-06-05T07:40:54.261158+00:00
JWW2765,Night,operations,0,2026-06-05T07:40:54.261158+00:00
JXP3801,Night,operations,0,2026-06-05T07:40:54.261158+00:00
KAH2398,Night,operations,2,2026-06-05T07:40:54.261158+00:00
KAV2926,Night,operations,0,2026-06-05T07:40:54.261158+00:00
KBA1020,Night,operations,0,2026-06-05T07:40:54.261158+00:00
KBB0890,Night,operations,0,2026-06-05T07:40:54.261158+00:00
KBC0578,Night,operations,2,2026-06-05T07:40:54.261158+00:00
KBM3460,Night,operations,0,2026-06-05T07:40:54.261158+00:00
KBP0899,Night,operations,0,2026-06-05T07:40:54.261158+00:00
KBW1629,Night,operations,0,2026-06-05T07:40:54.261158+00:00
KCC3658,Night,operations,2,2026-06-05T07:40:54.261158+00:00
KCG0979,Night,operations,0,2026-06-05T07:40:54.261158+00:00
KCL2310,Night,operations,0,2026-06-05T07:40:54.261158+00:00
KCR2291,Night,operations,0,2026-06-05T07:40:54.261158+00:00
KCS3465,Night,operations,2,2026-06-05T07:40:54.261158+00:00
KDC2976,Night,operations,2,2026-06-05T07:40:54.261158+00:00
KDT3290,Night,operations,0,2026-06-05T07:40:54.261158+00:00
KDW2929,Night,operations,0,2026-06-05T07:40:54.261158+00:00
KEW2795,Night,operations,2,2026-06-05T07:40:54.261158+00:00
KGD3278,Night,operations,2,2026-06-05T07:40:54.261158+00:00
KGR2815,Night,operations,2,2026-06-05T07:40:54.261158+00:00
KGS3466,Night,operations,2,2026-06-05T07:40:54.261158+00:00
KHC3350,Night,operations,0,2026-06-05T07:40:54.261158+00:00
KJB3654,Night,operations,0,2026-06-05T07:40:54.261158+00:00
KJC3748,Night,operations,2,2026-06-05T07:40:54.261158+00:00
KJD3392,Night,operations,0,2026-06-05T07:40:54.261158+00:00
KKM0309,Night,operations,0,2026-06-05T07:40:54.261158+00:00
KKP2284,Night,operations,0,2026-06-05T07:40:54.261158+00:00
KMR2232,Night,operations,0,2026-06-05T07:40:54.261158+00:00
KMS1530,Night,operations,0,2026-06-05T07:40:54.261158+00:00
KMW1008,Night,operations,0,2026-06-05T07:40:54.261158+00:00
KNM0423,Night,operations,2,2026-06-05T07:40:54.261158+00:00
KNM1674,Night,operations,0,2026-06-05T07:40:54.261158+00:00
KNR3837,Night,operations,2,2026-06-05T07:40:54.261158+00:00
KOP3802,Night,operations,2,2026-06-05T07:40:54.261158+00:00
KOW3756,Night,operations,2,2026-06-05T07:40:54.261158+00:00
KPS0895,Night,operations,0,2026-06-05T07:40:54.261158+00:00
KSM1518,Night,operations,0,2026-06-05T07:40:54.261158+00:00
KSN3347,Night,operations,0,2026-06-05T07:40:54.261158+00:00
KSO2224,Night,operations,0,2026-06-05T07:40:54.261158+00:00
KTD2249,Night,operations,0,2026-06-05T07:40:54.261158+00:00
KUS2137,Night,operations,0,2026-06-05T07:40:54.261158+00:00
KVB3830,Night,operations,2,2026-06-05T07:40:54.261158+00:00
KWC3812,Night,operations,0,2026-06-05T07:40:54.261158+00:00
LAS3757,Night,operations,0,2026-06-05T07:40:54.261158+00:00
LBJ1723,Night,operations,0,2026-06-05T07:40:54.261158+00:00
LBM3284,Night,operations,0,2026-06-05T07:40:54.261158+00:00
LCM1480,Night,operations,0,2026-06-05T07:40:54.261158+00:00
LCP0344,Night,operations,0,2026-06-05T07:40:54.261158+00:00
LEP2922,Night,operations,2,2026-06-05T07:40:54.261158+00:00
LER3942,Night,operations,0,2026-06-05T07:40:54.261158+00:00
LFB1624,Night,operations,2,2026-06-05T07:40:54.261158+00:00
LFS0392,Night,operations,2,2026-06-05T07:40:54.261158+00:00
LGL2772,Night,operations,0,2026-06-05T07:40:54.261158+00:00
LGS3477,Night,operations,0,2026-06-05T07:40:54.261158+00:00
LIC3646,Night,operations,2,2026-06-05T07:40:54.261158+00:00
LIG2813,Night,operations,0,2026-06-05T07:40:54.261158+00:00
LJC3980,Night,operations,2,2026-06-05T07:40:54.261158+00:00
LJH0866,Night,operations,0,2026-06-05T07:40:54.261158+00:00
LJM3339,Night,operations,0,2026-06-05T07:40:54.261158+00:00
LKG0937,Night,operations,0,2026-06-05T07:40:54.261158+00:00
LLB3769,Night,operations,2,2026-06-05T07:40:54.261158+00:00
LMD2804,Night,operations,2,2026-06-05T07:40:54.261158+00:00
LMH2801,Night,operations,2,2026-06-05T07:40:54.261158+00:00
LMS2868,Night,operations,2,2026-06-05T07:40:54.261158+00:00
LNB2991,Night,operations,0,2026-06-05T07:40:54.261158+00:00
LNK3345,Night,operations,0,2026-06-05T07:40:54.261158+00:00
LOF3279,Night,operations,0,2026-06-05T07:40:54.261158+00:00
LRF1572,Night,operations,3,2026-06-05T07:40:54.261158+00:00
LRG3408,Night,operations,0,2026-06-05T07:40:54.261158+00:00
LRU3765,Night,operations,2,2026-06-05T07:40:54.261158+00:00
LSC3979,Night,operations,2,2026-06-05T07:40:54.261158+00:00
LSM2234,Night,operations,2,2026-06-05T07:40:54.261158+00:00
LTF3385,Night,operations,0,2026-06-05T07:40:54.261158+00:00
LWB2851,Night,operations,0,2026-06-05T07:40:54.261158+00:00
LWV1525,Night,operations,0,2026-06-05T07:40:54.261158+00:00
LXG2919,Night,operations,0,2026-06-05T07:40:54.261158+00:00
LYF3449,Night,operations,2,2026-06-05T07:40:54.261158+00:00
LYS3814,Night,operations,0,2026-06-05T07:40:54.261158+00:00
LZM0306,Night,operations,0,2026-06-05T07:40:54.261158+00:00
MAL2345,Night,operations,0,2026-06-05T07:40:54.261158+00:00
MAM2363,Night,operations,2,2026-06-05T07:40:54.261158+00:00
MAY0978,Night,operations,2,2026-06-05T07:40:54.261158+00:00
MBB2649,Night,operations,0,2026-06-05T07:40:54.261158+00:00
MBL2383,Night,operations,2,2026-06-05T07:40:54.261158+00:00
MBR3648,Night,operations,0,2026-06-05T07:40:54.261158+00:00
MCB2802,Night,operations,0,2026-06-05T07:40:54.261158+00:00
MCC0856,Night,operations,0,2026-06-05T07:40:54.261158+00:00
MCM2189,Night,operations,0,2026-06-05T07:40:54.261158+00:00
MCN0985,Night,operations,2,2026-06-05T07:40:54.261158+00:00
MCT0424,Night,operations,0,2026-06-05T07:40:54.261158+00:00
MCW2546,Night,operations,0,2026-06-05T07:40:54.261158+00:00
MDG3281,Night,operations,2,2026-06-05T07:40:54.261158+00:00
MDH3639,Night,operations,2,2026-06-05T07:40:54.261158+00:00
MEB2241,Night,operations,0,2026-06-05T07:40:54.261158+00:00
MEV2182,Night,operations,2,2026-06-05T07:40:54.261158+00:00
MFK0902,Night,operations,0,2026-06-05T07:40:54.261158+00:00
MHG3749,Night,operations,0,2026-06-05T07:40:54.261158+00:00
MHH2192,Night,operations,2,2026-06-05T07:40:54.261158+00:00
MHM2370,Night,operations,0,2026-06-05T07:40:54.261158+00:00
MHV1529,Night,operations,2,2026-06-05T07:40:54.261158+00:00
MIA0939,Night,operations,0,2026-06-05T07:40:54.261158+00:00
MIA3825,Night,operations,0,2026-06-05T07:40:54.261158+00:00
MJF0334,Night,operations,0,2026-06-05T07:40:54.261158+00:00
MJG2304,Night,operations,2,2026-06-05T07:40:54.261158+00:00
MJH3822,Night,operations,2,2026-06-05T07:40:54.261158+00:00
MJM3657,Night,operations,0,2026-06-05T07:40:54.261158+00:00
MJS0832,Night,operations,0,2026-06-05T07:40:54.261158+00:00
MKJ1574,Night,operations,2,2026-06-05T07:40:54.261158+00:00
MKR1339,Night,operations,2,2026-06-05T07:40:54.261158+00:00
MLC3482,Night,operations,0,2026-06-05T07:40:54.261158+00:00
MLG2305,Night,operations,2,2026-06-05T07:40:54.261158+00:00
MLS2856,Night,operations,0,2026-06-05T07:40:54.261158+00:00
MLW2240,Night,operations,0,2026-06-05T07:40:54.261158+00:00
MMB2285,Night,operations,2,2026-06-05T07:40:54.261158+00:00
MME3399,Night,operations,3,2026-06-05T07:40:54.261158+00:00
MMR1695,Night,operations,2,2026-06-05T07:40:54.261158+00:00
MNG3693,Night,operations,0,2026-06-05T07:40:54.261158+00:00
MNM2369,Night,operations,0,2026-06-05T07:40:54.261158+00:00
MNW1733,Night,operations,2,2026-06-05T07:40:54.261158+00:00
MPS2849,Night,operations,0,2026-06-05T07:40:54.261158+00:00
MQM1638,Night,operations,0,2026-06-05T07:40:54.261158+00:00
MRB2390,Night,operations,2,2026-06-05T07:40:54.261158+00:00
MRM2906,Night,operations,0,2026-06-05T07:40:54.261158+00:00
MRS1520,Night,operations,0,2026-06-05T07:40:54.261158+00:00
MSB0830,Night,operations,0,2026-06-05T07:40:54.261158+00:00
MSR2202,Night,operations,0,2026-06-05T07:40:54.261158+00:00
MSR2850,Night,operations,0,2026-06-05T07:40:54.261158+00:00
MSR3709,Night,operations,0,2026-06-05T07:40:54.261158+00:00
MSS3335,Night,operations,0,2026-06-05T07:40:54.261158+00:00
MSW0973,Night,operations,2,2026-06-05T07:40:54.261158+00:00
MTB2982,Night,operations,2,2026-06-05T07:40:54.261158+00:00
MTC0855,Night,operations,2,2026-06-05T07:40:54.261158+00:00
MTL3695,Night,operations,0,2026-06-05T07:40:54.261158+00:00
MVA3761,Night,operations,2,2026-06-05T07:40:54.261158+00:00
MVB3343,Night,operations,0,2026-06-05T07:40:54.261158+00:00
MVW3821,Night,operations,2,2026-06-05T07:40:54.261158+00:00
MWB4000,Night,operations,0,2026-06-05T07:40:54.261158+00:00
MWG1570,Night,operations,0,2026-06-05T07:40:54.261158+00:00
MWH0347,Night,operations,3,2026-06-05T07:40:54.261158+00:00
MWH1018,Night,operations,0,2026-06-05T07:40:54.261158+00:00
MYB3817,Night,operations,0,2026-06-05T07:40:54.261158+00:00
NAH3759,Night,operations,0,2026-06-05T07:40:54.261158+00:00
NAR1527,Night,operations,0,2026-06-05T07:40:54.261158+00:00
NBL2243,Night,operations,0,2026-06-05T07:40:54.261158+00:00
NBT3447,Night,operations,0,2026-06-05T07:40:54.261158+00:00
NBW2810,Night,operations,2,2026-06-05T07:40:54.261158+00:00
NCR2854,Night,operations,0,2026-06-05T07:40:54.261158+00:00
NCS0425,Night,operations,2,2026-06-05T07:40:54.261158+00:00
NCT0983,Night,operations,0,2026-06-05T07:40:54.261158+00:00
NDG3403,Night,operations,0,2026-06-05T07:40:54.261158+00:00
NDH3827,Night,operations,2,2026-06-05T07:40:54.261158+00:00
NDM2251,Night,operations,3,2026-06-05T07:40:54.261158+00:00
NDS1897,Night,operations,0,2026-06-05T07:40:54.261158+00:00
NEB3445,Night,operations,2,2026-06-05T07:40:54.261158+00:00
NEE1632,Night,operations,0,2026-06-05T07:40:54.261158+00:00
NGA0929,Night,operations,2,2026-06-05T07:40:54.261158+00:00
NGC1617,Night,operations,0,2026-06-05T07:40:54.261158+00:00
NGS2820,Night,operations,0,2026-06-05T07:40:54.261158+00:00
NGV3638,Night,operations,3,2026-06-05T07:40:54.261158+00:00
NHG3810,Night,operations,0,2026-06-05T07:40:54.261158+00:00
NHH3276,Night,operations,3,2026-06-05T07:40:54.261158+00:00
NHK2846,Night,operations,0,2026-06-05T07:40:54.261158+00:00
NHS3981,Night,operations,0,2026-06-05T07:40:54.261158+00:00
NHW0864,Night,operations,0,2026-06-05T07:40:54.261158+00:00
NIM1630,Night,operations,0,2026-06-05T07:40:54.261158+00:00
NIR3987,Night,operations,0,2026-06-05T07:40:54.261158+00:00
NJG2979,Night,operations,2,2026-06-05T07:40:54.261158+00:00
NJL0974,Night,operations,2,2026-06-05T07:40:54.261158+00:00
NKC3652,Night,operations,2,2026-06-05T07:40:54.261158+00:00
NKM2195,Night,operations,0,2026-06-05T07:40:54.261158+00:00
NMC3998,Night,operations,2,2026-06-05T07:40:54.261158+00:00
NMM1560,Night,operations,0,2026-06-05T07:40:54.261158+00:00
NMW0896,Night,operations,2,2026-06-05T07:40:54.261158+00:00
NNB3989,Night,operations,0,2026-06-05T07:40:54.261158+00:00
NNJ2986,Night,operations,0,2026-06-05T07:40:54.261158+00:00
NNM2862,Night,operations,2,2026-06-05T07:40:54.261158+00:00
NOE2965,Night,operations,2,2026-06-05T07:40:54.261158+00:00
NPS1563,Night,operations,2,2026-06-05T07:40:54.261158+00:00
NRG1562,Night,operations,0,2026-06-05T07:40:54.261158+00:00
NRK3448,Night,operations,2,2026-06-05T07:40:54.261158+00:00
NSE3944,Night,operations,0,2026-06-05T07:40:54.261158+00:00
NSM2805,Night,operations,0,2026-06-05T07:40:54.261158+00:00
NTH2822,Night,operations,0,2026-06-05T07:40:54.261158+00:00
NUK1513,Night,operations,2,2026-06-05T07:40:54.261158+00:00
NVL2180,Night,operations,0,2026-06-05T07:40:54.261158+00:00
OCH2853,Night,operations,0,2026-06-05T07:40:54.261158+00:00
ODS0893,Night,operations,2,2026-06-05T07:40:54.261158+00:00
ODW2194,Night,operations,0,2026-06-05T07:40:54.261158+00:00
OED3393,Night,operations,0,2026-06-05T07:40:54.261158+00:00
OGW3384,Night,operations,0,2026-06-05T07:40:54.261158+00:00
OJG3395,Night,operations,3,2026-06-05T07:40:54.261158+00:00
OJV2346,Night,operations,0,2026-06-05T07:40:54.261158+00:00
OLB2930,Night,operations,0,2026-06-05T07:40:54.261158+00:00
OLH3452,Night,operations,0,2026-06-05T07:40:54.261158+00:00
OMM0835,Night,operations,0,2026-06-05T07:40:54.261158+00:00
ONR3291,Night,operations,0,2026-06-05T07:40:54.261158+00:00
OWD0981,Night,operations,2,2026-06-05T07:40:54.261158+00:00
OWL2872,Night,operations,0,2026-06-05T07:40:54.261158+00:00
PAS2864,Night,operations,0,2026-06-05T07:40:54.261158+00:00
PCA3344,Night,operations,2,2026-06-05T07:40:54.261158+00:00
PDM0304,Night,operations,2,2026-06-05T07:40:54.261158+00:00
PEB3768,Night,operations,0,2026-06-05T07:40:54.261158+00:00
PEV3955,Night,operations,0,2026-06-05T07:40:54.261158+00:00
PFC3807,Night,operations,0,2026-06-05T07:40:54.261158+00:00
PGM0342,Night,operations,0,2026-06-05T07:40:54.261158+00:00
PHH1524,Night,operations,0,2026-06-05T07:40:54.261158+00:00
PLJ3274,Night,operations,2,2026-06-05T07:40:54.261158+00:00
PLM3935,Night,operations,0,2026-06-05T07:40:54.261158+00:00
PLT3283,Night,operations,2,2026-06-05T07:40:54.261158+00:00
PSH3834,Night,operations,0,2026-06-05T07:40:54.261158+00:00
PTG0587,Night,operations,0,2026-06-05T07:40:54.261158+00:00
PVV3999,Night,operations,3,2026-06-05T07:40:54.261158+00:00
PXR3453,Night,operations,0,2026-06-05T07:40:54.261158+00:00
QAS1692,Night,operations,0,2026-06-05T07:40:54.261158+00:00
QBR2250,Night,operations,2,2026-06-05T07:40:54.261158+00:00
QFP3467,Night,operations,0,2026-06-05T07:40:54.261158+00:00
QGS3009,Night,operations,0,2026-06-05T07:40:54.261158+00:00
QJO1715,Night,operations,1,2026-06-05T07:40:54.261158+00:00
QLW2245,Night,operations,0,2026-06-05T07:40:54.261158+00:00
QMV2796,Night,operations,0,2026-06-05T07:40:54.261158+00:00
QNW0977,Night,operations,2,2026-06-05T07:40:54.261158+00:00
QSB1577,Night,operations,0,2026-06-05T07:40:54.261158+00:00
QSG3297,Night,operations,2,2026-06-05T07:40:54.261158+00:00
QXH0396,Night,operations,0,2026-06-05T07:40:54.261158+00:00
RAH1514,Night,operations,0,2026-06-05T07:40:54.261158+00:00
RAS3446,Night,operations,0,2026-06-05T07:40:54.261158+00:00
RAW3461,Night,operations,0,2026-06-05T07:40:54.261158+00:00
RCB2645,Night,operations,2,2026-06-05T07:40:54.261158+00:00
RCM3458,Night,operations,0,2026-06-05T07:40:54.261158+00:00
RCT1697,Night,operations,0,2026-06-05T07:40:54.261158+00:00
RCW3692,Night,operations,2,2026-06-05T07:40:54.261158+00:00
RDA3381,Night,operations,0,2026-06-05T07:40:54.261158+00:00
RDB1693,Night,operations,2,2026-06-05T07:40:54.261158+00:00
RFJ2193,Night,operations,2,2026-06-05T07:40:54.261158+00:00
RFS1633,Night,operations,0,2026-06-05T07:40:54.261158+00:00
RFS2923,Night,operations,2,2026-06-05T07:40:54.261158+00:00
RGB0901,Night,operations,0,2026-06-05T07:40:54.261158+00:00
RGB1581,Night,operations,0,2026-06-05T07:40:54.261158+00:00
RGR0706,Night,operations,2,2026-06-05T07:40:54.261158+00:00
RIB1582,Night,operations,0,2026-06-05T07:40:54.261158+00:00
RIK1631,Night,operations,0,2026-06-05T07:40:54.261158+00:00
RJF3299,Night,operations,0,2026-06-05T07:40:54.261158+00:00
RJF3634,Night,operations,2,2026-06-05T07:40:54.261158+00:00
RJG2239,Night,operations,0,2026-06-05T07:40:54.261158+00:00
RJG3325,Night,operations,2,2026-06-05T07:40:54.261158+00:00
RJM0343,Night,operations,0,2026-06-05T07:40:54.261158+00:00
RJM3957,Night,operations,0,2026-06-05T07:40:54.261158+00:00
RJS3479,Night,operations,0,2026-06-05T07:40:54.261158+00:00
RKH1569,Night,operations,0,2026-06-05T07:40:54.261158+00:00
RKH3803,Night,operations,2,2026-06-05T07:40:54.261158+00:00
RKM3650,Night,operations,0,2026-06-05T07:40:54.261158+00:00
RMC2177,Night,operations,2,2026-06-05T07:40:54.261158+00:00
RMR0341,Night,operations,2,2026-06-05T07:40:54.261158+00:00
RRM2175,Night,operations,2,2026-06-05T07:40:54.261158+00:00
RRS2359,Night,operations,0,2026-06-05T07:40:54.261158+00:00
RSE2181,Night,operations,2,2026-06-05T07:40:54.261158+00:00
RSG2931,Night,operations,2,2026-06-05T07:40:54.261158+00:00
RSJ0891,Night,operations,2,2026-06-05T07:40:54.261158+00:00
RSM3742,Night,operations,2,2026-06-05T07:40:54.261158+00:00
RTW2758,Night,operations,2,2026-06-05T07:40:54.261158+00:00
RVL1688,Night,operations,2,2026-06-05T07:40:54.261158+00:00
RWS3699,Night,operations,0,2026-06-05T07:40:54.261158+00:00
RXG1504,Night,operations,0,2026-06-05T07:40:54.261158+00:00
SAB2761,Night,operations,2,2026-06-05T07:40:54.261158+00:00
SAB3286,Night,operations,2,2026-06-05T07:40:54.261158+00:00
SAH2292,Night,operations,2,2026-06-05T07:40:54.261158+00:00
SAP2173,Night,operations,2,2026-06-05T07:40:54.261158+00:00
SAP3390,Night,operations,0,2026-06-05T07:40:54.261158+00:00
SAR1883,Night,operations,2,2026-06-05T07:40:54.261158+00:00
SAT3766,Night,operations,0,2026-06-05T07:40:54.261158+00:00
SAV3457,Night,operations,0,2026-06-05T07:40:54.261158+00:00
SBD1557,Night,operations,0,2026-06-05T07:40:54.261158+00:00
SBG3983,Night,operations,0,2026-06-05T07:40:54.261158+00:00
SBH3683,Night,operations,0,2026-06-05T07:40:54.261158+00:00
SCB2814,Night,operations,2,2026-06-05T07:40:54.261158+00:00
SCM2538,Night,operations,2,2026-06-05T07:40:54.261158+00:00
SCM3407,Night,operations,0,2026-06-05T07:40:54.261158+00:00
SCM3950,Night,operations,0,2026-06-05T07:40:54.261158+00:00
SCR0898,Night,operations,2,2026-06-05T07:40:54.261158+00:00
SDH1556,Night,operations,0,2026-06-05T07:40:54.261158+00:00
SDN2932,Night,operations,0,2026-06-05T07:40:54.261158+00:00
SED0972,Night,operations,2,2026-06-05T07:40:54.261158+00:00
SFM2226,Night,operations,2,2026-06-05T07:40:54.261158+00:00
SGB1636,Night,operations,0,2026-06-05T07:40:54.261158+00:00
SGP2174,Night,operations,0,2026-06-05T07:40:54.261158+00:00
SHH0970,Night,operations,0,2026-06-05T07:40:54.261158+00:00
SHW3011,Night,operations,2,2026-06-05T07:40:54.261158+00:00
SIP2293,Night,operations,2,2026-06-05T07:40:54.261158+00:00
SIP2907,Night,operations,2,2026-06-05T07:40:54.261158+00:00
SJB2984,Night,operations,0,2026-06-05T07:40:54.261158+00:00
SJG1510,Night,operations,0,2026-06-05T07:40:54.261158+00:00
SJH0945,Night,operations,2,2026-06-05T07:40:54.261158+00:00
SJM3805,Night,operations,2,2026-06-05T07:40:54.261158+00:00
SKB3336,Night,operations,0,2026-06-05T07:40:54.261158+00:00
SKB3752,Night,operations,0,2026-06-05T07:40:54.261158+00:00
SKG1731,Night,operations,0,2026-06-05T07:40:54.261158+00:00
SLD1639,Night,operations,0,2026-06-05T07:40:54.261158+00:00
SLH0900,Night,operations,2,2026-06-05T07:40:54.261158+00:00
SLS2992,Night,operations,2,2026-06-05T07:40:54.261158+00:00
SLV2969,Night,operations,2,2026-06-05T07:40:54.261158+00:00
SNM1696,Night,operations,2,2026-06-05T07:40:54.261158+00:00
SOM2865,Night,operations,0,2026-06-05T07:40:54.261158+00:00
SPM1684,Night,operations,0,2026-06-05T07:40:54.261158+00:00
SSA0346,Night,operations,0,2026-06-05T07:40:54.261158+00:00
SSA0389,Night,operations,0,2026-06-05T07:40:54.261158+00:00
STK2397,Night,operations,0,2026-06-05T07:40:54.261158+00:00
SVM3947,Night,operations,2,2026-06-05T07:40:54.261158+00:00
SWG2200,Night,operations,0,2026-06-05T07:40:54.261158+00:00
SWR3808,Night,operations,2,2026-06-05T07:40:54.261158+00:00
SZC2235,Night,operations,3,2026-06-05T07:40:54.261158+00:00
TAC3330,Night,operations,0,2026-06-05T07:40:54.261158+00:00
TAE1559,Night,operations,0,2026-06-05T07:40:54.261158+00:00
TAH0933,Night,operations,2,2026-06-05T07:40:54.261158+00:00
TBK2860,Night,operations,0,2026-06-05T07:40:54.261158+00:00
TBM0932,Night,operations,0,2026-06-05T07:40:54.261158+00:00
TBM3829,Night,operations,2,2026-06-05T07:40:54.261158+00:00
TBS3382,Night,operations,0,2026-06-05T07:40:54.261158+00:00
TCH2233,Night,operations,0,2026-06-05T07:40:54.261158+00:00
TCN1687,Night,operations,0,2026-06-05T07:40:54.261158+00:00
TCR3994,Night,operations,2,2026-06-05T07:40:54.261158+00:00
TDK1689,Night,operations,0,2026-06-05T07:40:54.261158+00:00
TDM2859,Night,operations,2,2026-06-05T07:40:54.261158+00:00
TEC2300,Night,operations,2,2026-06-05T07:40:54.261158+00:00
THG3271,Night,operations,2,2026-06-05T07:40:54.261158+00:00
TJM3340,Night,operations,2,2026-06-05T07:40:54.261158+00:00
TJP2817,Night,operations,2,2026-06-05T07:40:54.261158+00:00
TKE3293,Night,operations,0,2026-06-05T07:40:54.261158+00:00
TMC3659,Night,operations,0,2026-06-05T07:40:54.261158+00:00
TMV0868,Night,operations,0,2026-06-05T07:40:54.261158+00:00
TPS1568,Night,operations,0,2026-06-05T07:40:54.261158+00:00
TRS3323,Night,operations,0,2026-06-05T07:40:54.261158+00:00
TRV2966,Night,operations,0,2026-06-05T07:40:54.261158+00:00
TSS3643,Night,operations,0,2026-06-05T07:40:54.261158+00:00
TTD2873,Night,operations,2,2026-06-05T07:40:54.261158+00:00
TTF2920,Night,operations,0,2026-06-05T07:40:54.261158+00:00
TVC2918,Night,operations,0,2026-06-05T07:40:54.261158+00:00
TWM2199,Night,operations,0,2026-06-05T07:40:54.261158+00:00
UAH3940,Night,operations,0,2026-06-05T07:40:54.261158+00:00
UCS3454,Night,operations,2,2026-06-05T07:40:54.261158+00:00
UIM2818,Night,operations,2,2026-06-05T07:40:54.261158+00:00
UMH1532,Night,operations,0,2026-06-05T07:40:54.261158+00:00
UMH3826,Night,operations,0,2026-06-05T07:40:54.261158+00:00
UNB3986,Night,operations,2,2026-06-05T07:40:54.261158+00:00
URC3818,Night,operations,2,2026-06-05T07:40:54.261158+00:00
UVN0903,Night,operations,2,2026-06-05T07:40:54.261158+00:00
UWB0395,Night,operations,0,2026-06-05T07:40:54.261158+00:00
VAB1526,Night,operations,0,2026-06-05T07:40:54.261158+00:00
VAS3984,Night,operations,2,2026-06-05T07:40:54.261158+00:00
VBN0984,Night,operations,0,2026-06-05T07:40:54.261158+00:00
VCF3273,Night,operations,2,2026-06-05T07:40:54.261158+00:00
VCH3696,Night,operations,0,2026-06-05T07:40:54.261158+00:00
VEC1686,Night,operations,2,2026-06-05T07:40:54.261158+00:00
VHG3993,Night,operations,2,2026-06-05T07:40:54.261158+00:00
VJB1699,Night,operations,2,2026-06-05T07:40:54.261158+00:00
VKM1515,Night,operations,0,2026-06-05T07:40:54.261158+00:00
VKM2376,Night,operations,2,2026-06-05T07:40:54.261158+00:00
VKT2228,Night,operations,0,2026-06-05T07:40:54.261158+00:00
VON3443,Night,operations,2,2026-06-05T07:40:54.261158+00:00
VRB3401,Night,operations,3,2026-06-05T07:40:54.261158+00:00
VTK2978,Night,operations,0,2026-06-05T07:40:54.261158+00:00
VWB0990,Night,operations,2,2026-06-05T07:40:54.261158+00:00
WAH3836,Night,operations,2,2026-06-05T07:40:54.261158+00:00
WAW0422,Night,operations,2,2026-06-05T07:40:54.261158+00:00
WBE0967,Night,operations,0,2026-06-05T07:40:54.261158+00:00
WBL2852,Night,operations,0,2026-06-05T07:40:54.261158+00:00
WDS2197,Night,operations,0,2026-06-05T07:40:54.261158+00:00
WEV2867,Night,operations,0,2026-06-05T07:40:54.261158+00:00
WHL3282,Night,operations,0,2026-06-05T07:40:54.261158+00:00
WKF3444,Night,operations,0,2026-06-05T07:40:54.261158+00:00
WLR0707,Night,operations,0,2026-06-05T07:40:54.261158+00:00
WMA2016,Night,operations,0,2026-06-05T07:40:54.261158+00:00
WNC0858,Night,operations,0,2026-06-05T07:40:54.261158+00:00
WRJ2184,Night,operations,0,2026-06-05T07:40:54.261158+00:00
WRM2803,Night,operations,2,2026-06-05T07:40:54.261158+00:00
WSC2981,Night,operations,0,2026-06-05T07:40:54.261158+00:00
WSM2798,Night,operations,0,2026-06-05T07:40:54.261158+00:00
WUH2238,Night,operations,2,2026-06-05T07:40:54.261158+00:00
WXH2289,Night,operations,2,2026-06-05T07:40:54.261158+00:00
WXM3698,Night,operations,2,2026-06-05T07:40:54.261158+00:00
WYC3397,Night,operations,0,2026-06-05T07:40:54.261158+00:00
WZR3948,Night,operations,0,2026-06-05T07:40:54.261158+00:00
XAB0936,Night,operations,0,2026-06-05T07:40:54.261158+00:00
XAB3746,Night,operations,0,2026-06-05T07:40:54.261158+00:00
XAL2816,Night,operations,0,2026-06-05T07:40:54.261158+00:00
XFL1583,Night,operations,0,2026-06-05T07:40:54.261158+00:00
XGB1528,Night,operations,2,2026-06-05T07:40:54.261158+00:00
XKW2303,Night,operations,0,2026-06-05T07:40:54.261158+00:00
XSF3982,Night,operations,0,2026-06-05T07:40:54.261158+00:00
XTB2372,Night,operations,0,2026-06-05T07:40:54.261158+00:00
XTB3322,Night,operations,0,2026-06-05T07:40:54.261158+00:00
YBP3978,Night,operations,0,2026-06-05T07:40:54.261158+00:00
YHB2355,Night,operations,0,2026-06-05T07:40:54.261158+00:00
YNW2855,Night,operations,0,2026-06-05T07:40:54.261158+00:00
YQB2309,Night,operations,2,2026-06-05T07:40:54.261158+00:00
YSC1691,Night,operations,2,2026-06-05T07:40:54.261158+00:00
ZAW3833,Night,operations,2,2026-06-05T07:40:54.261158+00:00
ZDH2905,Night,operations,0,2026-06-05T07:40:54.261158+00:00
ZIR1732,Night,operations,0,2026-06-05T07:40:54.261158+00:00
ZMB3686,Night,operations,0,2026-06-05T07:40:54.261158+00:00
ZNE3451,Night,operations,0,2026-06-05T07:40:54.261158+00:00
ZNG3404,Night,operations,0,2026-06-05T07:40:54.261158+00:00
ZVB2656,Night,operations,0,2026-06-05T07:40:54.261158+00:00
ZVS1637,Night,operations,2,2026-06-05T07:40:54.261158+00:00
ZZO2997,Night,operations,0,2026-06-05T07:40:54.261158+00:00
AAD3030,Night,it_admin,0,2026-06-05T07:40:54.261158+00:00
ACW0464,Night,it_admin,1,2026-06-05T07:40:54.261158+00:00
ADB3853,Night,it_admin,3,2026-06-05T07:40:54.261158+00:00
ADS2428,Night,it_admin,1,2026-06-05T07:40:54.261158+00:00
AFH1757,Night,it_admin,0,2026-06-05T07:40:54.261158+00:00
AGM3504,Night,it_admin,3,2026-06-05T07:40:54.261158+00:00
AJS3021,Night,it_admin,3,2026-06-05T07:40:54.261158+00:00
AKH0454,Night,it_admin,3,2026-06-05T07:40:54.261158+00:00
AKS3496,Night,it_admin,2,2026-06-05T07:40:54.261158+00:00
ALC1060,Night,it_admin,1,2026-06-05T07:40:54.261158+00:00
ANL3024,Night,it_admin,0,2026-06-05T07:40:54.261158+00:00
APC3043,Night,it_admin,1,2026-06-05T07:40:54.261158+00:00
APP1054,Night,it_admin,1,2026-06-05T07:40:54.261158+00:00
ARC3034,Night,it_admin,2,2026-06-05T07:40:54.261158+00:00
AVP3044,Night,it_admin,1,2026-06-05T07:40:54.261158+00:00
BBH1056,Night,it_admin,1,2026-06-05T07:40:54.261158+00:00
BCC0456,Night,it_admin,3,2026-06-05T07:40:54.261158+00:00
BCG1029,Night,it_admin,3,2026-06-05T07:40:54.261158+00:00
BGB3045,Night,it_admin,1,2026-06-05T07:40:54.261158+00:00
BKW1032,Night,it_admin,2,2026-06-05T07:40:54.261158+00:00
BLY1039,Night,it_admin,3,2026-06-05T07:40:54.261158+00:00
BMH0457,Night,it_admin,2,2026-06-05T07:40:54.261158+00:00
BMM0462,Night,it_admin,1,2026-06-05T07:40:54.261158+00:00
BOH1751,Night,it_admin,2,2026-06-05T07:40:54.261158+00:00
BPD2437,Night,it_admin,1,2026-06-05T07:40:54.261158+00:00
BPN3051,Night,it_admin,1,2026-06-05T07:40:54.261158+00:00
CAC1777,Night,it_admin,1,2026-06-05T07:40:54.261158+00:00
CAG2442,Night,it_admin,1,2026-06-05T07:40:54.261158+00:00
CAG3049,Night,it_admin,1,2026-06-05T07:40:54.261158+00:00
CAM3050,Night,it_admin,1,2026-06-05T07:40:54.261158+00:00
CAS3022,Night,it_admin,3,2026-06-05T07:40:54.261158+00:00
CBW2427,Night,it_admin,1,2026-06-05T07:40:54.261158+00:00
CCB3055,Night,it_admin,1,2026-06-05T07:40:54.261158+00:00
CCL1770,Night,it_admin,1,2026-06-05T07:40:54.261158+00:00
CHB1062,Night,it_admin,1,2026-06-05T07:40:54.261158+00:00
CIS3505,Night,it_admin,3,2026-06-05T07:40:54.261158+00:00
CJH2411,Night,it_admin,2,2026-06-05T07:40:54.261158+00:00
CKD3861,Night,it_admin,2,2026-06-05T07:40:54.261158+00:00
CMB3499,Night,it_admin,3,2026-06-05T07:40:54.261158+00:00
CND3037,Night,it_admin,1,2026-06-05T07:40:54.261158+00:00
CNR1031,Night,it_admin,2,2026-06-05T07:40:54.261158+00:00
COB0461,Night,it_admin,1,2026-06-05T07:40:54.261158+00:00
CQA3849,Night,it_admin,2,2026-06-05T07:40:54.261158+00:00
CRH3848,Night,it_admin,2,2026-06-05T07:40:54.261158+00:00
CSM3502,Night,it_admin,3,2026-06-05T07:40:54.261158+00:00
CWH0038,Night,it_admin,3,2026-06-05T07:40:54.261158+00:00
CWH3033,Night,it_admin,0,2026-06-05T07:40:54.261158+00:00
CWR0043,Night,it_admin,1,2026-06-05T07:40:54.261158+00:00
DDH1041,Night,it_admin,3,2026-06-05T07:40:54.261158+00:00
DHS2419,Night,it_admin,0,2026-06-05T07:40:54.261158+00:00
DIW1749,Night,it_admin,2,2026-06-05T07:40:54.261158+00:00
DJP2420,Night,it_admin,2,2026-06-05T07:40:54.261158+00:00
DKD2409,Night,it_admin,2,2026-06-05T07:40:54.261158+00:00
DLM2440,Night,it_admin,1,2026-06-05T07:40:54.261158+00:00
DMC1766,Night,it_admin,1,2026-06-05T07:40:54.261158+00:00
DNS1758,Night,it_admin,1,2026-06-05T07:40:54.261158+00:00
DNS1768,Night,it_admin,1,2026-06-05T07:40:54.261158+00:00
DXM2433,Night,it_admin,1,2026-06-05T07:40:54.261158+00:00
EHD1744,Night,it_admin,2,2026-06-05T07:40:54.261158+00:00
EIR1046,Night,it_admin,1,2026-06-05T07:40:54.261158+00:00
ENS1748,Night,it_admin,3,2026-06-05T07:40:54.261158+00:00
EPI3052,Night,it_admin,1,2026-06-05T07:40:54.261158+00:00
EUC1051,Night,it_admin,1,2026-06-05T07:40:54.261158+00:00
FDD1052,Night,it_admin,1,2026-06-05T07:40:54.261158+00:00
FZB3046,Night,it_admin,1,2026-06-05T07:40:54.261158+00:00
GAH1760,Night,it_admin,1,2026-06-05T07:40:54.261158+00:00
GCN1743,Night,it_admin,0,2026-06-05T07:40:54.261158+00:00
GCP2425,Night,it_admin,1,2026-06-05T07:40:54.261158+00:00
GFK3498,Night,it_admin,3,2026-06-05T07:40:54.261158+00:00
GKK2422,Night,it_admin,0,2026-06-05T07:40:54.261158+00:00
GLC3495,Night,it_admin,3,2026-06-05T07:40:54.261158+00:00
GVC0049,Night,it_admin,1,2026-06-05T07:40:54.261158+00:00
HBB1759,Night,it_admin,1,2026-06-05T07:40:54.261158+00:00
HBC3497,Night,it_admin,3,2026-06-05T07:40:54.261158+00:00
HHG1038,Night,it_admin,2,2026-06-05T07:40:54.261158+00:00
HIA2415,Night,it_admin,0,2026-06-05T07:40:54.261158+00:00
HLZ2414,Night,it_admin,3,2026-06-05T07:40:54.261158+00:00
HQB3494,Night,it_admin,2,2026-06-05T07:40:54.261158+00:00
HTC1750,Night,it_admin,3,2026-06-05T07:40:54.261158+00:00
HYF1048,Night,it_admin,1,2026-06-05T07:40:54.261158+00:00
IBM1752,Night,it_admin,0,2026-06-05T07:40:54.261158+00:00
IDB1059,Night,it_admin,1,2026-06-05T07:40:54.261158+00:00
IIW0036,Night,it_admin,3,2026-06-05T07:40:54.261158+00:00
IKP1047,Night,it_admin,1,2026-06-05T07:40:54.261158+00:00
INL3041,Night,it_admin,1,2026-06-05T07:40:54.261158+00:00
JAY3851,Night,it_admin,2,2026-06-05T07:40:54.261158+00:00
JBT1035,Night,it_admin,3,2026-06-05T07:40:54.261158+00:00
JBW3852,Night,it_admin,2,2026-06-05T07:40:54.261158+00:00
JCB3054,Night,it_admin,1,2026-06-05T07:40:54.261158+00:00
JDM1042,Night,it_admin,0,2026-06-05T07:40:54.261158+00:00
JFG1049,Night,it_admin,1,2026-06-05T07:40:54.261158+00:00
JGN1767,Night,it_admin,1,2026-06-05T07:40:54.261158+00:00
JJB0042,Night,it_admin,1,2026-06-05T07:40:54.261158+00:00
JPS2432,Night,it_admin,1,2026-06-05T07:40:54.261158+00:00
JRR0459,Night,it_admin,1,2026-06-05T07:40:54.261158+00:00
JTV1040,Night,it_admin,3,2026-06-05T07:40:54.261158+00:00
JVC2443,Night,it_admin,1,2026-06-05T07:40:54.261158+00:00
JYM3047,Night,it_admin,1,2026-06-05T07:40:54.261158+00:00
KAC1774,Night,it_admin,1,2026-06-05T07:40:54.261158+00:00
KAP2430,Night,it_admin,1,2026-06-05T07:40:54.261158+00:00
KBB0460,Night,it_admin,1,2026-06-05T07:40:54.261158+00:00
KCC2434,Night,it_admin,1,2026-06-05T07:40:54.261158+00:00
KCF0450,Night,it_admin,2,2026-06-05T07:40:54.261158+00:00
KEF1057,Night,it_admin,1,2026-06-05T07:40:54.261158+00:00
KHP1043,Night,it_admin,3,2026-06-05T07:40:54.261158+00:00
KMB1761,Night,it_admin,1,2026-06-05T07:40:54.261158+00:00
KOE1033,Night,it_admin,2,2026-06-05T07:40:54.261158+00:00
KRL0467,Night,it_admin,1,2026-06-05T07:40:54.261158+00:00
KSM1772,Night,it_admin,1,2026-06-05T07:40:54.261158+00:00
LAH3026,Night,it_admin,3,2026-06-05T07:40:54.261158+00:00
LAV1050,Night,it_admin,1,2026-06-05T07:40:54.261158+00:00
LBB0453,Night,it_admin,3,2026-06-05T07:40:54.261158+00:00
LCS3042,Night,it_admin,1,2026-06-05T07:40:54.261158+00:00
LCW0047,Night,it_admin,1,2026-06-05T07:40:54.261158+00:00
LEB1764,Night,it_admin,1,2026-06-05T07:40:54.261158+00:00
LEC3857,Night,it_admin,0,2026-06-05T07:40:54.261158+00:00
LGR1036,Night,it_admin,2,2026-06-05T07:40:54.261158+00:00
LJE2413,Night,it_admin,0,2026-06-05T07:40:54.261158+00:00
LMG1061,Night,it_admin,1,2026-06-05T07:40:54.261158+00:00
LOP1055,Night,it_admin,1,2026-06-05T07:40:54.261158+00:00
LOR1044,Night,it_admin,3,2026-06-05T07:40:54.261158+00:00
LRK2426,Night,it_admin,1,2026-06-05T07:40:54.261158+00:00
MAB1775,Night,it_admin,1,2026-06-05T07:40:54.261158+00:00
MCW3493,Night,it_admin,2,2026-06-05T07:40:54.261158+00:00
MDG2418,Night,it_admin,0,2026-06-05T07:40:54.261158+00:00
MEM1745,Night,it_admin,2,2026-06-05T07:40:54.261158+00:00
MFB0040,Night,it_admin,2,2026-06-05T07:40:54.261158+00:00
MGG1756,Night,it_admin,0,2026-06-05T07:40:54.261158+00:00
MJK0037,Night,it_admin,3,2026-06-05T07:40:54.261158+00:00
MJP2421,Night,it_admin,3,2026-06-05T07:40:54.261158+00:00
MLP3859,Night,it_admin,2,2026-06-05T07:40:54.261158+00:00
MND1058,Night,it_admin,1,2026-06-05T07:40:54.261158+00:00
MTG0463,Night,it_admin,1,2026-06-05T07:40:54.261158+00:00
MTS0465,Night,it_admin,1,2026-06-05T07:40:54.261158+00:00
MWK3854,Night,it_admin,0,2026-06-05T07:40:54.261158+00:00
NCA3027,Night,it_admin,2,2026-06-05T07:40:54.261158+00:00
NCT3492,Night,it_admin,3,2026-06-05T07:40:54.261158+00:00
NFP2441,Night,it_admin,1,2026-06-05T07:40:54.261158+00:00
NRE1755,Night,it_admin,2,2026-06-05T07:40:54.261158+00:00
NSC3036,Night,it_admin,1,2026-06-05T07:40:54.261158+00:00
NWO3501,Night,it_admin,2,2026-06-05T07:40:54.261158+00:00
OHM1030,Night,it_admin,3,2026-06-05T07:40:54.261158+00:00
PCS1747,Night,it_admin,0,2026-06-05T07:40:54.261158+00:00
PDK3856,Night,it_admin,3,2026-06-05T07:40:54.261158+00:00
PGF3491,Night,it_admin,0,2026-06-05T07:40:54.261158+00:00
PJM3025,Night,it_admin,2,2026-06-05T07:40:54.261158+00:00
PLJ1771,Night,it_admin,1,2026-06-05T07:40:54.261158+00:00
PRH2431,Night,it_admin,1,2026-06-05T07:40:54.261158+00:00
PTO1063,Night,it_admin,1,2026-06-05T07:40:54.261158+00:00
QAH0048,Night,it_admin,1,2026-06-05T07:40:54.261158+00:00
QGH0041,Night,it_admin,1,2026-06-05T07:40:54.261158+00:00
QIT3029,Night,it_admin,0,2026-06-05T07:40:54.261158+00:00
QJF3038,Night,it_admin,1,2026-06-05T07:40:54.261158+00:00
RAB0455,Night,it_admin,3,2026-06-05T07:40:54.261158+00:00
RBG3850,Night,it_admin,3,2026-06-05T07:40:54.261158+00:00
RCB2424,Night,it_admin,1,2026-06-05T07:40:54.261158+00:00
RCF0044,Night,it_admin,1,2026-06-05T07:40:54.261158+00:00
REK1037,Night,it_admin,3,2026-06-05T07:40:54.261158+00:00
RGP0451,Night,it_admin,3,2026-06-05T07:40:54.261158+00:00
RHF0046,Night,it_admin,1,2026-06-05T07:40:54.261158+00:00
RIS2436,Night,it_admin,1,2026-06-05T07:40:54.261158+00:00
RKW1754,Night,it_admin,2,2026-06-05T07:40:54.261158+00:00
RME0448,Night,it_admin,3,2026-06-05T07:40:54.261158+00:00
RMO2439,Night,it_admin,1,2026-06-05T07:40:54.261158+00:00
RNM0466,Night,it_admin,1,2026-06-05T07:40:54.261158+00:00
RSV2438,Night,it_admin,1,2026-06-05T07:40:54.261158+00:00
SAB3860,Night,it_admin,3,2026-06-05T07:40:54.261158+00:00
SAM3855,Night,it_admin,2,2026-06-05T07:40:54.261158+00:00
SAM3862,Night,it_admin,3,2026-06-05T07:40:54.261158+00:00
SBW3023,Night,it_admin,2,2026-06-05T07:40:54.261158+00:00
SCH3858,Night,it_admin,0,2026-06-05T07:40:54.261158+00:00
SDB3500,Night,it_admin,3,2026-06-05T07:40:54.261158+00:00
SHM2429,Night,it_admin,1,2026-06-05T07:40:54.261158+00:00
SJD3032,Night,it_admin,2,2026-06-05T07:40:54.261158+00:00
SJR0452,Night,it_admin,2,2026-06-05T07:40:54.261158+00:00
SLB3039,Night,it_admin,1,2026-06-05T07:40:54.261158+00:00
SMO0458,Night,it_admin,1,2026-06-05T07:40:54.261158+00:00
SNV2423,Night,it_admin,0,2026-06-05T07:40:54.261158+00:00
SSF3031,Night,it_admin,3,2026-06-05T07:40:54.261158+00:00
STC3053,Night,it_admin,1,2026-06-05T07:40:54.261158+00:00
STR1769,Night,it_admin,1,2026-06-05T07:40:54.261158+00:00
SWH1053,Night,it_admin,1,2026-06-05T07:40:54.261158+00:00
TAM3048,Night,it_admin,1,2026-06-05T07:40:54.261158+00:00
TDV1034,Night,it_admin,2,2026-06-05T07:40:54.261158+00:00
TDW1746,Night,it_admin,2,2026-06-05T07:40:54.261158+00:00
TKS3035,Night,it_admin,3,2026-06-05T07:40:54.261158+00:00
TNH3028,Night,it_admin,2,2026-06-05T07:40:54.261158+00:00
TPM0039,Night,it_admin,3,2026-06-05T07:40:54.261158+00:00
TTP2417,Night,it_admin,0,2026-06-05T07:40:54.261158+00:00
TTR0045,Night,it_admin,1,2026-06-05T07:40:54.261158+00:00
TWK1773,Night,it_admin,1,2026-06-05T07:40:54.261158+00:00
USF1753,Night,it_admin,2,2026-06-05T07:40:54.261158+00:00
WAJ2412,Night,it_admin,0,2026-06-05T07:40:54.261158+00:00
WAL0050,Night,it_admin,1,2026-06-05T07:40:54.261158+00:00
WBM1045,Night,it_admin,1,2026-06-05T07:40:54.261158+00:00
WOV3040,Night,it_admin,1,2026-06-05T07:40:54.261158+00:00
WSA1765,Night,it_admin,1,2026-06-05T07:40:54.261158+00:00
WTF0449,Night,it_admin,2,2026-06-05T07:40:54.261158+00:00
WYC2416,Night,it_admin,0,2026-06-05T07:40:54.261158+00:00
YKM2435,Night,it_admin,1,2026-06-05T07:40:54.261158+00:00
YKW1763,Night,it_admin,1,2026-06-05T07:40:54.261158+00:00
YRA3503,Night,it_admin,2,2026-06-05T07:40:54.261158+00:00
ZAP1762,Night,it_admin,1,2026-06-05T07:40:54.261158+00:00
ZJS1776,Night,it_admin,1,2026-06-05T07:40:54.261158+00:00
ZTB2410,Night,it_admin,0,2026-06-05T07:40:54.261158+00:00
AAG3799,Night,sales,0,2026-06-05T07:40:54.261158+00:00
AAS3428,Night,sales,1,2026-06-05T07:40:54.261158+00:00
ABD3426,Night,sales,3,2026-06-05T07:40:54.261158+00:00
ABM3772,Night,sales,3,2026-06-05T07:40:54.261158+00:00
ABM3776,Night,sales,0,2026-06-05T07:40:54.261158+00:00
ACL2943,Night,sales,1,2026-06-05T07:40:54.261158+00:00
ACM2278,Night,sales,2,2026-06-05T07:40:54.261158+00:00
ADM0923,Night,sales,3,2026-06-05T07:40:54.261158+00:00
ADS2950,Night,sales,3,2026-06-05T07:40:54.261158+00:00
AFK3800,Night,sales,2,2026-06-05T07:40:54.261158+00:00
AGM3372,Night,sales,0,2026-06-05T07:40:54.261158+00:00
AGW1590,Night,sales,3,2026-06-05T07:40:54.261158+00:00
AHM0959,Night,sales,1,2026-06-05T07:40:54.261158+00:00
AIB3416,Night,sales,1,2026-06-05T07:40:54.261158+00:00
AIJ0383,Night,sales,1,2026-06-05T07:40:54.261158+00:00
AKC3739,Night,sales,0,2026-06-05T07:40:54.261158+00:00
AKL1605,Night,sales,0,2026-06-05T07:40:54.261158+00:00
ALP2955,Night,sales,2,2026-06-05T07:40:54.261158+00:00
ALS3440,Night,sales,3,2026-06-05T07:40:54.261158+00:00
AMN0911,Night,sales,0,2026-06-05T07:40:54.261158+00:00
APD0381,Night,sales,2,2026-06-05T07:40:54.261158+00:00
ARH1610,Night,sales,1,2026-06-05T07:40:54.261158+00:00
ARH2262,Night,sales,2,2026-06-05T07:40:54.261158+00:00
ARJ0912,Night,sales,1,2026-06-05T07:40:54.261158+00:00
ASM3771,Night,sales,0,2026-06-05T07:40:54.261158+00:00
ASP2895,Night,sales,2,2026-06-05T07:40:54.261158+00:00
ATC1587,Night,sales,2,2026-06-05T07:40:54.261158+00:00
AVC2328,Night,sales,0,2026-06-05T07:40:54.261158+00:00
AVS2317,Night,sales,2,2026-06-05T07:40:54.261158+00:00
AWB2282,Night,sales,0,2026-06-05T07:40:54.261158+00:00
BAC3730,Night,sales,2,2026-06-05T07:40:54.261158+00:00
BAR3420,Night,sales,1,2026-06-05T07:40:54.261158+00:00
BBC3733,Night,sales,2,2026-06-05T07:40:54.261158+00:00
BBH3779,Night,sales,1,2026-06-05T07:40:54.261158+00:00
BCB0909,Night,sales,0,2026-06-05T07:40:54.261158+00:00
BCH1656,Night,sales,0,2026-06-05T07:40:54.261158+00:00
BCM3794,Night,sales,2,2026-06-05T07:40:54.261158+00:00
BCO2338,Night,sales,2,2026-06-05T07:40:54.261158+00:00
BCS1604,Night,sales,3,2026-06-05T07:40:54.261158+00:00
BJC3423,Night,sales,1,2026-06-05T07:40:54.261158+00:00
BMF2337,Night,sales,0,2026-06-05T07:40:54.261158+00:00
BMR1662,Night,sales,0,2026-06-05T07:40:54.261158+00:00
BMS0925,Night,sales,3,2026-06-05T07:40:54.261158+00:00
BNB3370,Night,sales,2,2026-06-05T07:40:54.261158+00:00
BNL1652,Night,sales,0,2026-06-05T07:40:54.261158+00:00
BOV1609,Night,sales,1,2026-06-05T07:40:54.261158+00:00
BRR2899,Night,sales,0,2026-06-05T07:40:54.261158+00:00
BRW0963,Night,sales,1,2026-06-05T07:40:54.261158+00:00
BSS2956,Night,sales,1,2026-06-05T07:40:54.261158+00:00
BVB1673,Night,sales,2,2026-06-05T07:40:54.261158+00:00
BWM2339,Night,sales,0,2026-06-05T07:40:54.261158+00:00
BYF3784,Night,sales,0,2026-06-05T07:40:54.261158+00:00
CAG1644,Night,sales,2,2026-06-05T07:40:54.261158+00:00
CAR2900,Night,sales,2,2026-06-05T07:40:54.261158+00:00
CBC0952,Night,sales,1,2026-06-05T07:40:54.261158+00:00
CBG2875,Night,sales,1,2026-06-05T07:40:54.261158+00:00
CBH0413,Night,sales,0,2026-06-05T07:40:54.261158+00:00
CBJ3719,Night,sales,0,2026-06-05T07:40:54.261158+00:00
CBM0410,Night,sales,1,2026-06-05T07:40:54.261158+00:00
CBS0951,Night,sales,3,2026-06-05T07:40:54.261158+00:00
CDB2947,Night,sales,2,2026-06-05T07:40:54.261158+00:00
CDC3413,Night,sales,1,2026-06-05T07:40:54.261158+00:00
CDP2892,Night,sales,1,2026-06-05T07:40:54.261158+00:00
CEB3714,Night,sales,2,2026-06-05T07:40:54.261158+00:00
CET3786,Night,sales,1,2026-06-05T07:40:54.261158+00:00
CFP3418,Night,sales,0,2026-06-05T07:40:54.261158+00:00
CFS1611,Night,sales,0,2026-06-05T07:40:54.261158+00:00
CHH2272,Night,sales,0,2026-06-05T07:40:54.261158+00:00
CHL3430,Night,sales,2,2026-06-05T07:40:54.261158+00:00
CHS2323,Night,sales,3,2026-06-05T07:40:54.261158+00:00
CHW2893,Night,sales,2,2026-06-05T07:40:54.261158+00:00
CID3774,Night,sales,2,2026-06-05T07:40:54.261158+00:00
CIY1654,Night,sales,0,2026-06-05T07:40:54.261158+00:00
CJH0382,Night,sales,1,2026-06-05T07:40:54.261158+00:00
CJH2330,Night,sales,3,2026-06-05T07:40:54.261158+00:00
CJM2961,Night,sales,1,2026-06-05T07:40:54.261158+00:00
CJY2951,Night,sales,1,2026-06-05T07:40:54.261158+00:00
CMH2342,Night,sales,3,2026-06-05T07:40:54.261158+00:00
CMP2946,Night,sales,2,2026-06-05T07:40:54.261158+00:00
CMS2897,Night,sales,3,2026-06-05T07:40:54.261158+00:00
CQS2883,Night,sales,0,2026-06-05T07:40:54.261158+00:00
CRT2273,Night,sales,0,2026-06-05T07:40:54.261158+00:00
CSB1660,Night,sales,0,2026-06-05T07:40:54.261158+00:00
CSG1600,Night,sales,2,2026-06-05T07:40:54.261158+00:00
CSP3434,Night,sales,2,2026-06-05T07:40:54.261158+00:00
CTH0915,Night,sales,3,2026-06-05T07:40:54.261158+00:00
CTK0947,Night,sales,0,2026-06-05T07:40:54.261158+00:00
CUM2335,Night,sales,2,2026-06-05T07:40:54.261158+00:00
CXK3433,Night,sales,2,2026-06-05T07:40:54.261158+00:00
CZB3718,Night,sales,0,2026-06-05T07:40:54.261158+00:00
DAM2954,Night,sales,1,2026-06-05T07:40:54.261158+00:00
DAM3359,Night,sales,2,2026-06-05T07:40:54.261158+00:00
DAS3775,Night,sales,0,2026-06-05T07:40:54.261158+00:00
DBG3727,Night,sales,0,2026-06-05T07:40:54.261158+00:00
DBH1596,Night,sales,0,2026-06-05T07:40:54.261158+00:00
DDF2937,Night,sales,2,2026-06-05T07:40:54.261158+00:00
DDW3361,Night,sales,1,2026-06-05T07:40:54.261158+00:00
DEL0913,Night,sales,2,2026-06-05T07:40:54.261158+00:00
DGG3429,Night,sales,1,2026-06-05T07:40:54.261158+00:00
DGN3358,Night,sales,3,2026-06-05T07:40:54.261158+00:00
DHG0962,Night,sales,1,2026-06-05T07:40:54.261158+00:00
DJF2329,Night,sales,0,2026-06-05T07:40:54.261158+00:00
DKW1659,Night,sales,0,2026-06-05T07:40:54.261158+00:00
DLC2903,Night,sales,0,2026-06-05T07:40:54.261158+00:00
DPC3722,Night,sales,0,2026-06-05T07:40:54.261158+00:00
DPF3360,Night,sales,2,2026-06-05T07:40:54.261158+00:00
DSR3787,Night,sales,3,2026-06-05T07:40:54.261158+00:00
DTL2891,Night,sales,3,2026-06-05T07:40:54.261158+00:00
DWB3415,Night,sales,0,2026-06-05T07:40:54.261158+00:00
DWF2268,Night,sales,0,2026-06-05T07:40:54.261158+00:00
EAH1653,Night,sales,0,2026-06-05T07:40:54.261158+00:00
EAH2882,Night,sales,0,2026-06-05T07:40:54.261158+00:00
ECS3353,Night,sales,1,2026-06-05T07:40:54.261158+00:00
EEH0965,Night,sales,2,2026-06-05T07:40:54.261158+00:00
EGG3374,Night,sales,2,2026-06-05T07:40:54.261158+00:00
EJG1655,Night,sales,2,2026-06-05T07:40:54.261158+00:00
EJP2315,Night,sales,0,2026-06-05T07:40:54.261158+00:00
EKS3724,Night,sales,3,2026-06-05T07:40:54.261158+00:00
ENM2269,Night,sales,1,2026-06-05T07:40:54.261158+00:00
ESB2888,Night,sales,0,2026-06-05T07:40:54.261158+00:00
ETB0950,Night,sales,2,2026-06-05T07:40:54.261158+00:00
FBD2277,Night,sales,2,2026-06-05T07:40:54.261158+00:00
FBM3728,Night,sales,2,2026-06-05T07:40:54.261158+00:00
FCM3792,Night,sales,0,2026-06-05T07:40:54.261158+00:00
FFP2270,Night,sales,0,2026-06-05T07:40:54.261158+00:00
FMR0920,Night,sales,1,2026-06-05T07:40:54.261158+00:00
FRM3431,Night,sales,0,2026-06-05T07:40:54.261158+00:00
FTF1665,Night,sales,2,2026-06-05T07:40:54.261158+00:00
GAN1584,Night,sales,3,2026-06-05T07:40:54.261158+00:00
GBC0907,Night,sales,3,2026-06-05T07:40:54.261158+00:00
GDB2960,Night,sales,1,2026-06-05T07:40:54.261158+00:00
GGM3737,Night,sales,3,2026-06-05T07:40:54.261158+00:00
GIS1668,Night,sales,0,2026-06-05T07:40:54.261158+00:00
GIT2266,Night,sales,1,2026-06-05T07:40:54.261158+00:00
GJS3352,Night,sales,0,2026-06-05T07:40:54.261158+00:00
GKG3414,Night,sales,1,2026-06-05T07:40:54.261158+00:00
GMC0953,Night,sales,0,2026-06-05T07:40:54.261158+00:00
GRL2886,Night,sales,0,2026-06-05T07:40:54.261158+00:00
GRM3793,Night,sales,2,2026-06-05T07:40:54.261158+00:00
GSH1593,Night,sales,0,2026-06-05T07:40:54.261158+00:00
GTH3729,Night,sales,0,2026-06-05T07:40:54.261158+00:00
GWW3788,Night,sales,0,2026-06-05T07:40:54.261158+00:00
HAP3738,Night,sales,3,2026-06-05T07:40:54.261158+00:00
HCM2945,Night,sales,0,2026-06-05T07:40:54.261158+00:00
HDB1666,Night,sales,3,2026-06-05T07:40:54.261158+00:00
HGD1664,Night,sales,3,2026-06-05T07:40:54.261158+00:00
HHS3357,Night,sales,0,2026-06-05T07:40:54.261158+00:00
HJD3439,Night,sales,0,2026-06-05T07:40:54.261158+00:00
HJV1586,Night,sales,0,2026-06-05T07:40:54.261158+00:00
HKR2901,Night,sales,0,2026-06-05T07:40:54.261158+00:00
HMS3795,Night,sales,1,2026-06-05T07:40:54.261158+00:00
HMV2340,Night,sales,0,2026-06-05T07:40:54.261158+00:00
HYP1591,Night,sales,0,2026-06-05T07:40:54.261158+00:00
HYV1658,Night,sales,0,2026-06-05T07:40:54.261158+00:00
IBC0377,Night,sales,0,2026-06-05T07:40:54.261158+00:00
IDH2939,Night,sales,2,2026-06-05T07:40:54.261158+00:00
IFC0958,Night,sales,1,2026-06-05T07:40:54.261158+00:00
IGP2254,Night,sales,1,2026-06-05T07:40:54.261158+00:00
IIW1595,Night,sales,0,2026-06-05T07:40:54.261158+00:00
IJM3356,Night,sales,0,2026-06-05T07:40:54.261158+00:00
IKT0917,Night,sales,3,2026-06-05T07:40:54.261158+00:00
IMP0960,Night,sales,0,2026-06-05T07:40:54.261158+00:00
IPS0385,Night,sales,1,2026-06-05T07:40:54.261158+00:00
ISS0949,Night,sales,2,2026-06-05T07:40:54.261158+00:00
IUT3421,Night,sales,0,2026-06-05T07:40:54.261158+00:00
JCH2963,Night,sales,0,2026-06-05T07:40:54.261158+00:00
JCS0380,Night,sales,2,2026-06-05T07:40:54.261158+00:00
JDB0956,Night,sales,1,2026-06-05T07:40:54.261158+00:00
JDC3713,Night,sales,0,2026-06-05T07:40:54.261158+00:00
JEL2887,Night,sales,0,2026-06-05T07:40:54.261158+00:00
JFB0961,Night,sales,0,2026-06-05T07:40:54.261158+00:00
JGR2327,Night,sales,0,2026-06-05T07:40:54.261158+00:00
JJB1598,Night,sales,3,2026-06-05T07:40:54.261158+00:00
JJH2332,Night,sales,1,2026-06-05T07:40:54.261158+00:00
JJM3791,Night,sales,1,2026-06-05T07:40:54.261158+00:00
JLG2952,Night,sales,1,2026-06-05T07:40:54.261158+00:00
JMB1651,Night,sales,0,2026-06-05T07:40:54.261158+00:00
JMF3362,Night,sales,2,2026-06-05T07:40:54.261158+00:00
JMG3365,Night,sales,0,2026-06-05T07:40:54.261158+00:00
JMR3367,Night,sales,2,2026-06-05T07:40:54.261158+00:00
JNR2260,Night,sales,0,2026-06-05T07:40:54.261158+00:00
JRF3424,Night,sales,0,2026-06-05T07:40:54.261158+00:00
JRJ0919,Night,sales,0,2026-06-05T07:40:54.261158+00:00
JSB2942,Night,sales,2,2026-06-05T07:40:54.261158+00:00
JSG3377,Night,sales,2,2026-06-05T07:40:54.261158+00:00
JUH3378,Night,sales,2,2026-06-05T07:40:54.261158+00:00
JVZ3437,Night,sales,0,2026-06-05T07:40:54.261158+00:00
JZE2902,Night,sales,2,2026-06-05T07:40:54.261158+00:00
KAA2259,Night,sales,2,2026-06-05T07:40:54.261158+00:00
KBM3734,Night,sales,3,2026-06-05T07:40:54.261158+00:00
KBP0384,Night,sales,3,2026-06-05T07:40:54.261158+00:00
KBV1602,Night,sales,0,2026-06-05T07:40:54.261158+00:00
KDT3773,Night,sales,1,2026-06-05T07:40:54.261158+00:00
KEM2934,Night,sales,1,2026-06-05T07:40:54.261158+00:00
KFB2257,Night,sales,2,2026-06-05T07:40:54.261158+00:00
KIC2314,Night,sales,2,2026-06-05T07:40:54.261158+00:00
KIG1594,Night,sales,3,2026-06-05T07:40:54.261158+00:00
KKH2324,Night,sales,2,2026-06-05T07:40:54.261158+00:00
KKS3790,Night,sales,2,2026-06-05T07:40:54.261158+00:00
KLC3364,Night,sales,2,2026-06-05T07:40:54.261158+00:00
KLD2255,Night,sales,1,2026-06-05T07:40:54.261158+00:00
KMB3781,Night,sales,2,2026-06-05T07:40:54.261158+00:00
KMS0954,Night,sales,2,2026-06-05T07:40:54.261158+00:00
KNL0918,Night,sales,0,2026-06-05T07:40:54.261158+00:00
KNS3380,Night,sales,2,2026-06-05T07:40:54.261158+00:00
KOE0908,Night,sales,1,2026-06-05T07:40:54.261158+00:00
KPN3783,Night,sales,2,2026-06-05T07:40:54.261158+00:00
KPP2253,Night,sales,2,2026-06-05T07:40:54.261158+00:00
KRC2935,Night,sales,1,2026-06-05T07:40:54.261158+00:00
KSB1599,Night,sales,0,2026-06-05T07:40:54.261158+00:00
KSD1646,Night,sales,1,2026-06-05T07:40:54.261158+00:00
KST0924,Night,sales,0,2026-06-05T07:40:54.261158+00:00
KSV2881,Night,sales,2,2026-06-05T07:40:54.261158+00:00
KTL3785,Night,sales,0,2026-06-05T07:40:54.261158+00:00
KVA2944,Night,sales,0,2026-06-05T07:40:54.261158+00:00
LBG1670,Night,sales,1,2026-06-05T07:40:54.261158+00:00
LIW0379,Night,sales,2,2026-06-05T07:40:54.261158+00:00
LKB2322,Night,sales,2,2026-06-05T07:40:54.261158+00:00
LLG2958,Night,sales,1,2026-06-05T07:40:54.261158+00:00
LMM3366,Night,sales,1,2026-06-05T07:40:54.261158+00:00
LMW2320,Night,sales,2,2026-06-05T07:40:54.261158+00:00
LOC0416,Night,sales,0,2026-06-05T07:40:54.261158+00:00
LQC3780,Night,sales,2,2026-06-05T07:40:54.261158+00:00
LSM0408,Night,sales,2,2026-06-05T07:40:54.261158+00:00
LSN1672,Night,sales,0,2026-06-05T07:40:54.261158+00:00
LYB3419,Night,sales,0,2026-06-05T07:40:54.261158+00:00
MAC2962,Night,sales,2,2026-06-05T07:40:54.261158+00:00
MBH3427,Night,sales,1,2026-06-05T07:40:54.261158+00:00
MCH3354,Night,sales,3,2026-06-05T07:40:54.261158+00:00
MFD2890,Night,sales,2,2026-06-05T07:40:54.261158+00:00
MIC2325,Night,sales,1,2026-06-05T07:40:54.261158+00:00
MJS3720,Night,sales,2,2026-06-05T07:40:54.261158+00:00
MKN3375,Night,sales,1,2026-06-05T07:40:54.261158+00:00
MKR2258,Night,sales,0,2026-06-05T07:40:54.261158+00:00
MLF2319,Night,sales,0,2026-06-05T07:40:54.261158+00:00
MLV3376,Night,sales,1,2026-06-05T07:40:54.261158+00:00
MMH2878,Night,sales,2,2026-06-05T07:40:54.261158+00:00
MMJ3368,Night,sales,0,2026-06-05T07:40:54.261158+00:00
MNP0955,Night,sales,0,2026-06-05T07:40:54.261158+00:00
MNT0922,Night,sales,3,2026-06-05T07:40:54.261158+00:00
MNW2267,Night,sales,0,2026-06-05T07:40:54.261158+00:00
MQR1657,Night,sales,3,2026-06-05T07:40:54.261158+00:00
MRE3723,Night,sales,0,2026-06-05T07:40:54.261158+00:00
MRS0409,Night,sales,2,2026-06-05T07:40:54.261158+00:00
MXR3432,Night,sales,0,2026-06-05T07:40:54.261158+00:00
MYW0914,Night,sales,2,2026-06-05T07:40:54.261158+00:00
MZG2261,Night,sales,0,2026-06-05T07:40:54.261158+00:00
NBR3731,Night,sales,3,2026-06-05T07:40:54.261158+00:00
NCM3725,Night,sales,2,2026-06-05T07:40:54.261158+00:00
NCS3715,Night,sales,0,2026-06-05T07:40:54.261158+00:00
NDC0948,Night,sales,1,2026-06-05T07:40:54.261158+00:00
NDK3436,Night,sales,1,2026-06-05T07:40:54.261158+00:00
NEH3435,Night,sales,1,2026-06-05T07:40:54.261158+00:00
NGR2884,Night,sales,0,2026-06-05T07:40:54.261158+00:00
NGW2341,Night,sales,2,2026-06-05T07:40:54.261158+00:00
NHP0412,Night,sales,0,2026-06-05T07:40:54.261158+00:00
NPR1612,Night,sales,1,2026-06-05T07:40:54.261158+00:00
NRN2936,Night,sales,2,2026-06-05T07:40:54.261158+00:00
NVH3726,Night,sales,2,2026-06-05T07:40:54.261158+00:00
NWH2896,Night,sales,3,2026-06-05T07:40:54.261158+00:00
NWV0966,Night,sales,2,2026-06-05T07:40:54.261158+00:00
OEJ1648,Night,sales,3,2026-06-05T07:40:54.261158+00:00
OHD2274,Night,sales,1,2026-06-05T07:40:54.261158+00:00
OHG3736,Night,sales,2,2026-06-05T07:40:54.261158+00:00
OKH3777,Night,sales,0,2026-06-05T07:40:54.261158+00:00
OMP1671,Night,sales,2,2026-06-05T07:40:54.261158+00:00
ORB2880,Night,sales,2,2026-06-05T07:40:54.261158+00:00
PCB1603,Night,sales,0,2026-06-05T07:40:54.261158+00:00
PDJ3711,Night,sales,0,2026-06-05T07:40:54.261158+00:00
PGS3797,Night,sales,0,2026-06-05T07:40:54.261158+00:00
PLH0411,Night,sales,2,2026-06-05T07:40:54.261158+00:00
PMT2264,Night,sales,2,2026-06-05T07:40:54.261158+00:00
PPG2889,Night,sales,0,2026-06-05T07:40:54.261158+00:00
PSC1608,Night,sales,2,2026-06-05T07:40:54.261158+00:00
QIS2940,Night,sales,1,2026-06-05T07:40:54.261158+00:00
QNC3717,Night,sales,0,2026-06-05T07:40:54.261158+00:00
QRJ1597,Night,sales,0,2026-06-05T07:40:54.261158+00:00
RAF3369,Night,sales,2,2026-06-05T07:40:54.261158+00:00
RCH3740,Night,sales,2,2026-06-05T07:40:54.261158+00:00
RDB1645,Night,sales,0,2026-06-05T07:40:54.261158+00:00
RDC0378,Night,sales,0,2026-06-05T07:40:54.261158+00:00
RDW0957,Night,sales,1,2026-06-05T07:40:54.261158+00:00
REL3735,Night,sales,1,2026-06-05T07:40:54.261158+00:00
RFB2959,Night,sales,2,2026-06-05T07:40:54.261158+00:00
RHG1647,Night,sales,0,2026-06-05T07:40:54.261158+00:00
RIE2876,Night,sales,0,2026-06-05T07:40:54.261158+00:00
RJH3796,Night,sales,0,2026-06-05T07:40:54.261158+00:00
RJW2318,Night,sales,2,2026-06-05T07:40:54.261158+00:00
RKE1589,Night,sales,0,2026-06-05T07:40:54.261158+00:00
RKH2877,Night,sales,0,2026-06-05T07:40:54.261158+00:00
RKJ3379,Night,sales,1,2026-06-05T07:40:54.261158+00:00
RMB2275,Night,sales,0,2026-06-05T07:40:54.261158+00:00
RNC3417,Night,sales,0,2026-06-05T07:40:54.261158+00:00
ROH3778,Night,sales,1,2026-06-05T07:40:54.261158+00:00
RPH2326,Night,sales,0,2026-06-05T07:40:54.261158+00:00
RRM3789,Night,sales,0,2026-06-05T07:40:54.261158+00:00
RSA2941,Night,sales,2,2026-06-05T07:40:54.261158+00:00
RXN2265,Night,sales,1,2026-06-05T07:40:54.261158+00:00
SAM3782,Night,sales,2,2026-06-05T07:40:54.261158+00:00
SBS1606,Night,sales,2,2026-06-05T07:40:54.261158+00:00
SBT2281,Night,sales,2,2026-06-05T07:40:54.261158+00:00
SCD2333,Night,sales,0,2026-06-05T07:40:54.261158+00:00
SCH3716,Night,sales,0,2026-06-05T07:40:54.261158+00:00
SCJ2279,Night,sales,2,2026-06-05T07:40:54.261158+00:00
SFC2336,Night,sales,3,2026-06-05T07:40:54.261158+00:00
SHC1585,Night,sales,0,2026-06-05T07:40:54.261158+00:00
SIM3373,Night,sales,0,2026-06-05T07:40:54.261158+00:00
SJF3798,Night,sales,2,2026-06-05T07:40:54.261158+00:00
SJL3355,Night,sales,1,2026-06-05T07:40:54.261158+00:00
SJN1601,Night,sales,2,2026-06-05T07:40:54.261158+00:00
SJY3732,Night,sales,2,2026-06-05T07:40:54.261158+00:00
SLC1588,Night,sales,0,2026-06-05T07:40:54.261158+00:00
SMC2898,Night,sales,1,2026-06-05T07:40:54.261158+00:00
SPP2313,Night,sales,0,2026-06-05T07:40:54.261158+00:00
SQC2334,Night,sales,0,2026-06-05T07:40:54.261158+00:00
SRB2276,Night,sales,0,2026-06-05T07:40:54.261158+00:00
SSH1649,Night,sales,0,2026-06-05T07:40:54.261158+00:00
SSL2271,Night,sales,0,2026-06-05T07:40:54.261158+00:00
SST1661,Night,sales,2,2026-06-05T07:40:54.261158+00:00
SXR0964,Night,sales,2,2026-06-05T07:40:54.261158+00:00
SYF1650,Night,sales,0,2026-06-05T07:40:54.261158+00:00
TAC3425,Night,sales,1,2026-06-05T07:40:54.261158+00:00
TBC2256,Night,sales,0,2026-06-05T07:40:54.261158+00:00
TGH3351,Night,sales,1,2026-06-05T07:40:54.261158+00:00
THF2879,Night,sales,0,2026-06-05T07:40:54.261158+00:00
THR3371,Night,sales,2,2026-06-05T07:40:54.261158+00:00
TJT3412,Night,sales,0,2026-06-05T07:40:54.261158+00:00
TOS3712,Night,sales,2,2026-06-05T07:40:54.261158+00:00
TPF1663,Night,sales,2,2026-06-05T07:40:54.261158+00:00
TSD2948,Night,sales,3,2026-06-05T07:40:54.261158+00:00
TZG2263,Night,sales,0,2026-06-05T07:40:54.261158+00:00
UMF2894,Night,sales,2,2026-06-05T07:40:54.261158+00:00
UOM3363,Night,sales,2,2026-06-05T07:40:54.261158+00:00
URC2874,Night,sales,0,2026-06-05T07:40:54.261158+00:00
VHM2280,Night,sales,0,2026-06-05T07:40:54.261158+00:00
VKM2949,Night,sales,3,2026-06-05T07:40:54.261158+00:00
VNC1607,Night,sales,2,2026-06-05T07:40:54.261158+00:00
VND1667,Night,sales,0,2026-06-05T07:40:54.261158+00:00
VNG0916,Night,sales,3,2026-06-05T07:40:54.261158+00:00
WAF3438,Night,sales,1,2026-06-05T07:40:54.261158+00:00
WBB2321,Night,sales,0,2026-06-05T07:40:54.261158+00:00
WBS1592,Night,sales,0,2026-06-05T07:40:54.261158+00:00
WDH0910,Night,sales,2,2026-06-05T07:40:54.261158+00:00
WEC3721,Night,sales,2,2026-06-05T07:40:54.261158+00:00
WFN0926,Night,sales,1,2026-06-05T07:40:54.261158+00:00
WHH2938,Night,sales,1,2026-06-05T07:40:54.261158+00:00
WRW2331,Night,sales,3,2026-06-05T07:40:54.261158+00:00
WTG3411,Night,sales,0,2026-06-05T07:40:54.261158+00:00
WVM1669,Night,sales,2,2026-06-05T07:40:54.261158+00:00
XAL0414,Night,sales,0,2026-06-05T07:40:54.261158+00:00
XCG2316,Night,sales,0,2026-06-05T07:40:54.261158+00:00
XWM0415,Night,sales,1,2026-06-05T07:40:54.261158+00:00
YCA2885,Night,sales,2,2026-06-05T07:40:54.261158+00:00
YMB2953,Night,sales,2,2026-06-05T07:40:54.261158+00:00
ZBH3422,Night,sales,1,2026-06-05T07:40:54.261158+00:00
ZGP2957,Night,sales,1,2026-06-05T07:40:54.261158+00:00
ZNA0921,Night,sales,0,2026-06-05T07:40:54.261158+00:00
ZOO1613,Night,sales,2,2026-06-05T07:40:54.261158+00:00
AAH0721,Night,research,1,2026-06-05T07:40:54.261158+00:00
AAP0352,Night,research,1,2026-06-05T07:40:54.261158+00:00
AAS0144,Night,research,1,2026-06-05T07:40:54.261158+00:00
ABH2671,Night,research,1,2026-06-05T07:40:54.261158+00:00
ACB3123,Night,research,1,2026-06-05T07:40:54.261158+00:00
ACH1910,Night,research,1,2026-06-05T07:40:54.261158+00:00
AGL3519,Night,research,1,2026-06-05T07:40:54.261158+00:00
AHD2457,Night,research,1,2026-06-05T07:40:54.261158+00:00
AIC1071,Night,research,1,2026-06-05T07:40:54.261158+00:00
AJC0722,Night,research,1,2026-06-05T07:40:54.261158+00:00
AJH3517,Night,research,1,2026-06-05T07:40:54.261158+00:00
AJS3899,Night,research,1,2026-06-05T07:40:54.261158+00:00
ALD3508,Night,research,1,2026-06-05T07:40:54.261158+00:00
ALS2669,Night,research,1,2026-06-05T07:40:54.261158+00:00
ALT1354,Night,research,1,2026-06-05T07:40:54.261158+00:00
AMM3906,Night,research,1,2026-06-05T07:40:54.261158+00:00
ANH3059,Night,research,1,2026-06-05T07:40:54.261158+00:00
APA1788,Night,research,1,2026-06-05T07:40:54.261158+00:00
APS3553,Night,research,1,2026-06-05T07:40:54.261158+00:00
ARG3554,Night,research,1,2026-06-05T07:40:54.261158+00:00
ARK3198,Night,research,1,2026-06-05T07:40:54.261158+00:00
ARL2672,Night,research,1,2026-06-05T07:40:54.261158+00:00
ARS3506,Night,research,1,2026-06-05T07:40:54.261158+00:00
ASH0142,Night,research,1,2026-06-05T07:40:54.261158+00:00
ASK0599,Night,research,1,2026-06-05T07:40:54.261158+00:00
ATC0218,Night,research,1,2026-06-05T07:40:54.261158+00:00
ATH0720,Night,research,1,2026-06-05T07:40:54.261158+00:00
ATR2560,Night,research,1,2026-06-05T07:40:54.261158+00:00
AVH3584,Night,research,1,2026-06-05T07:40:54.261158+00:00
AYP3586,Night,research,1,2026-06-05T07:40:54.261158+00:00
BAA2451,Night,research,1,2026-06-05T07:40:54.261158+00:00
BAT3066,Night,research,1,2026-06-05T07:40:54.261158+00:00
BBH3587,Night,research,1,2026-06-05T07:40:54.261158+00:00
BBV3875,Night,research,1,2026-06-05T07:40:54.261158+00:00
BBW0594,Night,research,1,2026-06-05T07:40:54.261158+00:00
BCB2676,Night,research,1,2026-06-05T07:40:54.261158+00:00
BCZ1345,Night,research,1,2026-06-05T07:40:54.261158+00:00
BDH0472,Night,research,2,2026-06-05T07:40:54.261158+00:00
BDL1065,Night,research,1,2026-06-05T07:40:54.261158+00:00
BHD0598,Night,research,1,2026-06-05T07:40:54.261158+00:00
BHS1917,Night,research,2,2026-06-05T07:40:54.261158+00:00
BLL3585,Night,research,1,2026-06-05T07:40:54.261158+00:00
BMC3061,Night,research,1,2026-06-05T07:40:54.261158+00:00
BMH1069,Night,research,1,2026-06-05T07:40:54.261158+00:00
BNH3516,Night,research,1,2026-06-05T07:40:54.261158+00:00
BNR3128,Night,research,1,2026-06-05T07:40:54.261158+00:00
BRM0143,Night,research,1,2026-06-05T07:40:54.261158+00:00
BRW3552,Night,research,1,2026-06-05T07:40:54.261158+00:00
BSS3551,Night,research,1,2026-06-05T07:40:54.261158+00:00
BXT2678,Night,research,1,2026-06-05T07:40:54.261158+00:00
BZS1344,Night,research,1,2026-06-05T07:40:54.261158+00:00
CAB3121,Night,research,1,2026-06-05T07:40:54.261158+00:00
CBG1074,Night,research,1,2026-06-05T07:40:54.261158+00:00
CCW3901,Night,research,1,2026-06-05T07:40:54.261158+00:00
CEC1352,Night,research,1,2026-06-05T07:40:54.261158+00:00
CGM2036,Night,research,1,2026-06-05T07:40:54.261158+00:00
CGM3124,Night,research,1,2026-06-05T07:40:54.261158+00:00
CHA3190,Night,research,1,2026-06-05T07:40:54.261158+00:00
CHH3583,Night,research,1,2026-06-05T07:40:54.261158+00:00
CIG3191,Night,research,1,2026-06-05T07:40:54.261158+00:00
CJM3543,Night,research,1,2026-06-05T07:40:54.261158+00:00
CKB0596,Night,research,1,2026-06-05T07:40:54.261158+00:00
CMB2034,Night,research,1,2026-06-05T07:40:54.261158+00:00
CMM1068,Night,research,1,2026-06-05T07:40:54.261158+00:00
CRC0595,Night,research,1,2026-06-05T07:40:54.261158+00:00
CRJ3070,Night,research,1,2026-06-05T07:40:54.261158+00:00
CRP1915,Night,research,3,2026-06-05T07:40:54.261158+00:00
CSM1212,Night,research,1,2026-06-05T07:40:54.261158+00:00
CTP3877,Night,research,1,2026-06-05T07:40:54.261158+00:00
CTW2038,Night,research,1,2026-06-05T07:40:54.261158+00:00
CWA2554,Night,research,1,2026-06-05T07:40:54.261158+00:00
DAD1785,Night,research,1,2026-06-05T07:40:54.261158+00:00
DBC1073,Night,research,1,2026-06-05T07:40:54.261158+00:00
DBC3871,Night,research,1,2026-06-05T07:40:54.261158+00:00
DBF3582,Night,research,1,2026-06-05T07:40:54.261158+00:00
DBG0477,Night,research,1,2026-06-05T07:40:54.261158+00:00
DBT0141,Night,research,1,2026-06-05T07:40:54.261158+00:00
DGE3194,Night,research,1,2026-06-05T07:40:54.261158+00:00
DLG2673,Night,research,1,2026-06-05T07:40:54.261158+00:00
DNB3545,Night,research,1,2026-06-05T07:40:54.261158+00:00
DNM3903,Night,research,1,2026-06-05T07:40:54.261158+00:00
DRB1780,Night,research,1,2026-06-05T07:40:54.261158+00:00
DRW1207,Night,research,1,2026-06-05T07:40:54.261158+00:00
DSF2557,Night,research,1,2026-06-05T07:40:54.261158+00:00
DSN3186,Night,research,1,2026-06-05T07:40:54.261158+00:00
DTC2566,Night,research,1,2026-06-05T07:40:54.261158+00:00
DTW3549,Night,research,1,2026-06-05T07:40:54.261158+00:00
EAH3550,Night,research,1,2026-06-05T07:40:54.261158+00:00
EAL3873,Night,research,1,2026-06-05T07:40:54.261158+00:00
EBD2562,Night,research,1,2026-06-05T07:40:54.261158+00:00
EEC3193,Night,research,1,2026-06-05T07:40:54.261158+00:00
EHW2450,Night,research,1,2026-06-05T07:40:54.261158+00:00
EID1076,Night,research,1,2026-06-05T07:40:54.261158+00:00
EIH0064,Night,research,0,2026-06-05T07:40:54.261158+00:00
EJL1075,Night,research,1,2026-06-05T07:40:54.261158+00:00
EMM3195,Night,research,1,2026-06-05T07:40:54.261158+00:00
EMR3880,Night,research,1,2026-06-05T07:40:54.261158+00:00
EPC3889,Night,research,1,2026-06-05T07:40:54.261158+00:00
EPM3878,Night,research,1,2026-06-05T07:40:54.261158+00:00
ERG3905,Night,research,1,2026-06-05T07:40:54.261158+00:00
ERO2454,Night,research,1,2026-06-05T07:40:54.261158+00:00
EZB3892,Night,research,1,2026-06-05T07:40:54.261158+00:00
FBY1064,Night,research,1,2026-06-05T07:40:54.261158+00:00
FDD3893,Night,research,1,2026-06-05T07:40:54.261158+00:00
FPL3129,Night,research,1,2026-06-05T07:40:54.261158+00:00
GAB1206,Night,research,1,2026-06-05T07:40:54.261158+00:00
GAP0715,Night,research,1,2026-06-05T07:40:54.261158+00:00
GCL1782,Night,research,1,2026-06-05T07:40:54.261158+00:00
GDH3546,Night,research,1,2026-06-05T07:40:54.261158+00:00
GDR1066,Night,research,1,2026-06-05T07:40:54.261158+00:00
GLR3888,Night,research,1,2026-06-05T07:40:54.261158+00:00
GMC1209,Night,research,1,2026-06-05T07:40:54.261158+00:00
GMF1213,Night,research,1,2026-06-05T07:40:54.261158+00:00
GNT0221,Night,research,1,2026-06-05T07:40:54.261158+00:00
GNW3891,Night,research,1,2026-06-05T07:40:54.261158+00:00
GPL1911,Night,research,3,2026-06-05T07:40:54.261158+00:00
GTG1348,Night,research,1,2026-06-05T07:40:54.261158+00:00
GUC0473,Night,research,0,2026-06-05T07:40:54.261158+00:00
GVC1358,Night,research,1,2026-06-05T07:40:54.261158+00:00
HAG3196,Night,research,1,2026-06-05T07:40:54.261158+00:00
HAH3895,Night,research,1,2026-06-05T07:40:54.261158+00:00
HJB0220,Night,research,1,2026-06-05T07:40:54.261158+00:00
HJG3868,Night,research,1,2026-06-05T07:40:54.261158+00:00
HKT1778,Night,research,1,2026-06-05T07:40:54.261158+00:00
HMC0592,Night,research,1,2026-06-05T07:40:54.261158+00:00
HQF1912,Night,research,1,2026-06-05T07:40:54.261158+00:00
HRL2565,Night,research,1,2026-06-05T07:40:54.261158+00:00
HWC3907,Night,research,1,2026-06-05T07:40:54.261158+00:00
HZM3056,Night,research,1,2026-06-05T07:40:54.261158+00:00
IAC3581,Night,research,1,2026-06-05T07:40:54.261158+00:00
IBW1779,Night,research,1,2026-06-05T07:40:54.261158+00:00
IDC2568,Night,research,1,2026-06-05T07:40:54.261158+00:00
IDW1211,Night,research,1,2026-06-05T07:40:54.261158+00:00
IEG3509,Night,research,1,2026-06-05T07:40:54.261158+00:00
IGP1784,Night,research,1,2026-06-05T07:40:54.261158+00:00
IJC3881,Night,research,1,2026-06-05T07:40:54.261158+00:00
IKC1205,Night,research,1,2026-06-05T07:40:54.261158+00:00
INJ3876,Night,research,1,2026-06-05T07:40:54.261158+00:00
INS3200,Night,research,1,2026-06-05T07:40:54.261158+00:00
IRB2456,Night,research,1,2026-06-05T07:40:54.261158+00:00
IYM3865,Night,research,1,2026-06-05T07:40:54.261158+00:00
JAS1907,Night,research,3,2026-06-05T07:40:54.261158+00:00
JBC1916,Night,research,3,2026-06-05T07:40:54.261158+00:00
JBH2559,Night,research,1,2026-06-05T07:40:54.261158+00:00
JBL3189,Night,research,1,2026-06-05T07:40:54.261158+00:00
JCP3883,Night,research,1,2026-06-05T07:40:54.261158+00:00
JDB3127,Night,research,1,2026-06-05T07:40:54.261158+00:00
JEV3132,Night,research,1,2026-06-05T07:40:54.261158+00:00
JEW2035,Night,research,1,2026-06-05T07:40:54.261158+00:00
JFL2674,Night,research,1,2026-06-05T07:40:54.261158+00:00
JGM3588,Night,research,1,2026-06-05T07:40:54.261158+00:00
JHC3520,Night,research,1,2026-06-05T07:40:54.261158+00:00
JHF1356,Night,research,1,2026-06-05T07:40:54.261158+00:00
JHK3122,Night,research,1,2026-06-05T07:40:54.261158+00:00
JIB1218,Night,research,1,2026-06-05T07:40:54.261158+00:00
JJS3884,Night,research,1,2026-06-05T07:40:54.261158+00:00
JKS2444,Night,research,1,2026-06-05T07:40:54.261158+00:00
JLL1204,Night,research,1,2026-06-05T07:40:54.261158+00:00
JNW2037,Night,research,1,2026-06-05T07:40:54.261158+00:00
JSH1070,Night,research,1,2026-06-05T07:40:54.261158+00:00
JSN1905,Night,research,2,2026-06-05T07:40:54.261158+00:00
JTH0719,Night,research,1,2026-06-05T07:40:54.261158+00:00
JTJ0597,Night,research,1,2026-06-05T07:40:54.261158+00:00
JZM1351,Night,research,1,2026-06-05T07:40:54.261158+00:00
KAC2449,Night,research,1,2026-06-05T07:40:54.261158+00:00
KAL1210,Night,research,1,2026-06-05T07:40:54.261158+00:00
KAS2029,Night,research,1,2026-06-05T07:40:54.261158+00:00
KAW3589,Night,research,1,2026-06-05T07:40:54.261158+00:00
KCR0468,Night,research,3,2026-06-05T07:40:54.261158+00:00
KCW3064,Night,research,1,2026-06-05T07:40:54.261158+00:00
KEM1208,Night,research,1,2026-06-05T07:40:54.261158+00:00
KLG0439,Night,research,1,2026-06-05T07:40:54.261158+00:00
KLM0714,Night,research,1,2026-06-05T07:40:54.261158+00:00
KLM1357,Night,research,1,2026-06-05T07:40:54.261158+00:00
KLM2448,Night,research,1,2026-06-05T07:40:54.261158+00:00
KLP3864,Night,research,1,2026-06-05T07:40:54.261158+00:00
KMC2028,Night,research,1,2026-06-05T07:40:54.261158+00:00
KMD3062,Night,research,1,2026-06-05T07:40:54.261158+00:00
KMR0373,Night,research,1,2026-06-05T07:40:54.261158+00:00
KNH0316,Night,research,1,2026-06-05T07:40:54.261158+00:00
KPS3882,Night,research,1,2026-06-05T07:40:54.261158+00:00
KRM3125,Night,research,1,2026-06-05T07:40:54.261158+00:00
KTC0474,Night,research,2,2026-06-05T07:40:54.261158+00:00
KTW3547,Night,research,1,2026-06-05T07:40:54.261158+00:00
KVD2453,Night,research,1,2026-06-05T07:40:54.261158+00:00
LAE1350,Night,research,1,2026-06-05T07:40:54.261158+00:00
LCB2041,Night,research,1,2026-06-05T07:40:54.261158+00:00
LCF1216,Night,research,1,2026-06-05T07:40:54.261158+00:00
LCH1789,Night,research,1,2026-06-05T07:40:54.261158+00:00
LCW3879,Night,research,1,2026-06-05T07:40:54.261158+00:00
LEM1913,Night,research,2,2026-06-05T07:40:54.261158+00:00
LMB1077,Night,research,1,2026-06-05T07:40:54.261158+00:00
LMJ1783,Night,research,1,2026-06-05T07:40:54.261158+00:00
LQJ3060,Night,research,1,2026-06-05T07:40:54.261158+00:00
LRB0372,Night,research,1,2026-06-05T07:40:54.261158+00:00
LVH1790,Night,research,1,2026-06-05T07:40:54.261158+00:00
MAG2667,Night,research,1,2026-06-05T07:40:54.261158+00:00
MBF3126,Night,research,1,2026-06-05T07:40:54.261158+00:00
MBH0476,Night,research,0,2026-06-05T07:40:54.261158+00:00
MBS3902,Night,research,1,2026-06-05T07:40:54.261158+00:00
MCB0591,Night,research,1,2026-06-05T07:40:54.261158+00:00
MCF3187,Night,research,1,2026-06-05T07:40:54.261158+00:00
MCR3885,Night,research,1,2026-06-05T07:40:54.261158+00:00
MCS1078,Night,research,1,2026-06-05T07:40:54.261158+00:00
MCT1067,Night,research,1,2026-06-05T07:40:54.261158+00:00
MDM3580,Night,research,1,2026-06-05T07:40:54.261158+00:00
MEA3886,Night,research,1,2026-06-05T07:40:54.261158+00:00
MJB3866,Night,research,1,2026-06-05T07:40:54.261158+00:00
MJD0469,Night,research,2,2026-06-05T07:40:54.261158+00:00
MJW2032,Night,research,1,2026-06-05T07:40:54.261158+00:00
MLB1214,Night,research,1,2026-06-05T07:40:54.261158+00:00
MOB1914,Night,research,0,2026-06-05T07:40:54.261158+00:00
MQS3541,Night,research,1,2026-06-05T07:40:54.261158+00:00
MTP2675,Night,research,1,2026-06-05T07:40:54.261158+00:00
MVS1908,Night,research,0,2026-06-05T07:40:54.261158+00:00
NCS3577,Night,research,1,2026-06-05T07:40:54.261158+00:00
NEC2033,Night,research,1,2026-06-05T07:40:54.261158+00:00
NEC2446,Night,research,1,2026-06-05T07:40:54.261158+00:00
NGB0066,Night,research,3,2026-06-05T07:40:54.261158+00:00
NMP3872,Night,research,1,2026-06-05T07:40:54.261158+00:00
NMV2556,Night,research,1,2026-06-05T07:40:54.261158+00:00
NNJ1215,Night,research,1,2026-06-05T07:40:54.261158+00:00
NSW3199,Night,research,1,2026-06-05T07:40:54.261158+00:00
NYS2040,Night,research,1,2026-06-05T07:40:54.261158+00:00
OCD3513,Night,research,1,2026-06-05T07:40:54.261158+00:00
OLR2564,Night,research,1,2026-06-05T07:40:54.261158+00:00
OMB3507,Night,research,1,2026-06-05T07:40:54.261158+00:00
OQL3890,Night,research,1,2026-06-05T07:40:54.261158+00:00
OWC2563,Night,research,1,2026-06-05T07:40:54.261158+00:00
PEC0475,Night,research,0,2026-06-05T07:40:54.261158+00:00
PWG3063,Night,research,1,2026-06-05T07:40:54.261158+00:00
QBH3579,Night,research,1,2026-06-05T07:40:54.261158+00:00
QJA3887,Night,research,1,2026-06-05T07:40:54.261158+00:00
RBB3867,Night,research,1,2026-06-05T07:40:54.261158+00:00
RCH2447,Night,research,1,2026-06-05T07:40:54.261158+00:00
REC2555,Night,research,1,2026-06-05T07:40:54.261158+00:00
REJ2666,Night,research,1,2026-06-05T07:40:54.261158+00:00
RGB1346,Night,research,1,2026-06-05T07:40:54.261158+00:00
RJH0219,Night,research,1,2026-06-05T07:40:54.261158+00:00
RJO1791,Night,research,1,2026-06-05T07:40:54.261158+00:00
RKA2561,Night,research,1,2026-06-05T07:40:54.261158+00:00
RLR0365,Night,research,1,2026-06-05T07:40:54.261158+00:00
RMN1355,Night,research,1,2026-06-05T07:40:54.261158+00:00
RMP3510,Night,research,1,2026-06-05T07:40:54.261158+00:00
ROH1347,Night,research,1,2026-06-05T07:40:54.261158+00:00
ROS2030,Night,research,1,2026-06-05T07:40:54.261158+00:00
RPG0403,Night,research,1,2026-06-05T07:40:54.261158+00:00
RPW2445,Night,research,1,2026-06-05T07:40:54.261158+00:00
RQN2039,Night,research,1,2026-06-05T07:40:54.261158+00:00
RRH3057,Night,research,1,2026-06-05T07:40:54.261158+00:00
SAM2567,Night,research,1,2026-06-05T07:40:54.261158+00:00
SBK3515,Night,research,1,2026-06-05T07:40:54.261158+00:00
SCC0067,Night,research,3,2026-06-05T07:40:54.261158+00:00
SCD3192,Night,research,1,2026-06-05T07:40:54.261158+00:00
SCR2455,Night,research,1,2026-06-05T07:40:54.261158+00:00
SES2670,Night,research,1,2026-06-05T07:40:54.261158+00:00
SFE0723,Night,research,1,2026-06-05T07:40:54.261158+00:00
SHB3512,Night,research,1,2026-06-05T07:40:54.261158+00:00
SHT3548,Night,research,1,2026-06-05T07:40:54.261158+00:00
SIS3576,Night,research,1,2026-06-05T07:40:54.261158+00:00
SJC3900,Night,research,1,2026-06-05T07:40:54.261158+00:00
SJW3131,Night,research,1,2026-06-05T07:40:54.261158+00:00
SKM3058,Night,research,1,2026-06-05T07:40:54.261158+00:00
SMS2452,Night,research,1,2026-06-05T07:40:54.261158+00:00
SRH3590,Night,research,1,2026-06-05T07:40:54.261158+00:00
SSD3197,Night,research,1,2026-06-05T07:40:54.261158+00:00
SSM3894,Night,research,1,2026-06-05T07:40:54.261158+00:00
STC2042,Night,research,1,2026-06-05T07:40:54.261158+00:00
STN2458,Night,research,1,2026-06-05T07:40:54.261158+00:00
STR3896,Night,research,1,2026-06-05T07:40:54.261158+00:00
SUG0718,Night,research,1,2026-06-05T07:40:54.261158+00:00
SWE1349,Night,research,1,2026-06-05T07:40:54.261158+00:00
SXO3514,Night,research,1,2026-06-05T07:40:54.261158+00:00
TAM2031,Night,research,1,2026-06-05T07:40:54.261158+00:00
TAW2664,Night,research,1,2026-06-05T07:40:54.261158+00:00
TDM3135,Night,research,1,2026-06-05T07:40:54.261158+00:00
TDV3188,Night,research,1,2026-06-05T07:40:54.261158+00:00
TEF3555,Night,research,1,2026-06-05T07:40:54.261158+00:00
THM2665,Night,research,1,2026-06-05T07:40:54.261158+00:00
TJB3511,Night,research,1,2026-06-05T07:40:54.261158+00:00
TJS3067,Night,research,1,2026-06-05T07:40:54.261158+00:00
TLW2668,Night,research,1,2026-06-05T07:40:54.261158+00:00
TTB0471,Night,research,3,2026-06-05T07:40:54.261158+00:00
TWF1072,Night,research,1,2026-06-05T07:40:54.261158+00:00
TZM0716,Night,research,1,2026-06-05T07:40:54.261158+00:00
TZY3133,Night,research,1,2026-06-05T07:40:54.261158+00:00
USD0600,Night,research,1,2026-06-05T07:40:54.261158+00:00
VCV1353,Night,research,1,2026-06-05T07:40:54.261158+00:00
VDI1217,Night,research,1,2026-06-05T07:40:54.261158+00:00
VMJ3068,Night,research,1,2026-06-05T07:40:54.261158+00:00
WBA1786,Night,research,1,2026-06-05T07:40:54.261158+00:00
WBS3870,Night,research,1,2026-06-05T07:40:54.261158+00:00
WCM3134,Night,research,1,2026-06-05T07:40:54.261158+00:00
WDD2677,Night,research,1,2026-06-05T07:40:54.261158+00:00
WEB3897,Night,research,1,2026-06-05T07:40:54.261158+00:00
WJC0470,Night,research,0,2026-06-05T07:40:54.261158+00:00
WJH0717,Night,research,1,2026-06-05T07:40:54.261158+00:00
WJR3544,Night,research,1,2026-06-05T07:40:54.261158+00:00
WKH1787,Night,research,1,2026-06-05T07:40:54.261158+00:00
WMM3904,Night,research,1,2026-06-05T07:40:54.261158+00:00
XCL1792,Night,research,1,2026-06-05T07:40:54.261158+00:00
XJM3874,Night,research,1,2026-06-05T07:40:54.261158+00:00
YDE3069,Night,research,1,2026-06-05T07:40:54.261158+00:00
YDM3898,Night,research,1,2026-06-05T07:40:54.261158+00:00
YFP2558,Night,research,1,2026-06-05T07:40:54.261158+00:00
YHD0593,Night,research,1,2026-06-05T07:40:54.261158+00:00
YJD3130,Night,research,1,2026-06-05T07:40:54.261158+00:00
YKM3542,Night,research,1,2026-06-05T07:40:54.261158+00:00
YYD3518,Night,research,1,2026-06-05T07:40:54.261158+00:00
ZAF3065,Night,research,1,2026-06-05T07:40:54.261158+00:00
ZAR0404,Night,research,1,2026-06-05T07:40:54.261158+00:00
ZCE3578,Night,research,1,2026-06-05T07:40:54.261158+00:00
ZCM1781,Night,research,1,2026-06-05T07:40:54.261158+00:00
ZHT3869,Night,research,1,2026-06-05T07:40:54.261158+00:00
ZMB3863,Night,research,1,2026-06-05T07:40:54.261158+00:00
ACH0008,Night,management,0,2026-06-05T07:40:54.261158+00:00
ACJ0014,Night,management,0,2026-06-05T07:40:54.261158+00:00
ADG1737,Night,management,0,2026-06-05T07:40:54.261158+00:00
AGB0057,Night,management,0,2026-06-05T07:40:54.261158+00:00
AMJ2374,Night,management,0,2026-06-05T07:40:54.261158+00:00
ARB0208,Night,management,0,2026-06-05T07:40:54.261158+00:00
ARC1725,Night,management,0,2026-06-05T07:40:54.261158+00:00
ASD0993,Night,management,0,2026-06-05T07:40:54.261158+00:00
ASG0072,Night,management,0,2026-06-05T07:40:54.261158+00:00
ATD0146,Night,management,0,2026-06-05T07:40:54.261158+00:00
ATH0225,Night,management,0,2026-06-05T07:40:54.261158+00:00
BHE1709,Night,management,0,2026-06-05T07:40:54.261158+00:00
BHM0430,Night,management,0,2026-06-05T07:40:54.261158+00:00
BJS0053,Night,management,0,2026-06-05T07:40:54.261158+00:00
BMB0007,Night,management,0,2026-06-05T07:40:54.261158+00:00
BNS2384,Night,management,0,2026-06-05T07:40:54.261158+00:00
BVC0009,Night,management,0,2026-06-05T07:40:54.261158+00:00
BWJ0136,Night,management,1,2026-06-05T07:40:54.261158+00:00
CAR0992,Night,management,0,2026-06-05T07:40:54.261158+00:00
CBA1023,Night,management,0,2026-06-05T07:40:54.261158+00:00
CBM0060,Night,management,0,2026-06-05T07:40:54.261158+00:00
CCH1724,Night,management,0,2026-06-05T07:40:54.261158+00:00
CGM0035,Night,management,0,2026-06-05T07:40:54.261158+00:00
CIS3471,Night,management,0,2026-06-05T07:40:54.261158+00:00
CKB0169,Night,management,0,2026-06-05T07:40:54.261158+00:00
CMS0010,Night,management,0,2026-06-05T07:40:54.261158+00:00
CNF0212,Night,management,0,2026-06-05T07:40:54.261158+00:00
COW3840,Night,management,0,2026-06-05T07:40:54.261158+00:00
CRL3842,Night,management,0,2026-06-05T07:40:54.261158+00:00
CSG0135,Night,management,1,2026-06-05T07:40:54.261158+00:00
CUL3015,Night,management,0,2026-06-05T07:40:54.261158+00:00
DCB0401,Night,management,0,2026-06-05T07:40:54.261158+00:00
DER0400,Night,management,0,2026-06-05T07:40:54.261158+00:00
DJC0073,Night,management,0,2026-06-05T07:40:54.261158+00:00
DMH0011,Night,management,0,2026-06-05T07:40:54.261158+00:00
DTT1716,Night,management,0,2026-06-05T07:40:54.261158+00:00
DWC2994,Night,management,0,2026-06-05T07:40:54.261158+00:00
FDT0213,Night,management,0,2026-06-05T07:40:54.261158+00:00
FGN0375,Night,management,0,2026-06-05T07:40:54.261158+00:00
FMC1002,Night,management,0,2026-06-05T07:40:54.261158+00:00
FTS0246,Night,management,0,2026-06-05T07:40:54.261158+00:00
GIB0207,Night,management,0,2026-06-05T07:40:54.261158+00:00
GKL0006,Night,management,0,2026-06-05T07:40:54.261158+00:00
GLF0226,Night,management,0,2026-06-05T07:40:54.261158+00:00
GNH1735,Night,management,0,2026-06-05T07:40:54.261158+00:00
GWC0137,Night,management,2,2026-06-05T07:40:54.261158+00:00
HCS2401,Night,management,0,2026-06-05T07:40:54.261158+00:00
HIP0148,Night,management,0,2026-06-05T07:40:54.261158+00:00
HIS1706,Night,management,0,2026-06-05T07:40:54.261158+00:00
HJB0286,Night,management,0,2026-06-05T07:40:54.261158+00:00
HUM0431,Night,management,0,2026-06-05T07:40:54.261158+00:00
IIW0399,Night,management,0,2026-06-05T07:40:54.261158+00:00
IKH3472,Night,management,0,2026-06-05T07:40:54.261158+00:00
ISM0130,Night,management,0,2026-06-05T07:40:54.261158+00:00
IWG0058,Night,management,0,2026-06-05T07:40:54.261158+00:00
JAF0209,Night,management,0,2026-06-05T07:40:54.261158+00:00
JCC0059,Night,management,0,2026-06-05T07:40:54.261158+00:00
JCS2391,Night,management,0,2026-06-05T07:40:54.261158+00:00
JLA0030,Night,management,0,2026-06-05T07:40:54.261158+00:00
JMS0149,Night,management,0,2026-06-05T07:40:54.261158+00:00
JPJ0227,Night,management,0,2026-06-05T07:40:54.261158+00:00
JSB0320,Night,management,0,2026-06-05T07:40:54.261158+00:00
JSN0214,Night,management,0,2026-06-05T07:40:54.261158+00:00
KAM0005,Night,management,0,2026-06-05T07:40:54.261158+00:00
KEO0131,Night,management,0,2026-06-05T07:40:54.261158+00:00
KIC1000,Night,management,0,2026-06-05T07:40:54.261158+00:00
KSF0134,Night,management,1,2026-06-05T07:40:54.261158+00:00
KSW0206,Night,management,0,2026-06-05T07:40:54.261158+00:00
LKS1010,Night,management,0,2026-06-05T07:40:54.261158+00:00
LMH3831,Night,management,0,2026-06-05T07:40:54.261158+00:00
LOP1708,Night,management,0,2026-06-05T07:40:54.261158+00:00
LRS2996,Night,management,0,2026-06-05T07:40:54.261158+00:00
LSL0001,Night,management,0,2026-06-05T07:40:54.261158+00:00
MCM2375,Night,management,0,2026-06-05T07:40:54.261158+00:00
MDH0211,Night,management,0,2026-06-05T07:40:54.261158+00:00
MDS0285,Night,management,0,2026-06-05T07:40:54.261158+00:00
MFL0355,Night,management,0,2026-06-05T07:40:54.261158+00:00
MHH0034,Night,management,0,2026-06-05T07:40:54.261158+00:00
MNC3485,Night,management,0,2026-06-05T07:40:54.261158+00:00
MRS0368,Night,management,0,2026-06-05T07:40:54.261158+00:00
NHH1704,Night,management,0,2026-06-05T07:40:54.261158+00:00
NIM0052,Night,management,0,2026-06-05T07:40:54.261158+00:00
NPK0369,Night,management,0,2026-06-05T07:40:54.261158+00:00
OAS0991,Night,management,0,2026-06-05T07:40:54.261158+00:00
OAW3013,Night,management,0,2026-06-05T07:40:54.261158+00:00
OEN0432,Night,management,0,2026-06-05T07:40:54.261158+00:00
OGD0015,Night,management,0,2026-06-05T07:40:54.261158+00:00
OIP0988,Night,management,0,2026-06-05T07:40:54.261158+00:00
PMG0284,Night,management,0,2026-06-05T07:40:54.261158+00:00
PNL0018,Night,management,0,2026-06-05T07:40:54.261158+00:00
PRH1717,Night,management,0,2026-06-05T07:40:54.261158+00:00
RAS0223,Night,management,0,2026-06-05T07:40:54.261158+00:00
RAS0356,Night,management,0,2026-06-05T07:40:54.261158+00:00
RCF0054,Night,management,0,2026-06-05T07:40:54.261158+00:00
REC0283,Night,management,0,2026-06-05T07:40:54.261158+00:00
ROR3483,Night,management,0,2026-06-05T07:40:54.261158+00:00
RWN1705,Night,management,0,2026-06-05T07:40:54.261158+00:00
SDW0370,Night,management,0,2026-06-05T07:40:54.261158+00:00
SFL0092,Night,management,0,2026-06-05T07:40:54.261158+00:00
SGC1001,Night,management,0,2026-06-05T07:40:54.261158+00:00
SLC0017,Night,management,0,2026-06-05T07:40:54.261158+00:00
SRS0129,Night,management,2,2026-06-05T07:40:54.261158+00:00
SZB0321,Night,management,0,2026-06-05T07:40:54.261158+00:00
TCG0016,Night,management,0,2026-06-05T07:40:54.261158+00:00
TCM2403,Night,management,0,2026-06-05T07:40:54.261158+00:00
TDH0989,Night,management,0,2026-06-05T07:40:54.261158+00:00
THB0987,Night,management,0,2026-06-05T07:40:54.261158+00:00
THM1021,Night,management,0,2026-06-05T07:40:54.261158+00:00
TLK0003,Night,management,0,2026-06-05T07:40:54.261158+00:00
TNR0319,Night,management,0,2026-06-05T07:40:54.261158+00:00
UCG0322,Night,management,0,2026-06-05T07:40:54.261158+00:00
UCW2995,Night,management,0,2026-06-05T07:40:54.261158+00:00
UMB0055,Night,management,3,2026-06-05T07:40:54.261158+00:00
VSF0004,Night,management,0,2026-06-05T07:40:54.261158+00:00
WAM0069,Night,management,0,2026-06-05T07:40:54.261158+00:00
WKG0150,Night,management,1,2026-06-05T07:40:54.261158+00:00
WLG0406,Night,management,0,2026-06-05T07:40:54.261158+00:00
XAR1011,Night,management,0,2026-06-05T07:40:54.261158+00:00
XBH0357,Night,management,0,2026-06-05T07:40:54.261158+00:00
XHR2377,Night,management,0,2026-06-05T07:40:54.261158+00:00
YBJ0071,Night,management,0,2026-06-05T07:40:54.261158+00:00
YKW3832,Night,management,0,2026-06-05T07:40:54.261158+00:00
ZBW0132,Night,management,0,2026-06-05T07:40:54.261158+00:00
ZCS0012,Night,management,0,2026-06-05T07:40:54.261158+00:00
ZCT1009,Night,management,0,2026-06-05T07:40:54.261158+00:00
ZJA2373,Night,management,0,2026-06-05T07:40:54.261158+00:00
BDP0031,Night,healthcare,3,2026-06-05T07:40:54.261158+00:00
BGW1739,Night,healthcare,1,2026-06-05T07:40:54.261158+00:00
CBB3018,Night,healthcare,3,2026-06-05T07:40:54.261158+00:00
CCG1025,Night,healthcare,0,2026-06-05T07:40:54.261158+00:00
CCH3489,Night,healthcare,1,2026-06-05T07:40:54.261158+00:00
CLR2407,Night,healthcare,1,2026-06-05T07:40:54.261158+00:00
CNW2408,Night,healthcare,1,2026-06-05T07:40:54.261158+00:00
CTH3020,Night,healthcare,3,2026-06-05T07:40:54.261158+00:00
CWH3487,Night,healthcare,1,2026-06-05T07:40:54.261158+00:00
DBB3846,Night,healthcare,1,2026-06-05T07:40:54.261158+00:00
DCW2405,Night,healthcare,0,2026-06-05T07:40:54.261158+00:00
DRS0032,Night,healthcare,3,2026-06-05T07:40:54.261158+00:00
FGK1026,Night,healthcare,1,2026-06-05T07:40:54.261158+00:00
JCL0446,Night,healthcare,2,2026-06-05T07:40:54.261158+00:00
JDH1027,Night,healthcare,1,2026-06-05T07:40:54.261158+00:00
JGR3488,Night,healthcare,1,2026-06-05T07:40:54.261158+00:00
JLM3847,Night,healthcare,1,2026-06-05T07:40:54.261158+00:00
JSH3019,Night,healthcare,3,2026-06-05T07:40:54.261158+00:00
KDN1740,Night,healthcare,1,2026-06-05T07:40:54.261158+00:00
KRH1028,Night,healthcare,0,2026-06-05T07:40:54.261158+00:00
LRT0447,Night,healthcare,3,2026-06-05T07:40:54.261158+00:00
MSP3845,Night,healthcare,3,2026-06-05T07:40:54.261158+00:00
NBF3844,Night,healthcare,1,2026-06-05T07:40:54.261158+00:00
NSC1741,Night,healthcare,1,2026-06-05T07:40:54.261158+00:00
RLK3490,Night,healthcare,0,2026-06-05T07:40:54.261158+00:00
SSO2406,Night,healthcare,1,2026-06-05T07:40:54.261158+00:00
SVA1742,Night,healthcare,1,2026-06-05T07:40:54.261158+00:00
UMM3017,Night,healthcare,3,2026-06-05T07:40:54.261158+00:00
